tag,uses,category,confidence
ritzcarltontokyo,453,Property identity,high
ザキャピトルホテル東急,444,Property identity,high
thecapitolhoteltokyu,429,Property identity,high
リッツカールトン東京,415,Property identity,high
amantokyo,412,Property identity,high
アマン東京,401,Property identity,high
rcmemories,349,Brand philosophy,high
luxurytokyo,236,Discovery stack,high
luxuryjapan,210,Discovery stack,high
parkhyatttokyo,209,Property identity,high
赤坂,207,Location,high
溜池山王,199,Location,high
visitjapan,195,Discovery stack,high
パークハイアット東京,191,Property identity,high
ritzcarlton,176,Property identity,high
luxuryispersonal,163,Brand philosophy,high
parkhyatt,160,Property identity,high
janutokyo,149,Property identity,high
ラグジュアリーホテル,142,Discovery stack,high
capitolhotel,139,Property identity,high
welcometojanu,136,Brand philosophy,high
japan,131,Location,high
luxurycapitolhotel,130,Property identity,medium
東京ホテル,116,Discovery stack,high
amanresorts,112,Group and loyalty,high
amanfoodie,103,Unclassifiable,low
rctokyo,101,Property identity,high
thepreferredlife,92,Group and loyalty,high
アフタヌーンティー,89,Occasion and service,high
tokyohotel,78,Discovery stack,high
amanwellness,71,Occasion and service,high
capitoltokyuhotel,68,Property identity,medium
アマンスパ,61,Named outlet and talent,high
tokyofoodie,59,Discovery stack,high
ホテルディナー,56,Occasion and service,high
東京ミッドタウン,53,Location,high
omotenashi,51,Japanese cultural register,high
afternoontea,48,Occasion and service,high
ホテルスイーツ,48,Occasion and service,high
tokyo,47,Location,high
東京グルメ,46,Discovery stack,high
ザラウンジbyアマン,45,Named outlet and talent,high
ホテルレストラン,44,Occasion and service,high
アルヴァ,43,Named outlet and talent,low
keikobayashi,43,Named outlet and talent,high
パークハイアット,41,Property identity,high
theloungebyaman,40,Named outlet and talent,high
heritagebykeikobayashi,39,Named outlet and talent,high
ホテルランチ,38,Occasion and service,high
ザカフェbyアマン,37,Named outlet and talent,high
believeintravel,35,Brand philosophy,high
tokyoluxury,34,Discovery stack,high
hyatt,33,Group and loyalty,high
ipreferrewards,33,Group and loyalty,high
thespiritofaman,32,Brand philosophy,high
クリスマス,32,Season and limited time,high
フレンチダイニング,32,Occasion and service,low
capitolmoments,31,Brand philosophy,high
amanessentials,29,Brand philosophy,high
小林圭,28,Named outlet and talent,high
amanspa,26,Named outlet and talent,high
桜,26,Season and limited time,high
ホテルステイ,26,Occasion and service,high
thecafebyaman,25,Named outlet and talent,high
草月,25,Japanese cultural register,high
ikebana,25,Japanese cultural register,high
ラパティスリーbyアマン東京,24,Named outlet and talent,high
生け花,24,Japanese cultural register,high
amandesign,23,Named outlet and talent,medium
arva,21,Named outlet and talent,high
期間限定,21,Season and limited time,high
クラブラウンジ,21,Occasion and service,high
ヌン活,21,Occasion and service,high
worldofhyatt,20,Group and loyalty,high
japanesecuisine,19,Japanese cultural register,high
arvabyaman,19,Named outlet and talent,high
sakura,19,Season and limited time,high
luxuryhotel,19,Discovery stack,high
sogetsu,19,Japanese cultural register,medium
リッツキッズ,19,Named outlet and talent,high
日本料理,19,Japanese cultural register,high
春,19,Season and limited time,high
東京観光,19,Discovery stack,high
pht30周年,18,Season and limited time,high
tokyoluxuaryhotel,18,Discovery stack,medium
東京ラグジュアリー,18,Discovery stack,medium
luxuryhoteltokyo,18,Discovery stack,high
パークハイアット東京,18,Property identity,high
clublounge,17,Occasion and service,high
ウェルネス,17,Occasion and service,high
アマンエッセンシャルズ,17,Group and loyalty,high
スパ,17,Occasion and service,high
おもてなし,17,Japanese cultural register,high
capitolhoteltokyu,17,Property identity,high
クリスマスケーキ,16,Season and limited time,high
秋,16,Season and limited time,high
東京ラグジュアリーホテル,16,Discovery stack,medium
luxurystay,16,Discovery stack,high
ジャヌへようこそ,16,Brand philosophy,medium
魂を呼び覚ます,16,Brand philosophy,high
梢,15,Japanese cultural register,low
日枝神社,15,Japanese cultural register,high
ホテルバー,15,Occasion and service,high
capitolmoments.,15,Brand philosophy,medium
capitolhoteltokyo,15,Property identity,high
newyorkgrill,15,Named outlet and talent,high
東京スイーツ,15,Discovery stack,medium
tokyocafe,15,Discovery stack,medium
スイートルーム,14,Occasion and service,high
kozue,14,Named outlet and talent,high
ガーデンラウンジ,14,Named outlet and talent,high
エリタージュバイケイコバヤシ,14,Named outlet and talent,high
pht30thanniversary,13,Season and limited time,high
ホテルスパ,13,Occasion and service,high
キャピトルホテル東急,13,Property identity,high
tokyostay,13,Discovery stack,medium
theritzcarltontokyo,13,Property identity,high
リッツカールトン,13,Property identity,high
中国料理,13,Japanese cultural register,high
パフェ,13,Occasion and service,high
ラグジュアリーステイ,13,Discovery stack,high
flowerstagram,13,Unclassifiable,low
bartendertakeover,12,Occasion and service,medium
newyorkbar,12,Named outlet and talent,high
ロビー装花,12,Japanese cultural register,high
美食体験,12,Occasion and service,medium
rekindlethesoul,12,Brand philosophy,high
プール,12,Occasion and service,medium
大手町の森,12,Location,high
5つ星ホテル,12,Discovery stack,medium
和モダン,12,Japanese cultural register,medium
結婚式,12,Occasion and service,high
ニューヨークグリル,12,Named outlet and talent,high
ピークラウンジ,12,Named outlet and talent,high
finediningtokyo,12,Discovery stack,high
東京カフェ,12,Discovery stack,high
プレ花嫁,12,Occasion and service,medium
discovertokyo,12,Discovery stack,high
japanesefoodie,12,Discovery stack,medium
tokyogourmet,12,Discovery stack,high
ホテル朝食,11,Occasion and service,high
クリスマスディナー,11,Season and limited time,high
夏,11,Season and limited time,medium
roppongi,11,Location,high
peaklounge,11,Named outlet and talent,high
reopening,11,Season and limited time,medium
dinner,11,Occasion and service,medium
武蔵byアマン,11,Named outlet and talent,high
tokyobar,11,Discovery stack,medium
新年,11,Season and limited time,medium
wedding,11,Occasion and service,high
tokyosummer,11,Season and limited time,medium
foodporn,11,Unclassifiable,low
washoku,11,Japanese cultural register,high
tokyuhoteltokyo,11,Property identity,high
penmoments,10,Brand philosophy,medium
ホテルアフタヌーンティー,10,Occasion and service,high
amanadventures,10,Group and loyalty,medium
lapatisseriebyamantokyo,10,Named outlet and talent,high
thepeninsulatokyo,10,Property identity,high
ジェニュインウエディング,10,Occasion and service,medium
christmas,10,Season and limited time,high
ルームサービス,10,Occasion and service,high
ホテルラウンジ,10,Occasion and service,high
origami,10,Japanese cultural register,medium
clubonthepark,10,Named outlet and talent,high
girandolebyalainducasse,10,Named outlet and talent,high
日本料理ひのきざか,10,Named outlet and talent,high
ホテルウェディング,10,Occasion and service,high
水簾,10,Named outlet and talent,medium
hotelstay,10,Occasion and service,high
シーズナルジャーニー,10,Season and limited time,medium
国内旅行,10,Discovery stack,medium
ジランドールbyアランデュカス,10,Named outlet and talent,high
genuinewedding,10,Occasion and service,medium
リニューアルオープン,10,Season and limited time,medium
ガストロノミー,10,Japanese cultural register,medium
フレンチグルメ,10,Discovery stack,medium
リッツ婚,10,Occasion and service,medium
tokyoskyline,10,Location,high
foodstagram,10,Discovery stack,medium
カクテル,9,Occasion and service,high
かき氷,9,Occasion and service,high
ペニンシュラ東京,9,Property identity,high
cherryblossom,9,Season and limited time,high
キャピトルホテル,9,Property identity,high
staycation,9,Discovery stack,medium
ラグジュアリー,9,Discovery stack,medium
luxurytravel,9,Discovery stack,high
星ヶ岡,9,Location,high
tokyochristmas,9,Season and limited time,high
girandole,9,Named outlet and talent,high
spa,9,Occasion and service,high
ホテル,9,Discovery stack,medium
ホテルスィーツ,9,Occasion and service,high
tokyoluxuryhotel,9,Discovery stack,high
東京ディナー,9,Occasion and service,high
クラブオンザパーク,9,Named outlet and talent,high
ニューヨークバー,9,Named outlet and talent,high
japanesehospitality,9,Japanese cultural register,high
foodphotography,9,Discovery stack,medium
ritzkids,8,Group and loyalty,high
苺,8,Japanese cultural register,high
musashibyaman,8,Named outlet and talent,high
lapâtisseriebyamantokyo,8,Named outlet and talent,high
gardenlounge,8,Named outlet and talent,high
クリスマスツリー,8,Season and limited time,high
和食,8,Japanese cultural register,high
朝食,8,Occasion and service,high
fivestarhoteltokyo,8,Discovery stack,medium
hotelbar,8,Occasion and service,high
japantravel,8,Discovery stack,high
suiteroom,8,Occasion and service,high
sunset,8,Unclassifiable,low
ホカンス,8,Discovery stack,medium
家族旅行,8,Discovery stack,medium
azure45,8,Named outlet and talent,high
日本のおもてなし,8,Japanese cultural register,high
スイーツ,8,Occasion and service,high
ジランドール,8,Named outlet and talent,high
sushi,8,Japanese cultural register,high
sdgs,8,Unclassifiable,low
トリートメント,8,Occasion and service,high
kaiseki,8,Japanese cultural register,high
japaneseart,8,Japanese cultural register,high
秋の味覚,8,Season and limited time,high
フラワーアレンジメント,8,Japanese cultural register,high
ラグジュアリースパ,8,Occasion and service,high
週末旅行,8,Discovery stack,medium
flowerarrangement,8,Japanese cultural register,high
héritagebykeikobayashi,7,Named outlet and talent,high
草月流,7,Japanese cultural register,high
ハロウィン,7,Season and limited time,high
hotelspa,7,Occasion and service,high
autumn,7,Season and limited time,high
シャインマスカット,7,Japanese cultural register,high
pool,7,Occasion and service,high
spring,7,Season and limited time,high
otemachiforest,7,Location,high
いけばな,7,Japanese cultural register,high
バレンタインデー,7,Season and limited time,high
アフタヌーンティー巡り,7,Occasion and service,high
luxurydining,7,Discovery stack,high
ホテルロビー,7,Location,high
アート,7,Japanese cultural register,medium
ウェディングフェア,7,Occasion and service,high
ホテルインテリア,7,Named outlet and talent,medium
tokyoexperience,7,Discovery stack,high
chinesecuisine,7,Japanese cultural register,medium
teatime,7,Occasion and service,high
お花見,7,Japanese cultural register,high
ホテルグルメ,7,Discovery stack,high
大人の東京旅,7,Discovery stack,medium
お正月,7,Season and limited time,high
パティシエ,7,Named outlet and talent,medium
sweets,7,Occasion and service,medium
hoteldesign,7,Named outlet and talent,medium
週末旅,7,Discovery stack,medium
スイーツ巡り,7,Occasion and service,high
japanesegastronomy,7,Japanese cultural register,high
父の日,6,Season and limited time,high
国際女性デー,6,Season and limited time,high
中国料理星ヶ岡,6,Named outlet and talent,high
ホワイトデー,6,Season and limited time,high
冷麺,6,Japanese cultural register,medium
strawberry,6,Japanese cultural register,medium
鉄板焼,6,Japanese cultural register,medium
christmascake,6,Season and limited time,high
hotelart,6,Named outlet and talent,medium
ホテルライフ,6,Discovery stack,medium
japaneseculture,6,Japanese cultural register,high
ホテルアート,6,Named outlet and talent,medium
夜景,6,Japanese cultural register,medium
ロビーラウンジ,6,Named outlet and talent,high
旬の食材,6,Japanese cultural register,medium
芸術,6,Japanese cultural register,medium
ケーキ,6,Occasion and service,medium
wellness,6,Occasion and service,medium
lobbylounge,6,Named outlet and talent,high
ステイケーション,6,Occasion and service,medium
fivestarhotel,6,Discovery stack,high
espa,6,Named outlet and talent,high
restaurantkei,6,Named outlet and talent,high
preferredrewards,6,Group and loyalty,high
tokyogastronomy,6,Discovery stack,high
instafood,6,Discovery stack,high
flower,6,Japanese cultural register,medium
japaneseflowerarrangement,6,Japanese cultural register,high
赤坂グルメ,6,Discovery stack,high
hieshrine,6,Japanese cultural register,high
hightea,6,Occasion and service,high
dinnertime,6,Occasion and service,high
afternoonteatime,6,Occasion and service,high
tokyuhoteljapan,6,Location,high
sweetstreats,6,Occasion and service,medium
timefortea,6,Occasion and service,high
山王祭,5,Season and limited time,high
delicatessen,5,Named outlet and talent,medium
festivepenmoments,5,Unclassifiable,low
バレンタイン,5,Season and limited time,high
ジャヌ東京1周年,5,Season and limited time,high
seasonaljourney,5,Season and limited time,medium
日本料理水簾,5,Named outlet and talent,high
日本文化,5,Japanese cultural register,medium
キャピトルアフタヌーンティー,5,Named outlet and talent,high
cocktail,5,Occasion and service,medium
japaneseroom,5,Japanese cultural register,medium
ランチ,5,Occasion and service,high
thepeaklounge,5,Named outlet and talent,high
penfestive,5,Season and limited time,low
ジャヌ東京foodxart,5,Property identity,high
forbestravelguide,5,Group and loyalty,medium
ブティック,5,Occasion and service,medium
kakigori,5,Occasion and service,medium
ホテルプール,5,Occasion and service,medium
christmasintokyo,5,Season and limited time,high
roomservice,5,Occasion and service,high
breakfast,5,Occasion and service,high
summer,5,Season and limited time,medium
花,5,Japanese cultural register,medium
季節限定,5,Season and limited time,high
メロン,5,Unclassifiable,low
ホテル巡り,5,Discovery stack,medium
リッツカールトンスパ東京,5,Named outlet and talent,high
bestviewintokyo,5,Discovery stack,medium
bastiengonzalez,5,Named outlet and talent,high
luxuryspa,5,Discovery stack,medium
ジャヌ東京,5,Property identity,high
sogetsuikebana,5,Japanese cultural register,high
springintokyo,5,Season and limited time,medium
ホテル中華,5,Occasion and service,medium
東京夜景,5,Location,high
visittokyo,5,Discovery stack,high
viewfromhotel,5,Discovery stack,medium
アマン東京ブティック,5,Named outlet and talent,high
ストロベリー,5,Unclassifiable,low
花のある暮らし,5,Japanese cultural register,medium
あけましておめでとうございます,5,Season and limited time,medium
記念日,5,Season and limited time,medium
リバークルーズ,5,Occasion and service,medium
いちごマニア,5,Unclassifiable,low
バーテンダーテイクオーバー,5,Occasion and service,medium
ギフト,5,Unclassifiable,low
いちごソムリエ,5,Named outlet and talent,medium
グルメ,5,Discovery stack,medium
アフタヌーンティ,5,Occasion and service,high
familystaycation,5,Discovery stack,medium
スイーツ部,5,Occasion and service,medium
癒し,5,Unclassifiable,low
堤耕次郎,5,Named outlet and talent,high
luxuryhotelsworld,5,Discovery stack,medium
tokyodelights,5,Discovery stack,medium
capitolhotelluxury,5,Property identity,high
luxurytraveller,5,Discovery stack,medium
gourmetexperience,5,Discovery stack,medium
christmasinjapan,5,Season and limited time,high
parkhyatttokyo.,4,Property identity,high
teppanyaki,4,Occasion and service,medium
母の日,4,Season and limited time,medium
christmascakes,4,Season and limited time,high
芸術の秋,4,Season and limited time,high
フットケア,4,Occasion and service,high
デリカテッセン,4,Named outlet and talent,low
ザキャピトルホテル東急,4,Property identity,high
栗,4,Japanese cultural register,medium
cherryblossomparadise,4,Japanese cultural register,medium
ラウンジorigami,4,Named outlet and talent,high
オールデイダイニングorigami,4,Named outlet and talent,high
クリスマス2025,4,Season and limited time,high
寿司,4,Japanese cultural register,high
懐石,4,Japanese cultural register,high
パワースポット,4,Japanese cultural register,medium
チョコレート,4,Japanese cultural register,medium
summerstay,4,Season and limited time,medium
ninametayer,4,Unclassifiable,low
pastryboutique,4,Named outlet and talent,low
sweettreats,4,Discovery stack,medium
sustainability,4,Brand philosophy,medium
キャピトルバー,4,Named outlet and talent,high
akasaka,4,Location,high
ホテルパフェ,4,Occasion and service,high
boutique,4,Discovery stack,medium
sumo,4,Japanese cultural register,medium
festive,4,Season and limited time,medium
パノラマビュー,4,Occasion and service,medium
イチゴ,4,Japanese cultural register,medium
サステナブル,4,Brand philosophy,medium
バレンタインチョコ,4,Season and limited time,high
桜カクテル,4,Occasion and service,medium
クッキー缶,4,Japanese cultural register,medium
花見,4,Japanese cultural register,high
中華,4,Japanese cultural register,medium
thecapitolhoteltokyo,4,Property identity,high
アマンジャーニー,4,Brand philosophy,medium
parfait,4,Occasion and service,medium
フランス料理,4,Japanese cultural register,medium
クリスマスプレゼント,4,Season and limited time,high
春の訪れ,4,Season and limited time,high
japanesesuite,4,Property identity,low
hotelbreakfast,4,Occasion and service,high
christmastree,4,Season and limited time,medium
サステナビリティ,4,Brand philosophy,medium
anniversary,4,Season and limited time,medium
ザラウンジバイアマン,4,Named outlet and talent,high
exploretokyo,4,Discovery stack,medium
thecapitoltokyuhotel,4,Property identity,high
新春,4,Season and limited time,high
東京バー,4,Location,high
東京レストラン,4,Location,high
リラクゼーション,4,Occasion and service,medium
tokyosweets,4,Discovery stack,medium
ペストリーブティック,4,Named outlet and talent,low
いちご,4,Japanese cultural register,medium
ニューヨークグリル,4,Named outlet and talent,high
foodietokyo,4,Discovery stack,medium
季節の花,4,Japanese cultural register,medium
大人の休日,4,Occasion and service,medium
贈り物,4,Japanese cultural register,medium
記念日旅行,4,Season and limited time,medium
開運,4,Japanese cultural register,medium
ナイトサファリ,4,Occasion and service,medium
ミシュラン,4,Japanese cultural register,medium
tokyuhotel,4,Discovery stack,high
luxurycuisine,4,Discovery stack,high
コース料理,4,Occasion and service,high
hoteldecor,4,Unclassifiable,low
japanesefood,4,Japanese cultural register,high
sakurainspiration,4,Season and limited time,medium
tokyonewyear,4,Season and limited time,high
hotellife,4,Unclassifiable,low
momat,4,Property identity,medium
origamirestaurant,4,Named outlet and talent,high
美術館,4,Japanese cultural register,high
近代美術,4,Japanese cultural register,high
国立美術館,4,Location,high
internationalwomensday,3,Season and limited time,high
flavorsintransit,3,Unclassifiable,low
pht30thanniversary.,3,Season and limited time,high
luxurydiningseries,3,Brand philosophy,medium
旅する味,3,Japanese cultural register,medium
marriottbonvoy,3,Group and loyalty,high
rca2024,3,Unclassifiable,low
ホットチョコレート,3,Occasion and service,medium
桜スイーツ,3,Season and limited time,medium
worldenvironmentday,3,Season and limited time,high
christmassweets,3,Season and limited time,high
ハロウィンスイーツ,3,Season and limited time,high
preferredpineappleweek,3,Group and loyalty,medium
モヒート,3,Named outlet and talent,medium
紅葉,3,Season and limited time,medium
whiteday,3,Season and limited time,high
tokyomuseumofmodernart,3,Location,high
lapatisserie,3,Named outlet and talent,high
懐石料理,3,Occasion and service,high
ロビー,3,Unclassifiable,low
鰻,3,Japanese cultural register,medium
tokyomidtown,3,Location,high
ritzcarltonhongkong,3,Group and loyalty,medium
mountfuji,3,Location,high
ritzcarltonexperience,3,Brand philosophy,medium
loungeorigami,3,Named outlet and talent,high
夏のホテルステイ,3,Occasion and service,medium
ゴールデンウィーク,3,Season and limited time,high
ストロベリーパフェ,3,Occasion and service,medium
setsubun,3,Season and limited time,high
クラブラウンジsaryoh,3,Named outlet and talent,high
holidaydesserts,3,Season and limited time,medium
buccellati,3,Named outlet and talent,medium
キャピトルストロベリーフェア,3,Season and limited time,medium
ディナー,3,Occasion and service,high
建築,3,Japanese cultural register,medium
authentictokyo,3,Discovery stack,medium
世界環境デー,3,Season and limited time,high
イースター,3,Season and limited time,high
momatspecialexhibition,3,Season and limited time,high
valentinesday,3,Season and limited time,high
sakurabeauty,3,Season and limited time,medium
amandining,3,Named outlet and talent,high
autumncolors,3,Season and limited time,medium
bar,3,Unclassifiable,low
おこもりステイ,3,Occasion and service,high
苺パフェ,3,Named outlet and talent,low
紫陽花,3,Season and limited time,medium
kengokuma,3,Named outlet and talent,high
thecapitolbar,3,Named outlet and talent,high
rivercruise,3,Occasion and service,medium
presidentialsuite,3,Property identity,medium
gardenviewsuite,3,Property identity,medium
ケリーヒル,3,Named outlet and talent,high
musashi,3,Named outlet and talent,high
art,3,Japanese cultural register,low
クリスマスパーティー,3,Season and limited time,high
イベント,3,Occasion and service,medium
ロールケーキ,3,Named outlet and talent,low
ジム,3,Occasion and service,medium
クラブフロア,3,Occasion and service,medium
tokyoinbloom,3,Discovery stack,medium
familystay,3,Occasion and service,high
breakfastintokyo,3,Occasion and service,high
ニナザリッツカールトン東京,3,Property identity,high
library,3,Named outlet and talent,medium
ftgstarawards,3,Unclassifiable,low
autumnleaves,3,Season and limited time,medium
quietluxury,3,Brand philosophy,high
inroomdining,3,Occasion and service,high
bathtime,3,Occasion and service,medium
ftg5star,3,Unclassifiable,low
ホテル開業15周年記念,3,Season and limited time,high
クリスマススイーツ,3,Season and limited time,high
インルームダイニング,3,Occasion and service,high
節分,3,Season and limited time,high
食材フェア,3,Occasion and service,medium
隈研吾,3,Named outlet and talent,high
人力車,3,Japanese cultural register,medium
アマン東京10周年,3,Season and limited time,high
halloween,3,Season and limited time,high
アート作品,3,Named outlet and talent,medium
持続可能,3,Brand philosophy,medium
winter,3,Season and limited time,high
中華料理,3,Japanese cultural register,medium
アマンファインフレグランス,3,Named outlet and talent,high
鉄板焼き,3,Occasion and service,medium
東京,3,Location,high
ピークバー,3,Named outlet and talent,high
luxurychristmas,3,Season and limited time,high
tokyospa,3,Named outlet and talent,medium
限定スイーツ,3,Season and limited time,high
春の味覚,3,Season and limited time,high
東京結婚式,3,Occasion and service,medium
cocktails,3,Occasion and service,medium
ブランチ,3,Occasion and service,medium
夜パフェ,3,Occasion and service,medium
バー,3,Occasion and service,medium
mothersday,3,Season and limited time,high
luxurybreakfast,3,Brand philosophy,medium
chineserestaurant,3,Named outlet and talent,medium
初春,3,Season and limited time,medium
豆まき,3,Season and limited time,medium
日本の美,3,Japanese cultural register,medium
アマン東京ジャーニー,3,Brand philosophy,high
アマネム,3,Property identity,high
スイート,3,Occasion and service,medium
premiumsuite,3,Occasion and service,medium
suite,3,Occasion and service,medium
ディナーイベント,3,Occasion and service,high
北大路魯山人,3,Named outlet and talent,high
お知らせ,3,Unclassifiable,low
ホテルイベント,3,Occasion and service,high
アートのある暮らし,3,Brand philosophy,medium
sustainable,3,Brand philosophy,medium
なかむらずい,3,Named outlet and talent,high
relax,3,Brand philosophy,low
footcare,3,Occasion and service,low
富士山,3,Location,high
ビューバス,3,Occasion and service,medium
クッキーアソート,3,Named outlet and talent,low
ドルチェ,3,Occasion and service,medium
diningexperience,3,Occasion and service,medium
yearend,3,Season and limited time,high
イタリアン,3,Occasion and service,medium
鮨,3,Occasion and service,medium
ザカフェバイアマン,3,Named outlet and talent,high
バレンタインディナー,3,Occasion and service,high
ウェディングフォト,3,Occasion and service,medium
メロンパフェ,3,Occasion and service,medium
苺スイーツ,3,Occasion and service,medium
ホテルからの景色,3,Unclassifiable,low
眺望,3,Unclassifiable,low
ヨガ,3,Occasion and service,medium
食スタグラム,3,Discovery stack,medium
japanesefoods,3,Japanese cultural register,high
visitjapannow,3,Discovery stack,high
おはようございます,3,Unclassifiable,low
いちごスイーツ,3,Occasion and service,medium
goodmorning,3,Unclassifiable,low
tokyonightlife,3,Discovery stack,medium
contemporaryart,3,Japanese cultural register,medium
event,3,Unclassifiable,low
tokyoart,3,Japanese cultural register,medium
ブチェラッティ,3,Named outlet and talent,high
newyear2025,3,Season and limited time,high
初夏,3,Season and limited time,medium
tokyolife,3,Discovery stack,medium
hotels,3,Discovery stack,medium
gourmet,3,Discovery stack,medium
cherryblossomjapan,3,Season and limited time,high
midtownblossom,3,Season and limited time,medium
starhill,3,Location,low
hoshigaoka,3,Location,low
gourmetfood,3,Discovery stack,medium
happynewyear,3,Season and limited time,high
lunch,3,Occasion and service,high
japaneseartist,3,Named outlet and talent,medium
shavedice,3,Occasion and service,medium
capitolhotelexperience,3,Property identity,high
sougetsu,3,Named outlet and talent,high
tempura,3,Occasion and service,medium
valentine2025,3,Season and limited time,high
festivecelebrationstokyo,3,Season and limited time,medium
japaneseartwork,3,Japanese cultural register,medium
tokyoluxurylife,3,Discovery stack,high
hotelstyle,3,Discovery stack,high
capitolhotelchristmasexperience,3,Property identity,high
suiren,3,Named outlet and talent,high
christmasfeasttokyo,3,Season and limited time,high
celebrateinstyle,3,Brand philosophy,medium
roomwithaview,3,Occasion and service,medium
tokyoholidayseason,3,Season and limited time,high
luxuryhotelexperience,3,Discovery stack,high
japantrip,3,Location,high
展覧会,3,Japanese cultural register,high
tokyotrip,3,Location,high
strawberrydelight,3,Occasion and service,medium
日本の美術,3,Japanese cultural register,high
shrine,3,Japanese cultural register,high
travelbucketlist,3,Discovery stack,high
asias50bestbars,2,Discovery stack,high
latecheckout,2,Occasion and service,medium
pht30thanniversary!,2,Season and limited time,high
luxuryliving,2,Discovery stack,high
thecafébyaman,2,Named outlet and talent,high
ritzkidsnightsafari,2,Occasion and service,medium
rcmemories.,2,Brand philosophy,medium
strawberryshortcake,2,Occasion and service,medium
盆栽,2,Japanese cultural register,high
みどりの日,2,Season and limited time,high
さくらの日,2,Season and limited time,high
winterwarmth,2,Season and limited time,medium
goodmorningtokyo,2,Location,high
earthday,2,Season and limited time,high
luxuryexperience,2,Discovery stack,high
iwd2025,2,Season and limited time,high
神宮外苑花火大会,2,Season and limited time,high
gotoトラベルキャンペーン,2,Season and limited time,high
sundayslowdown,2,Occasion and service,medium
amanessentialskin,2,Named outlet and talent,high
"penmoments,",2,Unclassifiable,low
50bestbars,2,Discovery stack,high
iwd2026,2,Season and limited time,high
easter,2,Season and limited time,high
ritzcarltonlangkawi,2,Group and loyalty,high
hotchocolate,2,Occasion and service,medium
50bestdiscovery,2,Discovery stack,high
dessertlove,2,Occasion and service,medium
チェックイン,2,Occasion and service,medium
世界睡眠デー,2,Season and limited time,high
バレンタインクッキー,2,Season and limited time,high
春節,2,Season and limited time,high
篠田桃紅,2,Named outlet and talent,high
holidaymagic,2,Brand philosophy,medium
クリスマスステイ,2,Season and limited time,high
memorablemoments,2,Brand philosophy,medium
東京桜スポット,2,Location,high
キャピトルバレンタイン,2,Season and limited time,high
accelerateaction,2,Brand philosophy,medium
tokyoillumination,2,Season and limited time,high
cafebyaman,2,Named outlet and talent,high
lapâtisserie,2,Named outlet and talent,high
amantoyko,2,Property identity,high
ステーキ,2,Occasion and service,medium
カレー,2,Japanese cultural register,high
マンゴー,2,Unclassifiable,low
御朱印帳,2,Japanese cultural register,high
amanresourts,2,Group and loyalty,high
whitetruffle,2,Unclassifiable,low
ritzcarltonmaldives,2,Property identity,high
mastersoffoodandwine,2,Unclassifiable,low
peakbar,2,Named outlet and talent,high
architecture,2,Unclassifiable,low
ホテルウエディング,2,Occasion and service,high
hanami,2,Japanese cultural register,high
newyearsday,2,Season and limited time,high
langkawi,2,Location,high
edomaesushi,2,Japanese cultural register,high
newyear,2,Season and limited time,high
shinemuscat,2,Unclassifiable,low
フードトラック,2,Occasion and service,high
bonsai,2,Japanese cultural register,high
雨の日,2,Unclassifiable,low
夏の味覚,2,Season and limited time,high
旧正月,2,Season and limited time,high
夏グルメ,2,Discovery stack,medium
シュトーレン,2,Unclassifiable,low
ガレットデロワ,2,Unclassifiable,low
ハロウィーン,2,Season and limited time,high
七五三,2,Japanese cultural register,high
saryoh,2,Property identity,high
パーコー麺,2,Japanese cultural register,high
年末のご挨拶,2,Season and limited time,high
迎春,2,Season and limited time,high
melon,2,Unclassifiable,low
開業,2,Season and limited time,medium
japaneserestaurant,2,Discovery stack,medium
preferredlegendcollection,2,Group and loyalty,high
artjapan,2,Unclassifiable,low
フォーブストラベルガイド,2,Unclassifiable,low
日本食,2,Japanese cultural register,high
matcha,2,Japanese cultural register,high
ザキャピトルアフタヌーンティー,2,Named outlet and talent,high
ハンバーガー,2,Unclassifiable,low
冬の味覚,2,Season and limited time,high
神社,2,Japanese cultural register,high
大晦日,2,Season and limited time,high
chocolate,2,Unclassifiable,low
amantokyoafternoontea,2,Named outlet and talent,high
magichour,2,Unclassifiable,low
thebartokyo,2,Named outlet and talent,high
白桃,2,Unclassifiable,low
マンゴーパフェ,2,Unclassifiable,low
あまりん,2,Property identity,high
tokyorestaurant,2,Discovery stack,medium
バレンタインギフト,2,Season and limited time,high
barexperience,2,Unclassifiable,low
christmasdecor,2,Season and limited time,high
blossomcafe,2,Named outlet and talent,high
christmasindulgence,2,Season and limited time,high
festiveflavors,2,Season and limited time,high
wintercafe,2,Occasion and service,high
familydessert,2,Occasion and service,high
節分祭,2,Season and limited time,high
valentine2026,2,Season and limited time,high
japanesewhisky,2,Japanese cultural register,high
relaxation,2,Occasion and service,medium
sweetindulgence,2,Occasion and service,medium
フルーツパフェ,2,Occasion and service,high
tokyoarchitecture,2,Location,high
hotelpool,2,Occasion and service,medium
手土産スイーツ,2,Japanese cultural register,medium
バスソルト,2,Occasion and service,medium
ホテルバイキング,2,Occasion and service,high
東京パワースポット,2,Location,high
otemachi,2,Location,high
shinjukuparktower,2,Location,high
アマン京都,2,Property identity,high
ワールドオブハイアット,2,Group and loyalty,high
ブレックファスト,2,Occasion and service,high
日本の伝統,2,Japanese cultural register,high
イースターエッグ,2,Season and limited time,medium
hotelluxurytrip,2,Discovery stack,medium
フォトジェニック,2,Occasion and service,medium
朝ごはん,2,Occasion and service,high
イベント情報,2,Unclassifiable,low
イルミネーション,2,Season and limited time,medium
バレンタインチョコレート,2,Season and limited time,high
神社めぐり,2,Japanese cultural register,high
クッキー,2,Occasion and service,medium
信州,2,Location,high
マジックアワー,2,Occasion and service,medium
アマン東京アフタヌーンティー,2,Named outlet and talent,high
tokyobarscene,2,Discovery stack,medium
family,2,Unclassifiable,low
rokuジン,2,Named outlet and talent,medium
クリスマスケーキ2024,2,Season and limited time,high
ウィンターカフェ,2,Occasion and service,medium
deliciousdesserts,2,Occasion and service,medium
holidayindulgence,2,Occasion and service,medium
summerintokyo,2,Season and limited time,medium
summerescape,2,Season and limited time,medium
tokyodining,2,Discovery stack,medium
worldsleepday,2,Season and limited time,medium
lunarnewyear,2,Season and limited time,medium
tokyonightview,2,Location,high
christmasflavors,2,Season and limited time,medium
ホテルアメニティー,2,Occasion and service,medium
ホテルシェフ,2,Named outlet and talent,medium
天婦羅,2,Japanese cultural register,high
マロン,2,Occasion and service,medium
上海蟹,2,Japanese cultural register,medium
御節,2,Japanese cultural register,high
フォレデセール,2,Occasion and service,medium
japaneserestaurantkozue,2,Named outlet and talent,high
浴衣,2,Japanese cultural register,high
newyorkgrilltokyo,2,Named outlet and talent,high
エクスペリエンス,2,Occasion and service,medium
parkhyatttokyokozue,2,Property identity,high
松茸,2,Japanese cultural register,medium
poolinthesky,2,Occasion and service,medium
ガーデンビュースイート,2,Property identity,medium
ニューヨークバー,2,Named outlet and talent,high
ハイアット,2,Group and loyalty,high
絶景ホテル,2,Discovery stack,high
tokyovacation,2,Discovery stack,high
大手町,2,Location,high
東京ランチ,2,Occasion and service,high
贅沢時間,2,Brand philosophy,medium
夏スイーツ,2,Season and limited time,high
パワースポット神社,2,Japanese cultural register,high
hiejinjashrine,2,Location,high
2023,2,Unclassifiable,low
日本酒,2,Japanese cultural register,high
だるま,2,Japanese cultural register,high
期間限定スイーツ,2,Season and limited time,high
日本画,2,Japanese cultural register,high
ftg4star,2,Unclassifiable,low
ホリデーギフト,2,Season and limited time,medium
シナクティフ,2,Named outlet and talent,medium
江戸前鮨,2,Japanese cultural register,high
cakedecorating,2,Unclassifiable,low
japanesedesign,2,Japanese cultural register,medium
ティータイム,2,Occasion and service,high
japanesetradition,2,Japanese cultural register,high
トリュフ,2,Named outlet and talent,medium
キャピトルアート,2,Named outlet and talent,medium
プレミアキング,2,Named outlet and talent,medium
パンケーキ,2,Occasion and service,medium
ブッシュドノエル,2,Occasion and service,medium
夏季限定,2,Season and limited time,high
hotelanniversary,2,Season and limited time,medium
ドウダンツツジ,2,Japanese cultural register,medium
相撲,2,Japanese cultural register,high
kojirotsutsumi,2,Named outlet and talent,medium
beautifulview,2,Unclassifiable,low
コラボレーション,2,Unclassifiable,low
hotelrestaurant,2,Occasion and service,medium
ヒノキ,2,Japanese cultural register,medium
テラス,2,Occasion and service,medium
gotoトラベル,2,Unclassifiable,low
modernart,2,Unclassifiable,low
夏のランチ,2,Occasion and service,high
夏祭り,2,Season and limited time,high
capitolhoteljapan,2,Property identity,high
japanholiday,2,Discovery stack,medium
天ぷら,2,Japanese cultural register,high
キャビア,2,Occasion and service,medium
秋スイーツ,2,Season and limited time,high
xmas,2,Season and limited time,high
imperialpalace,2,Location,high
tokyoculture,2,Discovery stack,medium
バレンタインスイーツ,2,Season and limited time,high
パフェ活,2,Occasion and service,medium
白トリュフ,2,Named outlet and talent,medium
うな重,2,Japanese cultural register,high
新宿パークタワー,2,Location,high
halloweensweets,2,Season and limited time,high
tokyocityscape,2,Location,medium
ウイスキー,2,Occasion and service,medium
traveljapan,2,Discovery stack,medium
プレジデンシャルスイート,2,Named outlet and talent,medium
吉田修一,2,Named outlet and talent,medium
raspberry,2,Unclassifiable,low
culturetokyo,2,Discovery stack,medium
メロンスイーツ,2,Occasion and service,high
ご褒美スイーツ,2,Occasion and service,high
ホテルブランチ,2,Occasion and service,high
mantúa,2,Property identity,low
お祝い,2,Occasion and service,medium
東京イベント,2,Location,medium
strawberryparfait,2,Occasion and service,high
instadessert,2,Discovery stack,medium
サマーカクテル,2,Occasion and service,high
アニバーサリープラン,2,Occasion and service,high
nobuhiroyoshida,2,Named outlet and talent,medium
丹下健三,2,Named outlet and talent,medium
日本料理梢,2,Named outlet and talent,high
デザート,2,Occasion and service,high
luxuryhotelsoftheworld,2,Discovery stack,medium
冬スイーツ,2,Season and limited time,high
michelinespaña,2,Named outlet and talent,low
スイカ,2,Japanese cultural register,medium
ストロベリーコレクション,2,Occasion and service,medium
christmascake2025,2,Season and limited time,high
christmas2024,2,Season and limited time,high
プレミアムスイート,2,Property identity,medium
野又穫,2,Named outlet and talent,medium
washokulovers,2,Discovery stack,medium
食材,2,Japanese cultural register,medium
christmasatcapitolhoteltokyu,2,Property identity,high
chefstable,2,Named outlet and talent,medium
cake,2,Occasion and service,high
週末ご褒美,2,Occasion and service,medium
ninodelosreyes,2,Named outlet and talent,medium
meaningfulwellnessjourney,2,Brand philosophy,medium
parfaitstagram,2,Discovery stack,medium
fathersday,2,Season and limited time,high
discoverjapan,2,Discovery stack,high
tokyotourism,2,Discovery stack,high
overflow,2,Unclassifiable,low
shaveice,2,Occasion and service,medium
israelramos,2,Unclassifiable,low
グランメゾン東京,2,Property identity,high
japanfoodies,2,Discovery stack,medium
happynewyeartokyo,2,Season and limited time,high
料亭,2,Japanese cultural register,medium
japancuisinechristmas,2,Season and limited time,high
anniversaryparty,2,Occasion and service,high
foodielife,2,Discovery stack,medium
luxurytokyohotel,2,Discovery stack,high
グランメゾンパリ,2,Property identity,medium
seasonalart,2,Occasion and service,medium
chinesefinedining,2,Discovery stack,medium
ricecake,2,Japanese cultural register,medium
luxurydiningtokyo,2,Discovery stack,high
luxurydinner,2,Occasion and service,high
sweetstagram,2,Discovery stack,medium
ストロベリーショートケーキ,2,Occasion and service,high
celebration,2,Occasion and service,medium
anniversarycelebration,2,Occasion and service,high
tokyuhotelexperience,2,Discovery stack,medium
kagamimochi,2,Japanese cultural register,medium
comfortrewards,2,Group and loyalty,medium
capitolhotelcelebration,2,Occasion and service,high
東京国立近代美術館,2,Location,high
anniversaryplanner,2,Occasion and service,high
japaneseautumn,2,Season and limited time,high
hoteltokyu,2,Property identity,high
lobbyflowers,2,Named outlet and talent,medium
浜離宮恩賜庭園,2,Location,high
tokyopanorama,2,Location,medium
christmastreats,2,Season and limited time,high
michelinkey2024,2,Season and limited time,medium
newyearsweets,2,Season and limited time,high
庭園,2,Location,medium
origamirestaurantexperience,2,Named outlet and talent,high
capitolhotelchristmascelebrate,2,Occasion and service,high
lily,2,Unclassifiable,low
ikebanadesign,2,Japanese cultural register,high
luxurytraveljapan,2,Discovery stack,high
foodandluxury,2,Discovery stack,medium
東京のアート,2,Japanese cultural register,high
gourmettokyo,2,Discovery stack,high
japantemple,2,Japanese cultural register,high
文化,2,Japanese cultural register,high
tokyofoodscene,2,Discovery stack,high
theprefferedlife,2,Group and loyalty,high
luxuryjapanhotel,2,Discovery stack,high
foodieinjapan,2,Discovery stack,high
japanluxury,2,Discovery stack,high
3,1,Unclassifiable,low
ritzcarltonistanbul,1,Group and loyalty,high
worldspaawards2025,1,Season and limited time,medium
ritzcarltonbangkok,1,Group and loyalty,high
ritzcarltonmilleniasingapore,1,Group and loyalty,high
ritzcarltonokinawa,1,Group and loyalty,high
ランカウイ,1,Location,high
1,1,Unclassifiable,low
worldspaawards2024.,1,Season and limited time,medium
"pool,",1,Occasion and service,medium
michelinguidetokyo,1,Discovery stack,high
1.,1,Unclassifiable,low
2,1,Unclassifiable,low
ritzcarltontokoy,1,Property identity,medium
イースター。ザ・リッツ・カールトン,1,Occasion and service,high
winterindulgence,1,Season and limited time,high
winterwellness,1,Occasion and service,medium
ritzcarltontokyo!,1,Property identity,high
christmasgreetings,1,Season and limited time,high
valentinestea,1,Occasion and service,high
penmoments✨,1,Unclassifiable,low
赤坂芸者,1,Japanese cultural register,high
vop,1,Unclassifiable,low
傘の日,1,Season and limited time,high
フィットネス,1,Occasion and service,medium
アースデイ。,1,Season and limited time,high
ジャパニーズウイスキーの日,1,Season and limited time,high
歌舞伎の日,1,Season and limited time,high
世界水の日,1,Season and limited time,high
東京散策,1,Location,high
origamiカレー,1,Named outlet and talent,medium
ローストビーフの日,1,Season and limited time,high
holidaycocktails,1,Occasion and service,medium
christmasdesserts,1,Season and limited time,high
wintergifts,1,Season and limited time,high
festiveritzcarlton,1,Property identity,high
halloweentreats,1,Season and limited time,high
christmassplendor,1,Season and limited time,high
thebartakeover,1,Named outlet and talent,high
七五三の日,1,Season and limited time,high
ザキャピトルホテル東,1,Property identity,high
中秋節,1,Season and limited time,high
かき氷の日」。,1,Season and limited time,high
増上寺,1,Japanese cultural register,high
真珠の日,1,Season and limited time,high
持続可能な食文化の日,1,Season and limited time,high
立冬,1,Season and limited time,high
アジュールフォーティーファイブ,1,Named outlet and talent,high
サンセット。本日も1日お疲れ様でした。,1,Unclassifiable,low
tokyostation,1,Location,high
responsiblehospitality,1,Brand philosophy,medium
グラスホッパー,1,Named outlet and talent,high
teppanyakiexperience,1,Occasion and service,high
ブランチ。夏ならではの食材が並ぶ前菜の盛り合わせから、トロリーで運ばれてくる6種類のデザートまで、眺望豊かな空間で贅沢な週末をお過ごしください。,1,Unclassifiable,low
rainbowbridge,1,Location,high
マカロン『the,1,Unclassifiable,low
国際寿司の日！日本料理を代表するお寿司を自分の手で握ってみませんか？ひのきざかでは、寿司シェフによる寿司クッキングクラスを開催しております。酢飯の作り方から、寿司の握り方、ネタについてなどを直接職人から学ぶ特別な体験をお楽しみください。,1,Occasion and service,medium
アフタヌーンティー。6月末までご提供のグリーン＆シトラス,1,Occasion and service,high
worldmartiniday！2種類のジンとマンチーノ,1,Season and limited time,high
meijishrine,1,Location,high
富士山の日,1,Season and limited time,high
"sannofestival,",1,Season and limited time,high
抹茶の日,1,Season and limited time,high
こどもの日！ホテルに隣接する,1,Season and limited time,high
さくらの日！ザ・リッツ・カールトン,1,Season and limited time,high
バカルディ,1,Named outlet and talent,medium
芸術の秋。ザ・リッツ・カールトン東京の,1,Unclassifiable,low
国際博物館の日！ザ・リッツ・カールトン東京は、国立新美術館、サントリー美術館、森美術館を繋げた六本木アート・トライアングル内に位置しています。3館とも徒歩圏内なので、宿泊の際には、素晴らしいアートに浸る時間を過ごしてみては？,1,Unclassifiable,low
テラス席,1,Occasion and service,medium
イースター！,1,Season and limited time,high
cocktailartistry,1,Brand philosophy,medium
tokyochristmaslights,1,Season and limited time,high
ニューヨークバー」ファンの皆様、お待たせいたしました！6/25より木曜～日曜限定で営業を再開します。多彩なカクテルとジャズの生演奏、そして圧倒的な夜景が皆様をお迎え。,1,Unclassifiable,low
sustainabletourismjapan,1,Brand philosophy,medium
東京和食,1,Japanese cultural register,high
ザキャピトルアフタヌーンティー。来年2月は、さまざまなベリーの個性を活かしたメニューが並びます。ストロベリー・タイベリー・ブルーベリー・シーベリーなど、鮮やかな味わいをご堪能ください。,1,Occasion and service,medium
ジャパンケーキショー,1,Season and limited time,high
いい夫婦の日。お互いへの感謝の気持ちをかたちにする素敵な日ですね。,1,Season and limited time,high
中秋の名月,1,Season and limited time,high
ふかひれ,1,Japanese cultural register,medium
ヴィーガンメニュー,1,Occasion and service,medium
キャピトルドッグフレンド,1,Property identity,medium
旬の食材を用いた料理をお届けする,1,Occasion and service,medium
ユリ,1,Japanese cultural register,medium
royalcopenhagen,1,Named outlet and talent,medium
毛蟹,1,Japanese cultural register,medium
スポーツの日,1,Season and limited time,high
ザキャピトルアフタヌーンティー』では、旬の苺やベリーをふんだんに使用したメニューをご用意いたします。,1,Occasion and service,medium
springfestivaltokyo,1,Season and limited time,high
日枝神社は、,1,Unclassifiable,low
wtd24,1,Unclassifiable,low
penperspectives,1,Unclassifiable,low
artinresonance,1,Unclassifiable,low
"3’,",1,Unclassifiable,low
アフタヌーンティーをお楽しみいただきました🍰☕️,1,Occasion and service,high
rcistanbul,1,Property identity,high
destinasianawards,1,Unclassifiable,low
janupatisserie,1,Named outlet and talent,high
ritzcarltonbali,1,Property identity,high
singapore,1,Location,high
ランカウイ島,1,Location,high
hyattgratitude,1,Group and loyalty,high
michelinstar25,1,Unclassifiable,low
pht30周年」,1,Season and limited time,high
harrywinston,1,Unclassifiable,low
2026,1,Unclassifiable,low
ritzteaparty,1,Occasion and service,high
kobebeef,1,Japanese cultural register,high
readerschoiceawards,1,Unclassifiable,low
rcmemoies,1,Brand philosophy,medium
sparetreat,1,Occasion and service,medium
familyadventure,1,Unclassifiable,low
festiveseason,1,Season and limited time,medium
ritzromance,1,Brand philosophy,medium
pen25chicago,1,Property identity,high
clubfloor,1,Occasion and service,high
ターンダウンサービス,1,Occasion and service,high
夏旅,1,Season and limited time,medium
梅雨入り,1,Season and limited time,medium
神幸祭,1,Japanese cultural register,high
夏至,1,Season and limited time,medium
東京の景色,1,Location,high
ジャパニーズクラフトジン,1,Japanese cultural register,high
worldearthday,1,Unclassifiable,low
traditionaljapaneseculture,1,Japanese cultural register,high
鹿児島フェア,1,Season and limited time,high
worldwaterday,1,Unclassifiable,low
寿司カウンター,1,Named outlet and talent,high
ホテルカレー,1,Occasion and service,high
sakuraqualitygreen,1,Unclassifiable,low
琴,1,Japanese cultural register,high
癒しの時間,1,Occasion and service,medium
パフェの日,1,Season and limited time,high
disaronnomagic,1,Unclassifiable,low
gourmetcakes,1,Unclassifiable,low
luxurypampering,1,Brand philosophy,medium
holidaydelights,1,Season and limited time,medium
hotchocolatedelights,1,Occasion and service,medium
spookysweets,1,Unclassifiable,low
bartenderakiwang,1,Named outlet and talent,high
クリスマスブレッド,1,Season and limited time,high
キャピトル東急,1,Property identity,high
贅沢な朝,1,Occasion and service,medium
風呂の日,1,Season and limited time,high
ホテル開業記念,1,Season and limited time,high
15周年記念,1,Season and limited time,high
thecapitolhotel,1,Property identity,high
星に願いを,1,Unclassifiable,low
ホテル開業記念メニュー,1,Occasion and service,high
クリスマスパフェ,1,Season and limited time,high
mixologymastery,1,Unclassifiable,low
kittemarunouchi,1,Location,high
theverifiedresponsiblehospitality,1,Unclassifiable,low
culinaryartistry,1,Brand philosophy,medium
brunch,1,Occasion and service,high
odaiba,1,Location,high
mojito,1,Unclassifiable,low
internationalsushiday!,1,Season and limited time,medium
afternoontea.,1,Occasion and service,high
ひな祭り,1,Season and limited time,high
3月の活け花,1,Japanese cultural register,high
ジャーマンストロベリーパンケーキ,1,Named outlet and talent,medium
"afternoontea,",1,Occasion and service,high
children's,1,Unclassifiable,low
internationalmuseumday!,1,Season and limited time,medium
culinarydelight,1,Brand philosophy,medium
easter!,1,Season and limited time,high
クリスマスカクテル,1,Season and limited time,high
mixologymasters,1,Brand philosophy,medium
丸の内イルミネーション,1,Location,high
河豚料理,1,Japanese cultural register,high
ホテルバレンタイン,1,Season and limited time,high
和のモダン,1,Japanese cultural register,medium
客室アフタヌーンティー,1,Occasion and service,high
六本木,1,Location,high
サマーギフト,1,Season and limited time,medium
parkhyattkyoto,1,Property identity,high
smokedcuisine,1,Unclassifiable,low
whitedaygift,1,Season and limited time,medium
tokyosuite,1,Property identity,medium
celebrate,1,Unclassifiable,low
抹茶スイーツ,1,Japanese cultural register,high
函館,1,Location,high
イチゴパフェ,1,Named outlet and talent,medium
フォーブス,1,Unclassifiable,low
caviar,1,Unclassifiable,low
thecapitol,1,Property identity,high
ジャパンケーキショー東京,1,Season and limited time,medium
ズワイ蟹,1,Japanese cultural register,high
blacktruffle,1,Unclassifiable,low
和栗,1,Japanese cultural register,high
capitolpuppypal,1,Property identity,medium
フェア,1,Unclassifiable,low
フィットネスクラブ,1,Occasion and service,medium
thecapitolafternoontea,1,Named outlet and talent,high
漆,1,Japanese cultural register,medium
nationalmuseum,1,Location,medium
tokyotokyo,1,Location,high
summermenu,1,Season and limited time,medium
summerseasonal,1,Season and limited time,medium
peninsulahotels,1,Group and loyalty,high
ritzcarltonbaku,1,Group and loyalty,high
ritzcarltonweddings,1,Group and loyalty,high
リッツカールトン沖縄,1,Property identity,high
janumercato,1,Property identity,medium
createyourtimelessmasterpiece,1,Brand philosophy,medium
parkhyatttokyowedding,1,Property identity,medium
le_sserafim,1,Unclassifiable,low
martch,1,Unclassifiable,low
erboristeria,1,Unclassifiable,low
ゴエミヨ,1,Unclassifiable,low
valentinesday2024,1,Season and limited time,high
newarrival,1,Unclassifiable,low
montblanc,1,Named outlet and talent,high
valentine2024,1,Season and limited time,high
maple,1,Unclassifiable,low
ミニョンパルフェ,1,Named outlet and talent,high
winterlights,1,Season and limited time,medium
kidstravel,1,Discovery stack,medium
ritzcarltonflavors,1,Brand philosophy,high
setsubuncelebration,1,Season and limited time,high
オーダーバイキング,1,Occasion and service,high
納涼ランチ,1,Occasion and service,high
都会のオアシス,1,Japanese cultural register,medium
ホテルかき氷,1,Occasion and service,high
クラシカルバー,1,Named outlet and talent,high
記念日ステイ,1,Occasion and service,high
駿河千筋細工,1,Japanese cultural register,medium
大人の時間,1,Unclassifiable,low
goldenweek,1,Season and limited time,high
たまご料理の日,1,Season and limited time,medium
トンポーロー,1,Japanese cultural register,high
和朝食,1,Occasion and service,high
ナシゴレン,1,Japanese cultural register,medium
バレンタイン2026,1,Season and limited time,high
東京の夜景,1,Location,high
琴演奏,1,Japanese cultural register,high
ウィスキー,1,Unclassifiable,low
贅沢ステイ,1,Brand philosophy,medium
江戸切子,1,Japanese cultural register,high
sustainablestay,1,Brand philosophy,medium
山口県フェア,1,Season and limited time,medium
ホテル館内アート,1,Named outlet and talent,medium
coffeetime,1,Occasion and service,medium
origamiスイーツ,1,Named outlet and talent,medium
冷やし麺,1,Occasion and service,medium
ひまわり,1,Unclassifiable,low
origami受け継がれた味,1,Japanese cultural register,medium
季節のパフェ,1,Occasion and service,high
getaway,1,Discovery stack,medium
decadenttreats,1,Occasion and service,medium
festivetreats,1,Season and limited time,medium
specialoccasions,1,Occasion and service,medium
towersrestaurant,1,Named outlet and talent,high
exclusiveevent,1,Occasion and service,medium
開業15周年,1,Season and limited time,high
フェスティブシーズン,1,Season and limited time,high
ご褒美ステイ,1,Brand philosophy,medium
季節限定スイーツ,1,Season and limited time,high
開業記念メニュー,1,Season and limited time,high
キャピトルウエディング,1,Occasion and service,high
cocktaildelights,1,Occasion and service,medium
summervibes,1,Season and limited time,medium
野原邦彦,1,Named outlet and talent,high
blossomlounge,1,Named outlet and talent,high
hongkong,1,Location,medium
都内イルミネーション,1,Season and limited time,high
インテリア,1,Unclassifiable,low
ストロベリー朝食,1,Occasion and service,high
御朱印帳巡り,1,Japanese cultural register,medium
sushitakeout,1,Occasion and service,medium
urbannature,1,Discovery stack,medium
detox,1,Unclassifiable,low
dolce,1,Named outlet and talent,low
enkianthuscampanulatus,1,Unclassifiable,low
lapâtisseriebyaman,1,Named outlet and talent,high
iseshima,1,Location,high
newyears,1,Season and limited time,high
amankyoto,1,Property identity,high
wwf,1,Unclassifiable,low
ランチコース,1,Occasion and service,high
yukata,1,Japanese cultural register,high
lapatisseriebyaman,1,Named outlet and talent,high
essentialoil,1,Unclassifiable,low
thepeakbar,1,Named outlet and talent,high
parksuite,1,Property identity,high
viewfromguestroom,1,Unclassifiable,low
waterelm,1,Unclassifiable,low
johnmorford,1,Unclassifiable,low
シグニチャースイート,1,Property identity,high
imperialpalaceoutergardens,1,Location,high
bemorehere,1,Brand philosophy,medium
旬,1,Season and limited time,medium
loungebyaman,1,Named outlet and talent,high
nomataminoru,1,Named outlet and talent,high
guestroomamenity,1,Unclassifiable,low
adventcalendar,1,Season and limited time,high
世界海洋デー,1,Season and limited time,high
アメリカン,1,Unclassifiable,low
ローストビーフ,1,Unclassifiable,low
寿司職人,1,Named outlet and talent,medium
カフェ,1,Named outlet and talent,medium
母の日のプレゼント,1,Season and limited time,high
朝ご飯,1,Occasion and service,high
sensu,1,Japanese cultural register,medium
真珠,1,Unclassifiable,low
桜開花,1,Season and limited time,high
北海道,1,Location,high
arttokyojapan,1,Discovery stack,medium
galette,1,Unclassifiable,low
鳥取,1,Location,high
sakurarivercruise,1,Occasion and service,medium
お取り寄せ,1,Unclassifiable,low
ホテルメイド,1,Occasion and service,medium
愛犬とお出かけ,1,Unclassifiable,low
amanjourney,1,Brand philosophy,medium
あんぱん,1,Unclassifiable,low
tokyogallery,1,Location,medium
saketasting,1,Occasion and service,medium
鹿児島黒牛,1,Japanese cultural register,medium
sake,1,Unclassifiable,low
kerryhill,1,Named outlet and talent,medium
amancelebration,1,Brand philosophy,medium
peachforetdessert,1,Unclassifiable,low
halloweendessert,1,Season and limited time,high
halloweenafternoontea,1,Occasion and service,high
ぶどう,1,Unclassifiable,low
moriartmuseum,1,Location,medium
カリナリージャーニー,1,Brand philosophy,medium
パトロンエルアルト,1,Named outlet and talent,medium
女子旅,1,Unclassifiable,low
beedechaumet,1,Unclassifiable,low
獺祭,1,Unclassifiable,low
九平次,1,Japanese cultural register,high
三須農園,1,Japanese cultural register,high
三須トマト農園,1,Japanese cultural register,high
valentine,1,Season and limited time,high
forbestravelguide2026,1,Season and limited time,medium
thegenuinewedding,1,Occasion and service,medium
tokyohote,1,Discovery stack,medium
marriott,1,Group and loyalty,high
okinawa,1,Location,high
christmaswishes,1,Season and limited time,high
パークハイアット東京ウェディング,1,Named outlet and talent,high
kanzotange,1,Japanese cultural register,high
ハリーウィンストン,1,Named outlet and talent,high
パークの花嫁,1,Occasion and service,medium
fearnada_japan,1,Unclassifiable,low
limitedtimeonly,1,Season and limited time,high
gaultetmillau,1,Group and loyalty,medium
神戸牛,1,Japanese cultural register,high
valentineschocolate,1,Season and limited time,high
valentines2024,1,Season and limited time,high
cityelegance,1,Brand philosophy,medium
luxurygetaway,1,Discovery stack,medium
ehoumakitradition,1,Japanese cultural register,high
buccellaticollab,1,Named outlet and talent,medium
tokyostaycation,1,Discovery stack,medium
tokyonight,1,Discovery stack,medium
岩手県食材フェア,1,Japanese cultural register,high
executivecchef,1,Named outlet and talent,medium
地域連携,1,Unclassifiable,low
memorialwall,1,Unclassifiable,low
中国茶,1,Japanese cultural register,medium
internationalteaday,1,Season and limited time,medium
greeneryday,1,Season and limited time,high
sustainableliving,1,Brand philosophy,medium
cherryblossoms,1,Season and limited time,high
ひなまつり,1,Season and limited time,high
origami伝統の味,1,Japanese cultural register,high
capitolafternoontea,1,Named outlet and talent,high
japanesearchitecture,1,Japanese cultural register,high
ザキャピトルバー,1,Named outlet and talent,high
festivebrunch,1,Occasion and service,medium
holidaybaking,1,Season and limited time,medium
luxurycelebration,1,Brand philosophy,medium
winterafternoontea,1,Occasion and service,medium
東京クリスマス,1,Season and limited time,high
sustainablehotel,1,Brand philosophy,medium
月餅,1,Japanese cultural register,high
ウエディングフェア,1,Occasion and service,medium
グリーンコイン,1,Unclassifiable,low
七五三のお祝い,1,Japanese cultural register,high
ヴィーガンブレックファスト,1,Occasion and service,medium
石川フェア,1,Japanese cultural register,high
aroundtokyo,1,Discovery stack,medium
立冬の日,1,Season and limited time,medium
suites,1,Occasion and service,medium
tropiccity,1,Unclassifiable,low
luxuryaccommodation,1,Discovery stack,medium
排骨拉麺,1,Japanese cultural register,high
refreshingdelights,1,Unclassifiable,low
クラブラウンジフロア,1,Occasion and service,medium
島根県,1,Location,high
ご当地フェア,1,Japanese cultural register,medium
フレンチディナー,1,Occasion and service,high
アメリカンフェア,1,Occasion and service,high
ホテルフィットネス,1,Occasion and service,high
カウンター寿司,1,Named outlet and talent,medium
"afternoontea""",1,Occasion and service,high
businesstravel,1,Discovery stack,medium
ブロッサムラウンジ,1,Named outlet and talent,high
寿司クラス,1,Occasion and service,high
exclusivedrinks,1,Occasion and service,medium
tokyohotelakasaka,1,Location,high
寿司テイクアウト,1,Occasion and service,high
autumnretreat,1,Season and limited time,medium
novakdjokovic,1,Unclassifiable,low
14周年,1,Season and limited time,high
brandycake,1,Named outlet and talent,medium
yoga,1,Occasion and service,medium
amanemu,1,Property identity,high
artstagram,1,Unclassifiable,low
earthhour,1,Season and limited time,medium
燻製料理,1,Japanese cultural register,medium
frenchrestaurantweek,1,Season and limited time,medium
airflow,1,Unclassifiable,low
morningview,1,Unclassifiable,low
openkitchen,1,Occasion and service,medium
oasisinthesky,1,Unclassifiable,low
tangekenzo,1,Named outlet and talent,medium
christmasdecoration,1,Season and limited time,high
oysters,1,Occasion and service,medium
spiralstaircase,1,Unclassifiable,low
alldaydining,1,Occasion and service,medium
jazzlive,1,Occasion and service,medium
書斎,1,Unclassifiable,low
christmaspartyset,1,Season and limited time,medium
experience,1,Unclassifiable,low
veramercer,1,Named outlet and talent,medium
lounge,1,Occasion and service,medium
muji_connects_art,1,Unclassifiable,low
mytaiken,1,Unclassifiable,low
caramel,1,Unclassifiable,low
パイナップル,1,Unclassifiable,low
食フェア,1,Japanese cultural register,medium
サステイナブル,1,Japanese cultural register,medium
joyofthejourney,1,Brand philosophy,medium
hydrafacial,1,Occasion and service,medium
抹茶パフェ,1,Occasion and service,medium
母の日ギフト,1,Season and limited time,medium
扇子,1,Japanese cultural register,medium
日本の春,1,Season and limited time,medium
北海道フェア,1,Japanese cultural register,medium
5つ星,1,Unclassifiable,low
nakahiratakuma,1,Named outlet and talent,medium
ryūseikishida,1,Named outlet and talent,medium
天婦羅レストラン,1,Named outlet and talent,high
日本海,1,Location,high
和風パフェ,1,Occasion and service,medium
都心のオアシス,1,Japanese cultural register,medium
nourishing,1,Unclassifiable,low
12周年,1,Season and limited time,high
手土産,1,Occasion and service,high
ハンバーガーランチ,1,Occasion and service,high
愛犬,1,Unclassifiable,low
お風呂,1,Occasion and service,high
royalcopenhagenjapan,1,Named outlet and talent,high
festivegiftbox,1,Season and limited time,medium
年の瀬,1,Season and limited time,high
cherryblossomtokyo,1,Location,high
amanskincarecollection,1,Named outlet and talent,high
ピーチフォレデセール,1,Named outlet and talent,high
gotoislands,1,Location,medium
バスタイム,1,Occasion and service,high
成人の日,1,Season and limited time,high
worlds50bestbars,1,Discovery stack,medium
chaumet,1,Named outlet and talent,high
mountfujiview,1,Location,high
dassai,1,Named outlet and talent,high
ミシュラングルメ,1,Discovery stack,medium
sirdavis,1,Named outlet and talent,high
ミッドタウン,1,Location,high
diptyque,1,Named outlet and talent,high
ア,1,Unclassifiable,low
tatlerasia,1,Unclassifiable,low
シャリュキュトリ,1,Named outlet and talent,high
luxurywedding,1,Discovery stack,medium
sweetroom,1,Named outlet and talent,high
bambooart,1,Named outlet and talent,high
davidstanleyhewett,1,Named outlet and talent,high
okinawatrip,1,Location,medium
檜町公園,1,Location,high
jouinmanku,1,Named outlet and talent,high
holidaygifts,1,Season and limited time,medium
livepainting,1,Named outlet and talent,high
tripadvisor,1,Unclassifiable,low
valerioadami,1,Named outlet and talent,high
phtwedding,1,Occasion and service,high
shinjukugyoen,1,Location,high
travelandleisure,1,Unclassifiable,low
michelin,1,Discovery stack,medium
神宮花火大会,1,Season and limited time,high
viewbath,1,Occasion and service,high
ハリーウィンストンアフタヌーンティー,1,Named outlet and talent,high
culturalactivities,1,Japanese cultural register,medium
アマンジウォ,1,Property identity,high
花見弁当,1,Japanese cultural register,high
桜ケーキ,1,Japanese cultural register,high
ritzgifts,1,Named outlet and talent,high
アマン東京オリジナルジュース,1,Named outlet and talent,high
morningbliss,1,Brand philosophy,medium
adventureawaits,1,Discovery stack,medium
gourmetholiday,1,Discovery stack,medium
イブニングパルフェ,1,Named outlet and talent,high
ritzmixology,1,Named outlet and talent,high
ritzluxuryliving,1,Brand philosophy,medium
naeum,1,Named outlet and talent,high
summerlunch,1,Occasion and service,high
東京ステイケーション,1,Discovery stack,medium
eisukesato,1,Named outlet and talent,high
rainyseason,1,Season and limited time,medium
rainyday,1,Season and limited time,medium
tokyoview,1,Location,high
季節の変わり目,1,Season and limited time,high
tokyoteppanyaki,1,Discovery stack,high
tokyoescape,1,Discovery stack,high
afternoonmoments,1,Occasion and service,medium
雛人形,1,Japanese cultural register,high
japanesebreakfast,1,Japanese cultural register,high
valentinesstay,1,Season and limited time,high
都内夜景,1,Location,high
capitolbar,1,Named outlet and talent,high
tokyomoments,1,Discovery stack,medium
pov,1,Unclassifiable,low
capitolmoment,1,Brand philosophy,medium
japanesecurry,1,Japanese cultural register,high
summerdining,1,Occasion and service,medium
サクラクオリティグリーン,1,Unclassifiable,low
hydrangea,1,Unclassifiable,low
roastbeef,1,Unclassifiable,low
tokyodesign,1,Discovery stack,medium
seasonalmojito,1,Occasion and service,medium
serenemoments,1,Brand philosophy,medium
fruitcake,1,Unclassifiable,low
foodtruck,1,Unclassifiable,low
館内アート,1,Named outlet and talent,medium
gourmetbreakfast,1,Occasion and service,medium
チキンの日,1,Season and limited time,high
japanesesshrine,1,Japanese cultural register,high
秋の実り,1,Season and limited time,high
いちじくロールケーキ,1,Unclassifiable,low
和婚,1,Japanese cultural register,high
東京リゾート,1,Discovery stack,medium
ヴィーガン朝食,1,Japanese cultural register,medium
kagurazaka,1,Location,high
フロート,1,Unclassifiable,low
東京ビュー,1,Location,high
ホテルルームサービス,1,Occasion and service,high
かき氷の日,1,Season and limited time,high
ロンドン,1,Location,high
sensoji,1,Location,high
梅雨,1,Season and limited time,high
tokyoshrine,1,Location,high
ホテルクッキー缶,1,Unclassifiable,low
能登のために,1,Unclassifiable,low
北京ダック,1,Unclassifiable,low
フェアトレード,1,Unclassifiable,low
モーニングコーヒー,1,Occasion and service,medium
赤坂中華,1,Named outlet and talent,high
tokyowalks,1,Discovery stack,medium
ホリデーシーズン,1,Season and limited time,high
カクテルタイム,1,Occasion and service,medium
chivascocktails,1,Named outlet and talent,medium
cornersuite,1,Unclassifiable,low
静寂な空間,1,Unclassifiable,low
春のアフタヌーンティー,1,Occasion and service,high
tokyomuseum,1,Location,high
東京絶景,1,Location,high
ギフトボックス,1,Unclassifiable,low
島根,1,Location,high
コネクティングルーム,1,Unclassifiable,low
癒しのステイ,1,Brand philosophy,medium
坂井宏行,1,Named outlet and talent,high
ひなまつりケーキ,1,Season and limited time,high
山王日枝神社,1,Japanese cultural register,high
縁起物,1,Japanese cultural register,medium
ラグジュアリーツーリズム,1,Discovery stack,high
長崎フェア,1,Season and limited time,high
鮪,1,Japanese cultural register,medium
ホテルチョコレート,1,Occasion and service,medium
finediningexperience,1,Occasion and service,high
kunihikonohara.,1,Named outlet and talent,medium
sushiclass,1,Occasion and service,medium
craftcocktails,1,Occasion and service,medium
ティラミス,1,Occasion and service,medium
クリームパン,1,Occasion and service,medium
クリスマスプラン,1,Season and limited time,high
パンのある暮らし,1,Japanese cultural register,medium
苺スィーツ,1,Occasion and service,medium
relaxationtime,1,Occasion and service,medium
アマンジャパンジャーニー,1,Brand philosophy,high
manhattan,1,Location,medium
holidaydinner,1,Occasion and service,medium
artlover,1,Unclassifiable,low
夕焼け,1,Japanese cultural register,medium
ボードルーム,1,Occasion and service,medium
フレンチレストランウィーク,1,Season and limited time,high
プレジデンシャルスイート,1,Named outlet and talent,medium
ラパティスリーbyアマン,1,Named outlet and talent,high
エッセンシャルオイル,1,Occasion and service,medium
minorunomata,1,Named outlet and talent,medium
twilighttime,1,Unclassifiable,low
anthonydonaldson,1,Named outlet and talent,medium
skyscrapers,1,Location,medium
フロントレセプション,1,Occasion and service,medium
ルームサービス,1,Occasion and service,medium
埋もれ木,1,Japanese cultural register,medium
yummy,1,Unclassifiable,low
europeanbrasserie,1,Named outlet and talent,medium
障子,1,Japanese cultural register,medium
johnmorgord,1,Named outlet and talent,medium
ateliermujiginza,1,Named outlet and talent,medium
客室アメニティ,1,Occasion and service,medium
アマンブティック,1,Named outlet and talent,high
武蔵弘幸,1,Named outlet and talent,high
アマンスパアマンエッセンシャルズ,1,Named outlet and talent,high
ブレンドオイル,1,Occasion and service,medium
棟方志功,1,Named outlet and talent,high
スイートルーム東京ホテル,1,Property identity,high
スィートルーム,1,Occasion and service,medium
花火,1,Japanese cultural register,medium
大浴場,1,Occasion and service,medium
七夕,1,Season and limited time,high
アドベントカレンダー,1,Season and limited time,high
日本三大祭,1,Japanese cultural register,high
アメリカンダイニング,1,Occasion and service,medium
東京中華,1,Occasion and service,medium
シェフ,1,Named outlet and talent,medium
アメリカンスタイル,1,Occasion and service,medium
familyexperiences,1,Occasion and service,medium
日本橋,1,Location,high
eastertreatstokyo,1,Season and limited time,high
tokyuhotelluxury,1,Discovery stack,high
上海料理,1,Japanese cultural register,high
和菓子,1,Japanese cultural register,high
河豚,1,Japanese cultural register,high
スイーツギフト,1,Occasion and service,high
ブライダル,1,Occasion and service,high
ドルチェインアルヴァ,1,Named outlet and talent,high
ギフト,1,Occasion and service,medium
ヴィーガン,1,Discovery stack,medium
グルメバーガー,1,Discovery stack,medium
愛犬との暮らし,1,Unclassifiable,low
薬湯,1,Occasion and service,medium
うなぎ,1,Japanese cultural register,high
グルメ旅,1,Discovery stack,medium
ホテルデザイン,1,Unclassifiable,low
お土産,1,Occasion and service,medium
和牛,1,Japanese cultural register,high
パティスリーbyアマン東京,1,Named outlet and talent,high
フレグランス,1,Unclassifiable,low
プレミアムルーム,1,Unclassifiable,low
tokyotower,1,Location,high
リラックス,1,Unclassifiable,low
朝食付きプラン,1,Occasion and service,high
2024,1,Season and limited time,high
冬休み,1,Season and limited time,high
2023年,1,Season and limited time,high
祝日,1,Season and limited time,high
sauna,1,Occasion and service,medium
barlibre,1,Named outlet and talent,high
tatlerbest,1,Unclassifiable,low
桃スイーツ,1,Occasion and service,medium
summergetaway,1,Season and limited time,medium
エキゾチックマンゴーパフェ,1,Occasion and service,medium
竹細工,1,Japanese cultural register,high
デビットスタンリーヒューエット,1,Named outlet and talent,high
ホテルモーニング,1,Occasion and service,high
誕生日,1,Season and limited time,medium
沖縄,1,Location,high
ランニングスポット,1,Unclassifiable,low
季節のスイーツ,1,Occasion and service,medium
lagrandemaisonparis,1,Named outlet and talent,high
mangalivepaint,1,Unclassifiable,low
pedimanicurestudio,1,Named outlet and talent,high
travelerschoice,1,Unclassifiable,low
クリスマスデコレーション,1,Season and limited time,high
蟹料理,1,Japanese cultural register,high
phtウェディング,1,Group and loyalty,high
christmascake2024,1,Season and limited time,high
yoyogipark,1,Location,high
michelintokyo,1,Group and loyalty,high
countdownparty,1,Season and limited time,medium
northamericas50bestbars,1,Unclassifiable,low
familygetaway,1,Season and limited time,medium
インドネシア,1,Location,high
2026年,1,Season and limited time,high
フェイシャル,1,Occasion and service,medium
バレンタインアフタヌーンティー,1,Occasion and service,high
新商品,1,Unclassifiable,low
モンブラン,1,Occasion and service,medium
メープル,1,Unclassifiable,low
luxurychocolates,1,Discovery stack,medium
creativeexploration,1,Unclassifiable,low
ritzwinterdelights,1,Season and limited time,high
newyearelegance,1,Season and limited time,high
ペリエ,1,Named outlet and talent,medium
夏ランチ,1,Occasion and service,high
edokiriko,1,Japanese cultural register,high
グリーンカード,1,Unclassifiable,low
parfaitday,1,Occasion and service,medium
urbanescape,1,Discovery stack,medium
cakeart,1,Unclassifiable,low
クリスマススウイーツ,1,Season and limited time,high
seasonaldelights,1,Season and limited time,medium
personalizedservice,1,Brand philosophy,medium
チキンバスケット,1,Occasion and service,medium
東京鉄板焼き,1,Named outlet and talent,medium
神前式,1,Japanese cultural register,high
エコフレンドリー,1,Unclassifiable,low
戸河内ウイスキー,1,Named outlet and talent,medium
和の風情,1,Japanese cultural register,high
木製カードキー,1,Unclassifiable,low
星ヶ岡冷麺,1,Named outlet and talent,medium
東急ホテルズ,1,Group and loyalty,high
子連れ旅行,1,Unclassifiable,low
宴会場鳳凰,1,Named outlet and talent,medium
松茸懐石,1,Japanese cultural register,high
冬限定スイーツ,1,Season and limited time,high
ホテルスイート,1,Occasion and service,medium
panoramicviews,1,Unclassifiable,low
抹茶スィーツ,1,Occasion and service,medium
アースデイ,1,Season and limited time,medium
東京天婦羅,1,Named outlet and talent,medium
キャピトルメニュー,1,Named outlet and talent,medium
鉄板焼きディナー,1,Occasion and service,medium
バナナブレッド,1,Unclassifiable,low
さくらパフェ,1,Occasion and service,medium
桜スィーツ,1,Season and limited time,high
富士,1,Location,medium
ハレの日,1,Occasion and service,medium
歓送迎会,1,Occasion and service,medium
ラロシェル山王,1,Named outlet and talent,medium
shishimai,1,Japanese cultural register,high
新年度,1,Season and limited time,medium
福まめ,1,Japanese cultural register,high
gourmetevening,1,Occasion and service,medium
sakepairing,1,Occasion and service,medium
nightlifeexperience,1,Discovery stack,medium
ピーチメルバ,1,Named outlet and talent,medium
禊,1,Japanese cultural register,high
ピーチアフタヌーンティー,1,Occasion and service,medium
アドヴェント,1,Season and limited time,medium
高知,1,Location,medium
日本建築,1,Japanese cultural register,high
米粉スィーツ,1,Occasion and service,medium
パネトーネ,1,Occasion and service,medium
パフェ巡り,1,Occasion and service,medium
和紙,1,Japanese cultural register,high
creampuff,1,Unclassifiable,low
冬,1,Season and limited time,medium
sunrise,1,Unclassifiable,low
パークハイアット東京デリカテッセン,1,Named outlet and talent,high
discoverkyoto,1,Discovery stack,high
高層階,1,Occasion and service,medium
玄武岩,1,Unclassifiable,low
gettwomorewithhyatt,1,Group and loyalty,high
metropolis,1,Location,medium
urbanresort,1,Discovery stack,medium
客室からの眺め,1,Occasion and service,medium
ピークラウンジ,1,Named outlet and talent,high
牡蠣,1,Japanese cultural register,medium
光と影,1,Unclassifiable,low
コーナースイート,1,Occasion and service,medium
瞑想,1,Occasion and service,medium
ジョンモーフォード,1,Named outlet and talent,high
miekoyuki,1,Named outlet and talent,high
tボーンステーキ,1,Occasion and service,medium
アマンリゾーツ,1,Group and loyalty,high
デリカテッセン,1,Named outlet and talent,high
皇居外苑,1,Location,high
blueberry,1,Unclassifiable,low
客室アメニティー,1,Occasion and service,medium
アースデイ2024,1,Season and limited time,high
ファインジュエリー,1,Unclassifiable,low
夏のデザート,1,Season and limited time,high
版画,1,Unclassifiable,low
秋のイベント,1,Season and limited time,high
アップルマンゴー,1,Unclassifiable,low
北王子魯山人,1,Japanese cultural register,medium
キャンドル,1,Unclassifiable,low
夏のグルメ,1,Season and limited time,high
フライドチキン,1,Occasion and service,medium
レストラン,1,Occasion and service,medium
東京旅行,1,Location,high
高級中華,1,Discovery stack,medium
丸の内,1,Location,high
美しい花,1,Unclassifiable,low
triptotokyo,1,Discovery stack,high
ライブミュージック,1,Occasion and service,medium
ふぐ,1,Japanese cultural register,medium
トロピカルフルーツ,1,Unclassifiable,low
スイーツグラム,1,Discovery stack,medium
ウエディング,1,Occasion and service,medium
清明,1,Season and limited time,medium
ホテル女子会,1,Occasion and service,medium
黒トリュフ,1,Japanese cultural register,medium
愛犬と旅行,1,Occasion and service,medium
エッセンシャルスキン,1,Unclassifiable,low
鰻重,1,Japanese cultural register,medium
workout,1,Occasion and service,medium
ふぐ料理,1,Japanese cultural register,medium
甘味,1,Japanese cultural register,medium
2周年,1,Season and limited time,high
ストロベリーカクテル,1,Occasion and service,medium
ホテルブレッド,1,Occasion and service,medium
コーナーツイン,1,Occasion and service,medium
アマンスキンケアコレクション,1,Named outlet and talent,high
ハロウィンアフタヌーンティー,1,Season and limited time,high
エッグ,1,Occasion and service,medium
ブレックファースト,1,Occasion and service,medium
思い出,1,Unclassifiable,low
金曜日,1,Season and limited time,medium
ありがとうございました,1,Unclassifiable,low
サウナ,1,Occasion and service,high
tatlerbest2025,1,Discovery stack,medium
michelchapoutier,1,Named outlet and talent,medium
エスコフィエ,1,Named outlet and talent,medium
artexhibition,1,Unclassifiable,low
茶懐石,1,Japanese cultural register,high
lito_leafart,1,Named outlet and talent,medium
ルームサプライズ,1,Occasion and service,medium
名護,1,Location,high
お花見スポット,1,Japanese cultural register,high
ftgrecommended,1,Discovery stack,medium
春旅,1,Season and limited time,medium
ストロベリースイーツ,1,Occasion and service,medium
mangaartist,1,Named outlet and talent,medium
紅葉狩り,1,Japanese cultural register,high
マノロブラニク,1,Named outlet and talent,high
パークハイアット花嫁,1,Property identity,medium
condenasttraveller,1,Discovery stack,medium
東京アフタヌーンティー,1,Occasion and service,high
職業体験,1,Unclassifiable,low
パブロワ,1,Named outlet and talent,medium
クロックムッシュ,1,Occasion and service,medium
sakuratreatment,1,Occasion and service,medium
元旦,1,Season and limited time,high
エルボステリア,1,Named outlet and talent,medium
会席,1,Occasion and service,high
seasonalindulgence,1,Season and limited time,medium
恵方巻,1,Japanese cultural register,high
perrier,1,Named outlet and talent,medium
shinemuscatparfait,1,Named outlet and talent,medium
summercocktails,1,Occasion and service,medium
亀泉,1,Named outlet and talent,medium
dessertlovers,1,Discovery stack,medium
holidaysweets,1,Season and limited time,medium
新子,1,Named outlet and talent,medium
ハロウィーンデザート,1,Season and limited time,medium
赤坂鉄板,1,Named outlet and talent,medium
キャピトルクリスマス,1,Season and limited time,high
midautumnfestival,1,Season and limited time,high
東京ダイニング,1,Named outlet and talent,medium
記念コース,1,Occasion and service,medium
桜尾蒸留所,1,Named outlet and talent,medium
ウェルビーイング,1,Occasion and service,medium
小樽,1,Location,high
夏の日差し,1,Season and limited time,medium
鮎,1,Named outlet and talent,medium
大人のご褒美,1,Occasion and service,medium
japanesechristmascake,1,Japanese cultural register,high
能登豚,1,Named outlet and talent,medium
サマートリップ,1,Season and limited time,medium
赤坂ディナーコース,1,Occasion and service,medium
フレンチトースト,1,Occasion and service,medium
桜ロールケーキ,1,Occasion and service,medium
横山操,1,Named outlet and talent,medium
お祝い会食,1,Occasion and service,medium
ginza,1,Location,high
ホテルフレンチ,1,Occasion and service,medium
ルームサービス朝食,1,Occasion and service,medium
一保堂,1,Named outlet and talent,high
tokyospring,1,Season and limited time,high
winepairing,1,Occasion and service,high
おせち,1,Japanese cultural register,high
sipandsavor,1,Discovery stack,medium
限定,1,Season and limited time,high
デトックス,1,Occasion and service,medium
アーリーチェックイン,1,Occasion and service,high
イチジクスィーツ,1,Named outlet and talent,medium
食欲の秋,1,Season and limited time,high
カシミア,1,Unclassifiable,low
はちみつ,1,Unclassifiable,low
sustainabletokyo,1,Discovery stack,medium
御朱印帳集め,1,Japanese cultural register,high
ブランデーケーキ,1,Named outlet and talent,medium
伊勢志摩,1,Location,high
輪島塗,1,Japanese cultural register,high
ピスタチオ,1,Unclassifiable,low
caramelbananapuff,1,Named outlet and talent,medium
autumnafternoontea,1,Occasion and service,high
manhattancocktail,1,Named outlet and talent,medium
newyork,1,Location,high
viewfromparkhyatttokyo,1,Property identity,high
francerestaurantweek,1,Season and limited time,high
welcomedrink,1,Occasion and service,high
バスルーム,1,Unclassifiable,low
blue,1,Unclassifiable,low
パークスイート,1,Property identity,medium
オープンキッチン,1,Named outlet and talent,medium
天空のオアシス,1,Named outlet and talent,medium
アミューズ,1,Occasion and service,medium
シーフード,1,Unclassifiable,low
陰翳礼讃,1,Japanese cultural register,high
夏メニュー,1,Season and limited time,high
アマンスキンケア,1,Named outlet and talent,high
螺旋階段,1,Unclassifiable,low
ジャズライブ,1,Occasion and service,medium
クリスマスパーティーセット,1,Season and limited time,high
早朝,1,Occasion and service,medium
軽井沢,1,Location,high
ランチタイム,1,Occasion and service,high
秋の花,1,Season and limited time,medium
マンゴースイーツ,1,Named outlet and talent,medium
ホテルカフェ,1,Named outlet and talent,medium
星岡茶寮,1,Named outlet and talent,high
長崎,1,Location,high
tokyoexperiences,1,Discovery stack,medium
キャラメル,1,Unclassifiable,low
武蔵,1,Named outlet and talent,medium
ビュッフェバイキング,1,Occasion and service,medium
お祭り,1,Japanese cultural register,high
オリジナルチキン,1,Named outlet and talent,medium
ハイドラフェイシャル,1,Occasion and service,medium
料理長,1,Named outlet and talent,medium
ザ・ラウンジbyアマン,1,Named outlet and talent,high
japanluxurystay,1,Discovery stack,medium
tokyuluxury,1,Discovery stack,medium
ウェディング,1,Occasion and service,high
花のアート,1,Japanese cultural register,medium
vacationinjapan,1,Discovery stack,medium
ホテルビュッフェ,1,Occasion and service,high
ガレット,1,Japanese cultural register,medium
郷土料理,1,Japanese cultural register,high
ウエディングドレス,1,Unclassifiable,low
ハーブガーデンアフタヌーンティ,1,Occasion and service,high
抹茶,1,Japanese cultural register,high
パーティープランナー,1,Unclassifiable,low
プチ贅沢,1,Brand philosophy,medium
マロンスイーツ,1,Japanese cultural register,medium
サプライズ,1,Unclassifiable,low
foodieevent,1,Discovery stack,medium
北海道グルメ,1,Japanese cultural register,high
gym,1,Unclassifiable,low
frenchquisine,1,Japanese cultural register,medium
beautifulhotels,1,Discovery stack,medium
ふぐ刺し,1,Japanese cultural register,high
おやつ,1,Occasion and service,medium
2023special,1,Season and limited time,high
nationalmuseumvisit,1,Location,medium
ショコラ,1,Japanese cultural register,medium
お肉,1,Occasion and service,medium
初詣,1,Japanese cultural register,high
平日ランチ,1,Occasion and service,high
チョコレートパフェ,1,Occasion and service,high
朝食ブッフェ,1,Occasion and service,high
マロンフェア,1,Season and limited time,medium
土曜日,1,Season and limited time,low
五島列島,1,Location,high
謹賀新年,1,Season and limited time,high
キッズ,1,Unclassifiable,low
花金,1,Season and limited time,medium
カウントダウンイベント,1,Season and limited time,high
藍うなぎ,1,Japanese cultural register,medium
切り絵,1,Japanese cultural register,medium
沖縄ホテル,1,Location,high
ご褒美旅,1,Brand philosophy,medium
白いちご,1,Japanese cultural register,medium
strawberryafternoontea,1,Occasion and service,high
バンンタイン,1,Season and limited time,medium
croquemonsieur,1,Japanese cultural register,medium
luxuryfamilytravel,1,Discovery stack,medium
bonsaiteatime,1,Occasion and service,medium
シャインマスカットパフェ,1,Occasion and service,high
ホリデーデザート,1,Season and limited time,medium
sweettooth,1,Unclassifiable,low
スパギフト,1,Occasion and service,medium
seasonseatings,1,Season and limited time,medium
artinhotel,1,Unclassifiable,low
鉄板カウンター,1,Named outlet and talent,medium
mooncake,1,Japanese cultural register,medium
phantomghost,1,Unclassifiable,low
お部屋で休憩,1,Occasion and service,medium
敬老の日,1,Season and limited time,high
ホテルエントランス,1,Named outlet and talent,medium
特別な贈り物,1,Brand philosophy,medium
サステナブルスイーツ,1,Brand philosophy,medium
東京駅,1,Location,high
バナニエ,1,Named outlet and talent,medium
お顔合わせ,1,Occasion and service,medium
ストロベリーデザート,1,Occasion and service,high
frenchcuisine,1,Japanese cultural register,medium
sushiworkshop,1,Occasion and service,high
cocktailculture,1,Japanese cultural register,medium
ノバクジョコビッチ,1,Unclassifiable,low
guidedtokyo,1,Discovery stack,high
ブランケット,1,Unclassifiable,low
julienperrinet,1,Named outlet and talent,high
exlibris,1,Unclassifiable,low
moonviewing,1,Japanese cultural register,medium
takeout,1,Occasion and service,high
モンテビアンコ,1,Named outlet and talent,high
ウェルカムドリンク,1,Occasion and service,high
夕暮れ,1,Japanese cultural register,medium
valentinedinner,1,Season and limited time,high
プール,1,Unclassifiable,low
アントニードナルドソン,1,Named outlet and talent,high
モーニングビュー,1,Occasion and service,high
桃,1,Japanese cultural register,medium
アンジュと頭獅王,1,Unclassifiable,low
デイクリーム,1,Unclassifiable,low
外苑,1,Location,high
ベジタリアンメニュー,1,Occasion and service,high
スクラブ,1,Unclassifiable,low
ヴェラマーサー,1,Named outlet and talent,high
長野,1,Location,high
菊,1,Japanese cultural register,medium
tokyonohexperience,1,Discovery stack,high
限定商品,1,Season and limited time,medium
tokyogarden,1,Location,high
cityguides,1,Discovery stack,high
japangardens,1,Japanese cultural register,medium
永田町,1,Location,high
大宮エリー,1,Named outlet and talent,high
pearlsofjapan,1,Japanese cultural register,medium
eastersurprises,1,Season and limited time,medium
日本の花,1,Japanese cultural register,medium
ftgstay,1,Unclassifiable,low
サマーアフタヌーンティー,1,Occasion and service,high
foodie,1,Discovery stack,high
holidayculture,1,Japanese cultural register,medium
揚げたて,1,Occasion and service,high
ウエディングパーティー,1,Occasion and service,high
matsutake,1,Japanese cultural register,medium
ゆり,1,Japanese cultural register,medium
うな丼,1,Japanese cultural register,medium
hoteldinner,1,Occasion and service,high
tokyo_japan,1,Location,high
日本のお菓子,1,Japanese cultural register,medium
happynewyear2024,1,Season and limited time,high
japaneseartculture,1,Japanese cultural register,medium
ご褒美,1,Unclassifiable,low
パティシェ,1,Named outlet and talent,high
steak,1,Occasion and service,high
秋限定メニュー,1,Season and limited time,high
世界観光デー,1,Season and limited time,high
土瓶蒸し,1,Japanese cultural register,medium
バーテンダー,1,Named outlet and talent,high
publicholiday,1,Season and limited time,high
worldwellnessweekend,1,Season and limited time,high
ワークショップ,1,Occasion and service,high
土用の丑の日,1,Season and limited time,high
ファミリーディナー,1,Occasion and service,high
papercut,1,Unclassifiable,low
名護ホテル,1,Property identity,high
ファミリーステイ,1,Occasion and service,high
桜の名所,1,Japanese cultural register,high
タワーズ,1,Named outlet and talent,medium
ストロベリーアフタヌーンティー,1,Occasion and service,high
christmasdinner,1,Season and limited time,high
midtownchristmas2024,1,Season and limited time,high
新宿御苑,1,Location,high
ミシュラン東京,1,Japanese cultural register,high
天麩羅,1,Japanese cultural register,high
newyearcelebration,1,Season and limited time,high
大宮盆栽,1,Japanese cultural register,high
tokyodessert,1,Discovery stack,high
スキンケア,1,Occasion and service,medium
autumnarts,1,Season and limited time,medium
アニバーサリースイーツ,1,Occasion and service,high
ひんやりスイーツ,1,Occasion and service,medium
街歩き,1,Japanese cultural register,medium
japaneseseasons,1,Japanese cultural register,high
辰野金吾,1,Named outlet and talent,medium
tokyosunset,1,Location,medium
明治神宮,1,Location,high
結納,1,Japanese cultural register,high
foodandwine,1,Discovery stack,medium
sushimaking,1,Occasion and service,medium
tokyogreattours,1,Discovery stack,medium
キャラメルバナナパフ,1,Named outlet and talent,medium
wellbeing,1,Occasion and service,medium
kanoganicrab,1,Named outlet and talent,medium
inkpainting,1,Named outlet and talent,medium
carnegiehall,1,Unclassifiable,low
景色,1,Location,medium
takeaway,1,Occasion and service,medium
シュトレン,1,Occasion and service,medium
complimentarydrinks,1,Occasion and service,medium
クラブオンザパーク,1,Property identity,medium
nightview,1,Occasion and service,medium
エアフロー,1,Unclassifiable,low
高層ビル,1,Location,medium
ナイトプール,1,Occasion and service,medium
クリスマスデコレーション,1,Season and limited time,high
ステイホーム,1,Unclassifiable,low
新宿副都心,1,Location,high
ホワイトデーディナー,1,Season and limited time,high
berrybreeze,1,Named outlet and talent,medium
suitestay,1,Occasion and service,medium
ジョンモーフォード,1,Named outlet and talent,medium
ピークラウンジ,1,Named outlet and talent,medium
shogun,1,Named outlet and talent,medium
worldoceansday,1,Season and limited time,high
tokyobeauty,1,Discovery stack,medium
hamarikyugardens,1,Location,high
ホテルの朝食,1,Occasion and service,high
healthybreakfast,1,Occasion and service,medium
essenceofjapan,1,Brand philosophy,high
花の装飾,1,Japanese cultural register,medium
ftgjapan,1,Unclassifiable,low
tokyoartscene,1,Japanese cultural register,medium
nostalgicdinner,1,Occasion and service,medium
江戸前,1,Japanese cultural register,high
正月,1,Season and limited time,high
贅沢,1,Brand philosophy,medium
高級ホテル,1,Discovery stack,high
ブライダルホテル,1,Discovery stack,high
gift,1,Unclassifiable,low
vegan,1,Unclassifiable,low
ドッグフレンドリー,1,Unclassifiable,low
towelart,1,Occasion and service,medium
百合,1,Japanese cultural register,medium
speciallunch,1,Occasion and service,high
hotelcollection,1,Group and loyalty,high
yearofthedragon2024,1,Season and limited time,high
modernarttokyo,1,Japanese cultural register,medium
霜降り,1,Japanese cultural register,medium
観光と平和,1,Japanese cultural register,medium
宿泊,1,Occasion and service,high
winterseason,1,Season and limited time,high
資生堂,1,Named outlet and talent,high
天草うなぎ,1,Japanese cultural register,medium
ショートケーキ,1,Japanese cultural register,medium
週末ランチ,1,Occasion and service,high
papercutting,1,Japanese cultural register,medium
サントノーレ,1,Named outlet and talent,high
リゾートホテル,1,Discovery stack,high
思い出づくり,1,Brand philosophy,medium
ラグジュアリースイーツ,1,Discovery stack,high
グランメンゾンパリ,1,Named outlet and talent,high
代々木公園,1,Location,high
ゴエミヨクラブ,1,Named outlet and talent,high
sakuracocktail,1,Occasion and service,medium
kidsmemories,1,Brand philosophy,medium
高知県,1,Location,high
christmas2025,1,Season and limited time,high
ファインダイニング東京,1,Named outlet and talent,high
東京ウエディング,1,Occasion and service,high
寝る準備,1,Unclassifiable,low
メロンデザート,1,Japanese cultural register,medium
神楽坂,1,Location,high
浅草寺,1,Location,high
あじさい,1,Japanese cultural register,medium
christmasstay,1,Season and limited time,high
夜景散策,1,Occasion and service,medium
festivedessert,1,Occasion and service,medium
tokyoinautumn,1,Season and limited time,high
kitte丸の内,1,Location,high
根津美術館,1,Location,high
レインボーブリッジ,1,Location,high
小石川後楽園,1,Location,high
exclusivedinner,1,Occasion and service,high
foodieexperience,1,Discovery stack,medium
capitolhoteltokyuhotel,1,Property identity,high
持続可能社会,1,Brand philosophy,medium
japanesecuine,1,Japanese cultural register,medium
newyorkyankees,1,Unclassifiable,low
テイクアウト,1,Occasion and service,high
世界自然保護基金,1,Unclassifiable,low
ハイアットでget2,1,Unclassifiable,low
天空のプール,1,Named outlet and talent,medium
トワイライトタイム,1,Occasion and service,medium
おうち時間,1,Japanese cultural register,medium
結城美栄子,1,Named outlet and talent,high
familyatthepark,1,Discovery stack,medium
shuichiyoshida,1,Named outlet and talent,high
ラウンジ,1,Occasion and service,medium
空想建築,1,Japanese cultural register,medium
フルコース,1,Occasion and service,medium
sannofestival,1,Season and limited time,high
japanesegarden,1,Japanese cultural register,high
livelikealocal,1,Discovery stack,medium
beautifuljapan,1,Discovery stack,medium
energystarttheday,1,Occasion and service,medium
celebrationtokyo,1,Season and limited time,medium
eastercelebrations,1,Season and limited time,high
モダンな生け花,1,Japanese cultural register,medium
forbes,1,Unclassifiable,low
pianoserenade,1,Named outlet and talent,medium
紅白,1,Season and limited time,medium
luxurylivingtokyo,1,Discovery stack,medium
焼き菓子,1,Occasion and service,medium
luxurychristmasdinner,1,Season and limited time,high
ウエディングプラン,1,Occasion and service,medium
サプライズ旅行,1,Occasion and service,medium
カクテルバー,1,Named outlet and talent,medium
giftsideas,1,Unclassifiable,low
veganfood,1,Discovery stack,medium
愛犬と一緒,1,Occasion and service,medium
support,1,Unclassifiable,low
プレゼント,1,Unclassifiable,low
newyearikebana,1,Season and limited time,high
もちろん肉,1,Occasion and service,medium
神社巡り,1,Japanese cultural register,high
dessert,1,Occasion and service,medium
持続可能な観光,1,Japanese cultural register,medium
松茸御飯,1,Japanese cultural register,medium
easteregg,1,Season and limited time,medium
フェイシャルスパ,1,Occasion and service,medium
kaisekiexperience,1,Occasion and service,medium
リトリート,1,Occasion and service,medium
マングローブ,1,Unclassifiable,low
トレーニング,1,Occasion and service,medium
秋婚,1,Season and limited time,high
クリスマスランチ,1,Season and limited time,high
カウントダウンパーティー,1,Season and limited time,high
ギフトアイテム,1,Unclassifiable,low
stollen,1,Occasion and service,medium
gastronomicexperience,1,Occasion and service,medium
greencoin,1,Unclassifiable,low
japanesestyleroom,1,Japanese cultural register,medium
浅草,1,Location,high
pekingduck,1,Occasion and service,medium
pearlday,1,Season and limited time,medium
gastronomyday,1,Season and limited time,medium
anniversarychristmas,1,Season and limited time,high
shanghaicrab,1,Occasion and service,medium
seasonalsweets,1,Occasion and service,medium
festivesweets,1,Unclassifiable,low
tokyoeaster,1,Season and limited time,high
表参道,1,Location,high
お台場,1,Location,high
japanbeauty,1,Japanese cultural register,medium
銀座,1,Location,high
獅子舞,1,Japanese cultural register,high
hie_jinjashrine,1,Location,high
culinarydelights,1,Discovery stack,medium
japanesechristmas,1,Season and limited time,high
ホテルクリスマス,1,Season and limited time,high
gourmetjapan,1,Discovery stack,medium
シュークリーム,1,Named outlet and talent,medium
hotelbath,1,Occasion and service,high
ダイニング,1,Occasion and service,high
rockefellercenter,1,Location,low
フランスレストランウィーク,1,Season and limited time,medium
アースアワー,1,Season and limited time,medium
アーバンリゾート,1,Property identity,medium
年末,1,Season and limited time,high
2021初ステイ,1,Season and limited time,medium
goldenweekstay,1,Season and limited time,high
kenzotange,1,Named outlet and talent,medium
モダンアート,1,Japanese cultural register,medium
tokyoneighbourhoods,1,Location,medium
kaisekidiningexperience,1,Named outlet and talent,medium
和洋中,1,Japanese cultural register,medium
japanesebeauty,1,Japanese cultural register,medium
hospitality,1,Discovery stack,medium
umami,1,Japanese cultural register,medium
calligraphy,1,Japanese cultural register,medium
5starhotel,1,Discovery stack,medium
specialmomentsjapan,1,Brand philosophy,medium
smiletokyo,1,Brand philosophy,medium
春の風景,1,Season and limited time,medium
culturaljapan,1,Japanese cultural register,medium
おめでたい,1,Japanese cultural register,medium
sannosuiteexperience,1,Named outlet and talent,medium
米粉,1,Japanese cultural register,medium
ウエディング会場,1,Occasion and service,high
luxurychristmascuisine,1,Brand philosophy,medium
アイシングクッキー,1,Named outlet and talent,medium
humber,1,Unclassifiable,low
rolecake,1,Named outlet and talent,medium
ドッグウェア,1,Unclassifiable,low
喜ばれる,1,Unclassifiable,low
お菓子,1,Occasion and service,medium
valentinesdaydelights,1,Season and limited time,high
sweetsporn,1,Unclassifiable,low
宿泊プラン,1,Occasion and service,high
cakes,1,Occasion and service,medium
kadomatsu,1,Japanese cultural register,medium
thankyou,1,Unclassifiable,low
winterbreak,1,Season and limited time,medium
ボディケア,1,Occasion and service,high
ブランチタイム,1,Occasion and service,high
冬婚,1,Season and limited time,medium
ブロッサムカフェ,1,Named outlet and talent,medium
hotel_wedding,1,Occasion and service,high
starbaraward,1,Unclassifiable,low
tokyogetaway,1,Discovery stack,medium
truffle,1,Named outlet and talent,medium
holidayseason,1,Season and limited time,high
tokyoramen,1,Discovery stack,high
ゆりかもめ,1,Location,high
shimane_food,1,Discovery stack,high
sakura_tokyo,1,Season and limited time,high
tokyusakura,1,Season and limited time,high
groupstay,1,Occasion and service,medium
梅まつり,1,Season and limited time,high
hotelfitness,1,Occasion and service,medium
serandipians,1,Unclassifiable,low
omakase,1,Occasion and service,high
东急凯彼德大酒店,1,Property identity,high
foodevent,1,Occasion and service,medium
japaneseeel,1,Japanese cultural register,high
christmasjapan,1,Season and limited time,high
クリスマスイルミネーション,1,Season and limited time,high
マンハッタン,1,Location,high
rainbowroom,1,Named outlet and talent,high
ホリデーディナー,1,Occasion and service,high
朝焼け,1,Unclassifiable,low
lunchcourse,1,Occasion and service,medium
ブルーベリー,1,Unclassifiable,low
cyclingtokyo,1,Discovery stack,high
innovativeteaceremony,1,Japanese cultural register,high
kintsugibeauty,1,Japanese cultural register,high
ソムリエ,1,Named outlet and talent,medium
japanesestyle,1,Japanese cultural register,high
matchasweettreats,1,Occasion and service,medium
優雅なひととき,1,Brand philosophy,medium
tokyoeats,1,Discovery stack,high
eggcellenttreats,1,Occasion and service,medium
luxurystrawberryparfait,1,Occasion and service,medium
photography,1,Unclassifiable,low
keyakigrill,1,Named outlet and talent,high
japanluxurytravel,1,Discovery stack,high
米粉スイーツ,1,Occasion and service,medium
1122,1,Unclassifiable,low
christmasatcapitolhotel,1,Season and limited time,high
hotelmade,1,Brand philosophy,medium
hamburgergourmet,1,Discovery stack,high
dogfriendly,1,Unclassifiable,low
sashimi,1,Japanese cultural register,high
startthedayright,1,Brand philosophy,medium
美味しい,1,Unclassifiable,low
sweetluxurydesserts,1,Occasion and service,medium
ごちそう,1,Japanese cultural register,high
ホテルスタッフ,1,Unclassifiable,low
季節の料理,1,Occasion and service,medium
kidsfrinendy,1,Unclassifiable,low
benoit_perie,1,Named outlet and talent,high
capitol_,1,Property identity,medium
ecofriendly,1,Unclassifiable,low
cookie,1,Unclassifiable,low
japaneseshrine,1,Japanese cultural register,high
whiskylovers,1,Unclassifiable,low
gourmettreats,1,Occasion and service,medium
hotellobby,1,Occasion and service,medium
白山神社,1,Japanese cultural register,high
ishikawa,1,Location,high
summervacation,1,Season and limited time,high
hotellounge,1,Named outlet and talent,high
東京湾,1,Location,high
chinesefood,1,Discovery stack,high
blossom,1,Season and limited time,medium
hinamatsuri,1,Season and limited time,high
whiteday2025,1,Season and limited time,high
fukumame,1,Season and limited time,high
sushilovers,1,Discovery stack,medium
michelinkey,1,Discovery stack,medium
東京イルミネーション,1,Season and limited time,high
秋景色,1,Season and limited time,medium
エクスリブリス,1,Named outlet and talent,high
マンハッタンカクテル,1,Named outlet and talent,high
radiocity,1,Location,medium
朝日,1,Unclassifiable,low
weekday,1,Unclassifiable,low
メトロポリス,1,Location,medium
ラズベリー,1,Unclassifiable,low
トーキョースイート,1,Property identity,high
プレミアムスイート,1,Property identity,high
responsibletravel,1,Unclassifiable,low
memorablekaiseki,1,Occasion and service,medium
artofkintsugi,1,Japanese cultural register,high
starfestival,1,Season and limited time,high
americandining,1,Discovery stack,medium
luxuryburger,1,Discovery stack,medium
internationalcuisine,1,Discovery stack,medium
japanpearls,1,Japanese cultural register,medium
easterinjapan,1,Season and limited time,high
witchhazeltokyojapan,1,Location,medium
sweetdesserts,1,Occasion and service,medium
tempuraexperience,1,Occasion and service,medium
tottorichineseculinaryfair,1,Season and limited time,high
newyearpairfait,1,Season and limited time,high
fugufeast,1,Occasion and service,medium
heavenonearth,1,Brand philosophy,medium
luxurycake,1,Occasion and service,medium
authenticjapanesebreakfast,1,Occasion and service,high
japancakeshow,1,Season and limited time,high
couplesdaytokyo,1,Season and limited time,high
fall,1,Season and limited time,medium
magicalchristmastokyo,1,Season and limited time,high
pastry,1,Occasion and service,medium
dogstay,1,Occasion and service,medium
eelbowl,1,Occasion and service,medium
celebratetokyo,1,Location,medium
tokachisweetbeanpaste,1,Japanese cultural register,medium
thankyou2023,1,Season and limited time,high
春限定,1,Season and limited time,high
capitolhoteltokyutreats,1,Property identity,high
カクテルバー東洋,1,Named outlet and talent,high
winterdesserts,1,Season and limited time,high
新,1,Unclassifiable,low
christmasdessert,1,Season and limited time,high
秋限定,1,Season and limited time,high
rejuvination,1,Unclassifiable,low
accommodation,1,Unclassifiable,low
fridaynight,1,Unclassifiable,low
bridalfair,1,Season and limited time,high
sdgs週間,1,Unclassifiable,low
noto,1,Location,high
tokyofoodiela,1,Discovery stack,medium
japaneseaesthetics,1,Japanese cultural register,high
東京ミッドタウン日比谷,1,Location,high
seasonaldesserts,1,Occasion and service,medium
ジュリアンペリネ,1,Named outlet and talent,high
加能ガニ,1,Japanese cultural register,high
蔵書票,1,Japanese cultural register,high
月見,1,Season and limited time,high
日の出,1,Season and limited time,medium
プライベートライブラリー,1,Named outlet and talent,medium
matchamixology,1,Occasion and service,medium
kintsugi,1,Japanese cultural register,high
tanabata,1,Season and limited time,high
kitaojirosanjin,1,Named outlet and talent,high
hotelsfortheholidays,1,Discovery stack,medium
healthytokyo,1,Discovery stack,medium
ikebanaflowerarrangement,1,Japanese cultural register,high
japanluxurydesserts,1,Discovery stack,medium
パスタ,1,Occasion and service,medium
buffetdinner,1,Occasion and service,high
gastronomyjapan,1,Discovery stack,medium
ultimatesuiteexperience,1,Brand philosophy,medium
strawberrylove,1,Season and limited time,medium
riceflour,1,Unclassifiable,low
capitolhotellove,1,Property identity,high
frenchcuisinetokyo,1,Discovery stack,medium
koyo,1,Season and limited time,high
champagnechristmas,1,Season and limited time,high
foodieforlife,1,Discovery stack,medium
chestnut,1,Japanese cultural register,medium
dogfriendlyhotel,1,Discovery stack,medium
lunnch,1,Occasion and service,low
beautifulcuisines,1,Discovery stack,medium
gratefulchristmas,1,Season and limited time,medium
luxurystart,1,Brand philosophy,medium
freshcreambun,1,Occasion and service,medium
2024newyear,1,Season and limited time,high
muscatraisinlove,1,Season and limited time,medium
ikebanaart,1,Japanese cultural register,high
luxurystrawberrycocktails,1,Occasion and service,medium
新宿,1,Location,high
誕生日プレート,1,Occasion and service,medium
pancakes,1,Occasion and service,medium
bartenderlife,1,Unclassifiable,low
togouchiwhisky,1,Named outlet and talent,high
japanesesummer,1,Season and limited time,medium
japaneseflower,1,Japanese cultural register,medium
rochelle_sannou,1,Named outlet and talent,high
🍓,1,Unclassifiable,low
東京カヤッキングツアー,1,Discovery stack,medium
ホテルバス,1,Occasion and service,medium
石川県,1,Location,high
森田武二,1,Named outlet and talent,high
ベリーブリーズ,1,Named outlet and talent,high
japanadventure,1,Discovery stack,medium
authentictraveljapan,1,Discovery stack,medium
wabisabi,1,Japanese cultural register,high
japanesefestival,1,Season and limited time,high
futuretravelguide,1,Discovery stack,medium
tokyofoodi,1,Discovery stack,high
strawberrybreakfast,1,Occasion and service,high
tokyuhotellobby,1,Location,high
strawberryindulgence,1,Occasion and service,medium
5star,1,Discovery stack,medium
suirencapitolhotel,1,Property identity,high
東京パノラマビュー,1,Location,high
luxurygastronomy,1,Discovery stack,medium
tokyoluxurydining,1,Discovery stack,high
swissrollcake,1,Named outlet and talent,low
tokyoluxurystay,1,Discovery stack,high
chiffoncake,1,Named outlet and talent,low
luxurycouplesday,1,Season and limited time,medium
tokyotruffles,1,Named outlet and talent,low
loveintokyo,1,Japanese cultural register,medium
xmasgifts,1,Season and limited time,high
desserttime,1,Occasion and service,medium
chestnutcake,1,Named outlet and talent,low
travelwithdog,1,Discovery stack,medium
lunchtime,1,Occasion and service,high
friendsandfamily,1,Unclassifiable,low
tokyobrunch,1,Occasion and service,high
japanstyle,1,Japanese cultural register,medium
newyeartokyo2024,1,Season and limited time,high
japanculture,1,Japanese cultural register,high
chocolateandmatchacravings,1,Named outlet and talent,low
luxuryflowers,1,Named outlet and talent,low
strawberryfrozenmojito,1,Named outlet and talent,low
wagyusteak,1,Named outlet and talent,low
goodlucknewyear,1,Season and limited time,medium
japanese,1,Japanese cultural register,high
tgif,1,Unclassifiable,low
luxuryintokyo,1,Discovery stack,high
anniversarycourse,1,Occasion and service,medium
coffeebreak,1,Occasion and service,medium
sakuraodistillery,1,Named outlet and talent,low
luxurydessert,1,Occasion and service,medium
veganbreakfast,1,Occasion and service,medium
吉田展大,1,Named outlet and talent,high
小学館,1,Unclassifiable,low
traditionalteaexperience,1,Occasion and service,medium
artofwabisabi,1,Japanese cultural register,medium
togetherintravel,1,Unclassifiable,low
sannomatsuri,1,Japanese cultural register,medium
tokyosushi,1,Discovery stack,high
luxuryjapanexperience,1,Discovery stack,high
seasonalstrawberries,1,Season and limited time,medium
capitolhoyteltokyu,1,Property identity,high
strawberrydinner,1,Occasion and service,medium
gourmetcuisine,1,Discovery stack,medium
tokyotravelexperiences,1,Discovery stack,high
foodblogfeed,1,Unclassifiable,low
weddingcelebrationtokyo,1,Occasion and service,medium
japaninautumn,1,Season and limited time,medium
christmastravel,1,Season and limited time,high
halloweendesserts,1,Season and limited time,medium
travelingwithdogs,1,Discovery stack,medium
indulgenceinroomdining,1,Occasion and service,medium
winterflavours,1,Season and limited time,medium
christmasjoy,1,Season and limited time,high
ソフィア通り,1,Location,high
muscadinecherrybonbons,1,Unclassifiable,low
mintchampagnecocktail,1,Unclassifiable,low
hieshrinetokyo,1,Location,high
darumacake,1,Unclassifiable,low
cakesofinstagram,1,Unclassifiable,low
chinese,1,Japanese cultural register,low
ニューヨーク,1,Location,high
ファミリーアットザパーク,1,Unclassifiable,low
アンジュと頭獅王,1,Unclassifiable,low
tokyoteaculture,1,Japanese cultural register,medium
japanart,1,Japanese cultural register,medium
capitolhotelanniversary,1,Season and limited time,high
tokyocuisine,1,Japanese cultural register,medium
japanesenewyeardecor,1,Season and limited time,high
berryliciousparfait,1,Unclassifiable,low
omotenashihospitality,1,Japanese cultural register,high
strawberrylunch,1,Occasion and service,medium
cityscaperoom,1,Unclassifiable,low
tokyobreakfast,1,Occasion and service,medium
foodfluffer,1,Unclassifiable,low
lovecapitolhotel,1,Property identity,high
tokyoautumn,1,Season and limited time,high
christmasplanner,1,Season and limited time,high
luxuryoasisdining,1,Unclassifiable,low
suirensenses,1,Unclassifiable,low
japanesefoodexperience,1,Japanese cultural register,medium
japandelicious,1,Japanese cultural register,medium
外濠公園,1,Location,high
cookieassortmentlove,1,Unclassifiable,low
strawberrymartini,1,Unclassifiable,low
deliciousnewyearsweets,1,Season and limited time,high
gastronomyexperience,1,Unclassifiable,low
christmasparfait,1,Season and limited time,high
traveltuesday,1,Unclassifiable,low
winterholiday,1,Season and limited time,high
🍧,1,Unclassifiable,low
カーネギーホール,1,Location,high
スイートステイ,1,Occasion and service,medium
teaceremonymagic,1,Japanese cultural register,medium
flowersinstagram,1,Unclassifiable,low
softcoloursofaomoji,1,Unclassifiable,low
japanesefoodculture,1,Japanese cultural register,medium
capitoltokyuhoteldinner,1,Named outlet and talent,high
luxuryfoodie,1,Unclassifiable,low
sannosuiteperfection,1,Unclassifiable,low
luxurydesserts,1,Unclassifiable,low
eattheworld,1,Unclassifiable,low
romantictokyo,1,Discovery stack,medium
japanfinefood,1,Japanese cultural register,medium
halloweencake,1,Season and limited time,high
summerdesserts,1,Season and limited time,high
tokyoskylinecuisine,1,Japanese cultural register,medium
tokyuexperience,1,Discovery stack,medium
kanazawafood,1,Japanese cultural register,medium
dessertheaven,1,Unclassifiable,low
靖国神社,1,Location,high
luxurycookies,1,Unclassifiable,low
tokyoluxurysweets,1,Japanese cultural register,medium
floraldecor,1,Unclassifiable,low
luxuryliqueur,1,Discovery stack,medium
prosperousnewyear,1,Season and limited time,high
newyearintokyo,1,Location,high
christmastradition,1,Season and limited time,high
discoverytokyo,1,Discovery stack,high
ニューヨークヤンキース,1,Unclassifiable,high
breakfastviews,1,Occasion and service,medium
springikebana,1,Japanese cultural register,high
maidenhair,1,Unclassifiable,low
sweetandsourflavours,1,Unclassifiable,low
2024japan,1,Season and limited time,medium
contemporaryhotel,1,Discovery stack,medium
tottoricuisine,1,Japanese cultural register,high
tokyoluxurydinner,1,Discovery stack,medium
fuguexperience,1,Named outlet and talent,medium
celebrategoodcouplesday,1,Season and limited time,medium
japanfoodie,1,Discovery stack,high
autumncolours,1,Season and limited time,high
halloweendecor,1,Season and limited time,high
festivetokyo,1,Season and limited time,high
japanesegourmetexperience,1,Japanese cultural register,medium
北の丸公園,1,Location,high
sweettokyotreats,1,Discovery stack,medium
japanvalentinestreats,1,Season and limited time,medium
newyearflowers,1,Season and limited time,medium
tokyojapan,1,Location,high
tradition,1,Japanese cultural register,medium
レインボールーム,1,Named outlet and talent,high
strawberriesinjapan,1,Japanese cultural register,medium
luxuryhotellobby,1,Discovery stack,medium
旅行,1,Unclassifiable,low
camellia,1,Unclassifiable,low
tempuradelight,1,Named outlet and talent,medium
aweinspiringviews,1,Unclassifiable,low
tokyofoodblogger,1,Discovery stack,medium
cuisinegastronomy,1,Unclassifiable,low
tokyofinedining,1,Discovery stack,medium
traveltojapan,1,Discovery stack,high
autumnvibes,1,Season and limited time,medium
japanesedinner,1,Japanese cultural register,medium
gastronomyinroom,1,Occasion and service,medium
tokyotreats,1,Discovery stack,medium
日本武道館,1,Location,high
capitolhotelindulgence,1,Property identity,high
tokyoricecakes,1,Japanese cultural register,medium
gourmetcelebration,1,Occasion and service,medium
tokyutokyo,1,Location,high
festiveflavours,1,Unclassifiable,low
ラジオシティ,1,Named outlet and talent,high
観光スポット,1,Location,high
luxurytokyostay,1,Discovery stack,medium
indulgenttreats,1,Unclassifiable,low
forbes5star,1,Unclassifiable,low
parfaitlovers,1,Unclassifiable,low
strawberrygourmet,1,Japanese cultural register,medium
tokyodesserts,1,Discovery stack,medium
tokyoweddinglove,1,Season and limited time,medium
luxurychristmasjapan,1,Season and limited time,high
inroomhoteldining,1,Occasion and service,medium
fugudelights,1,Named outlet and talent,medium
foodiefavorites,1,Discovery stack,medium
千鳥ヶ淵,1,Location,high
strawberrydrink,1,Occasion and service,medium
christmasfestivities,1,Season and limited time,high
tokyuhotels,1,Discovery stack,high
newyeartokyo,1,Season and limited time,high
christmasiscoming,1,Season and limited time,high
beautyoftokyo,1,Location,medium
tokyotravelguide,1,Discovery stack,medium
cityview,1,Location,medium
tokyoluxuryeats,1,Discovery stack,medium
luxuryjapanesebreakfast,1,Occasion and service,medium
celebratewithcapitolhotel,1,Property identity,high
luxuryhoteljapan,1,Discovery stack,high
suirerestaurant,1,Named outlet and talent,high
gourmetwinter,1,Season and limited time,medium
アークヒルズ,1,Location,high
deliciousjapan,1,Japanese cultural register,medium
cocktaildelight,1,Occasion and service,medium
tepppanyakiexperience,1,Occasion and service,medium
tokyoadventures,1,Discovery stack,medium
darumacelebration,1,Season and limited time,medium
tokyoikebana,1,Japanese cultural register,high
peaceandwarmth,1,Brand philosophy,medium
japanesefinedining,1,Japanese cultural register,high
luxurybreakfasttokyo,1,Occasion and service,medium
luxuryinroomgastronomy,1,Occasion and service,medium
sensoryexperience,1,Brand philosophy,medium
毛利庭園,1,Location,high
indulgeinluxury,1,Brand philosophy,medium
christmasdelights,1,Season and limited time,high
newyearcelebrations,1,Season and limited time,high
capitolhotellobby,1,Named outlet and talent,high
歴史,1,Japanese cultural register,high
strawberrydelights,1,Occasion and service,medium
lovininjapan,1,Japanese cultural register,medium
tokyoskylinedining,1,Occasion and service,medium
goshuincho,1,Japanese cultural register,medium
cookiedelights,1,Occasion and service,medium
tokyofoodexperience,1,Discovery stack,medium
explorejapan,1,Discovery stack,medium
springflowers,1,Season and limited time,medium
写真家,1,Unclassifiable,low
origamirestauranttokyo,1,Named outlet and talent,high
tokyowedding,1,Occasion and service,medium
christmascelebrate,1,Season and limited time,high
inroomculinaryexperience,1,Occasion and service,medium
hokkaidofoodie,1,Discovery stack,medium
parfaitperfection,1,Occasion and service,medium
中平卓馬,1,Unclassifiable,low
lovejapan,1,Japanese cultural register,medium
weddings,1,Occasion and service,medium
桜満開,1,Season and limited time,high
岸田劉生,1,Unclassifiable,low
goodcouplesday,1,Season and limited time,medium
都心の桜,1,Location,high
sweetcapitoltreats,1,Occasion and service,medium
momatcollection,1,Group and loyalty,medium
画家,1,Unclassifiable,low
tokyogoodcouplesday,1,Season and limited time,medium
桜スポット,1,Japanese cultural register,high
thenationalmuseumofmodernarttokyo,1,Location,high
美術,1,Japanese cultural register,medium
春の風物詩,1,Season and limited time,high
現代美術,1,Japanese cultural register,medium
桜名所,1,Japanese cultural register,high
