ownerUsername,timestamp,likesCount,commentsCount,type,hashtags/0,hashtags/1,hashtags/2,hashtags/3,hashtags/4,hashtags/5,hashtags/6,hashtags/7,hashtags/8,hashtags/9,hashtags/10,hashtags/11,hashtags/12,hashtags/13,hashtags/14,hashtags/15,hashtags/16,hashtags/17,hashtags/18,hashtags/19,hashtags/20,hashtags/21,hashtags/22,hashtags/23,hashtags/24,hashtags/25,hashtags/26,hashtags/27,hashtags/28,hashtags/29
aman_tokyo,2026-07-16T09:49:13.000Z,1010,10,Sidecar,AmanResorts,AmanTokyo,アマン東京,ザカフェbyアマン,,,,,,,,,,,,,,,,,,,,,,,,,,
aman_tokyo,2026-06-03T11:15:08.000Z,1496,23,Image,,,,,,,,,,,,,,,,,,,,,,,,,,,,,,
aman_tokyo,2026-07-07T17:28:25.000Z,2269,19,Sidecar,AmanTokyo,アマン東京,,,,,,,,,,,,,,,,,,,,,,,,,,,,
ritzcarltontokyo,2026-08-29T10:00:02.000Z,330,1,Sidecar,リッツカールトン東京,RitzCarltonTokyo,RitzCarlton,リッツカールトン,RCMemories,,,,,,,,,,,,,,,,,,,,,,,,,
aman_tokyo,2026-07-24T11:23:17.000Z,1042,9,Sidecar,AmanResorts,AmanTokyo,アマン東京,プール,,,,,,,,,,,,,,,,,,,,,,,,,,
aman_tokyo,2026-08-13T15:01:22.000Z,1226,10,Sidecar,AmanResorts,AmanTokyo,アマン東京,武蔵byアマン,,,,,,,,,,,,,,,,,,,,,,,,,,
ritzcarltontokyo,2026-08-15T10:00:03.000Z,240,1,Sidecar,リッツカールトン東京,RitzCarltonTokyo,RitzCarlton,日本料理ひのきざか,RCMemories,,,,,,,,,,,,,,,,,,,,,,,,,
ritzcarltontokyo,2026-08-31T10:00:03.000Z,388,5,Sidecar,ritzcarlton,ritzcarltontokyo,リッツカールトン東京,TheBarTokyo,RCMemories,,,,,,,,,,,,,,,,,,,,,,,,,
ritzcarltontokyo,2026-09-02T10:00:02.000Z,58,0,Sidecar,ritzcarltontokyo,リッツカールトン東京,シャインマスカット,ぶどう,RCMemories,,,,,,,,,,,,,,,,,,,,,,,,,
aman_tokyo,2026-07-22T11:30:22.000Z,562,2,Sidecar,AmanWellness,AmanTokyo,アマン東京,アマンスパ,,,,,,,,,,,,,,,,,,,,,,,,,,
ritzcarltontokyo,2026-08-20T10:00:02.000Z,537,1,Sidecar,リッツカールトン東京,RitzCarltonTokyo,RitzCarlton,アフタヌーンティー,RCMemories,,,,,,,,,,,,,,,,,,,,,,,,,
thepeninsulatokyo,2026-08-14T12:18:51.000Z,331,4,Sidecar,,,,,,,,,,,,,,,,,,,,,,,,,,,,,,
ritzcarltontokyo,2026-08-11T10:00:03.000Z,292,0,Sidecar,リッツカールトン東京,RitzCarltonTokyo,RitzCarlton,HéritagebyKeiKobayashi,RCMemories,,,,,,,,,,,,,,,,,,,,,,,,,
ritzcarltontokyo,2026-08-22T10:00:02.000Z,407,2,Sidecar,ritzcarlton,ritzcarltontokyo,リッツカールトン東京,リッツカールトン,RCMemories,,,,,,,,,,,,,,,,,,,,,,,,,
ritzcarltontokyo,2026-08-25T10:55:47.000Z,291,0,Sidecar,ritzcarlton,ritzcarltontokyo,リッツカールトン東京,リッツカールトン,RCMemories,,,,,,,,,,,,,,,,,,,,,,,,,
aman_tokyo,2026-08-08T12:32:14.000Z,1399,4,Sidecar,AmanResorts,AmanTokyo,アマン東京,ザラウンジbyアマン,中国料理,,,,,,,,,,,,,,,,,,,,,,,,,
ritzcarltontokyo,2026-08-08T10:00:02.000Z,249,1,Sidecar,リッツカールトン東京,RitzCarltonTokyo,RitzCarlton,東京ミッドタウン,RCMemories,,,,,,,,,,,,,,,,,,,,,,,,,
aman,2026-06-20T09:00:51.000Z,2750,8,Sidecar,,,,,,,,,,,,,,,,,,,,,,,,,,,,,,
ritzcarltontokyo,2026-08-27T10:00:07.000Z,176,1,Video,ritzcarlton,ritzcarltontokyo,RitzCarltonBaku,リッツカールトン,RCMemories,,,,,,,,,,,,,,,,,,,,,,,,,
thepeninsulatokyo,2026-08-20T11:35:19.000Z,305,6,Sidecar,,,,,,,,,,,,,,,,,,,,,,,,,,,,,,
ritzcarltontokyo,2026-08-16T10:00:01.000Z,563,9,Sidecar,Asias50BestBars,50BestBars,RitzCarltonTokyo,TheBarTokyo,リッツカールトン東京,,,,,,,,,,,,,,,,,,,,,,,,,
aman,2026-08-29T11:15:36.000Z,2755,28,Video,,,,,,,,,,,,,,,,,,,,,,,,,,,,,,
aman,2026-07-27T21:45:35.000Z,2105,57,Video,,,,,,,,,,,,,,,,,,,,,,,,,,,,,,
ritzcarltontokyo,2026-08-13T10:00:02.000Z,1401,7,Sidecar,リッツカールトン東京,RitzCarltonTokyo,RitzCarlton,リッツカールトン,RCMemories,,,,,,,,,,,,,,,,,,,,,,,,,
thepeninsulatokyo,2026-08-17T13:53:25.000Z,241,2,Sidecar,,,,,,,,,,,,,,,,,,,,,,,,,,,,,,
thepeninsulatokyo,2026-08-24T12:54:10.000Z,186,2,Image,,,,,,,,,,,,,,,,,,,,,,,,,,,,,,
janutokyo,2026-07-19T11:00:28.000Z,252,2,Sidecar,WelcomeToJanu,JanuTokyo,,,,,,,,,,,,,,,,,,,,,,,,,,,,
ritzcarltontokyo,2026-07-14T10:00:01.000Z,550,5,Sidecar,リッツカールトン東京,RitzCarltonTokyo,RitzCarlton,Asias50BestBars,RCMemories,,,,,,,,,,,,,,,,,,,,,,,,,
thepeninsulatokyo,2026-07-14T10:26:23.000Z,284,3,Sidecar,,,,,,,,,,,,,,,,,,,,,,,,,,,,,,
janutokyo,2026-07-17T13:00:44.000Z,271,3,Sidecar,WelcomeToJanu,JanuTokyo,,,,,,,,,,,,,,,,,,,,,,,,,,,,
thepeninsulatokyo,2026-07-12T01:20:16.000Z,279,4,Sidecar,PenMoments,,,,,,,,,,,,,,,,,,,,,,,,,,,,,
ritzcarltontokyo,2026-07-24T10:00:02.000Z,440,2,Sidecar,リッツカールトン東京,RitzCarltonTokyo,RitzCarlton,tokyostay,RCMemories,,,,,,,,,,,,,,,,,,,,,,,,,
ritzcarltontokyo,2026-07-31T10:00:02.000Z,428,2,Sidecar,リッツカールトン東京,RitzCarltonTokyo,tokyostay,リッツカールトン,RCMemories,,,,,,,,,,,,,,,,,,,,,,,,,
janutokyo,2026-07-30T23:00:30.000Z,171,1,Sidecar,WelcomeToJanu,JanuTokyo,,,,,,,,,,,,,,,,,,,,,,,,,,,,
janutokyo,2026-08-20T21:30:28.000Z,306,2,Sidecar,WelcomeToJanu,JanuTokyo,,,,,,,,,,,,,,,,,,,,,,,,,,,,
janutokyo,2026-07-25T11:00:43.000Z,264,1,Sidecar,WelcomeToJanu,JanuTokyo,,,,,,,,,,,,,,,,,,,,,,,,,,,,
janutokyo,2026-08-13T21:15:44.000Z,492,5,Sidecar,WelcomeToJanu,JanuTokyo,,,,,,,,,,,,,,,,,,,,,,,,,,,,
janutokyo,2026-08-08T11:00:41.000Z,221,1,Sidecar,WelcomeToJanu,JanuTokyo,,,,,,,,,,,,,,,,,,,,,,,,,,,,
janutokyo,2026-07-28T11:00:22.000Z,100,0,Sidecar,,,,,,,,,,,,,,,,,,,,,,,,,,,,,,
ritzcarltontokyo,2026-08-04T10:00:03.000Z,183,0,Sidecar,リッツカールトン東京,RitzCarltonTokyo,RitzCarlton,リッツカールトンスパ東京,RCMemories,,,,,,,,,,,,,,,,,,,,,,,,,
ritzcarltontokyo,2026-07-30T10:00:01.000Z,465,3,Sidecar,リッツカールトン東京,RitzCarltonTokyo,ninametayer,リッツカールトン,RCMemories,,,,,,,,,,,,,,,,,,,,,,,,,
thepeninsulatokyo,2026-07-16T09:33:23.000Z,173,3,Sidecar,,,,,,,,,,,,,,,,,,,,,,,,,,,,,,
janutokyo,2026-07-20T11:00:22.000Z,203,1,Sidecar,WelcomeToJanu,JanuTokyo,,,,,,,,,,,,,,,,,,,,,,,,,,,,
ritzcarltontokyo,2026-08-01T10:00:03.000Z,327,2,Sidecar,リッツカールトン東京,RitzCarltonTokyo,RitzCarlton,神宮外苑花火大会,RCMemories,,,,,,,,,,,,,,,,,,,,,,,,,
ritzcarltontokyo,2026-07-19T10:00:01.000Z,298,3,Sidecar,リッツカールトン東京,RitzCarltonTokyo,RitzCarlton,リッツカールトンスパ東京,RCMemories,,,,,,,,,,,,,,,,,,,,,,,,,
ritzcarltontokyo,2026-07-21T10:00:02.000Z,304,1,Sidecar,HéritagebyKeiKobayashi,ritzcarltontokyo,RitzCarltonMaldives,リッツカールトン,RCMemories,,,,,,,,,,,,,,,,,,,,,,,,,
thepeninsulatokyo,2026-07-20T07:41:22.000Z,236,2,Sidecar,,,,,,,,,,,,,,,,,,,,,,,,,,,,,,
ritzcarltontokyo,2026-07-27T10:00:02.000Z,629,1,Sidecar,リッツカールトン東京,RitzCarltonTokyo,RitzCarlton,アフタヌーンティー,RCMemories,,,,,,,,,,,,,,,,,,,,,,,,,
janutokyo,2026-07-22T11:00:28.000Z,500,4,Sidecar,JanuTokyo,,,,,,,,,,,,,,,,,,,,,,,,,,,,,
janutokyo,2026-08-28T04:00:55.000Z,283,0,Sidecar,,,,,,,,,,,,,,,,,,,,,,,,,,,,,,
ritzcarltontokyo,2026-08-06T10:00:02.000Z,415,2,Sidecar,ritzcarlton,ritzcarltontokyo,リッツカールトン東京,リッツカールトン,RCMemories,,,,,,,,,,,,,,,,,,,,,,,,,
ritzcarltontokyo,2026-07-12T10:00:02.000Z,239,0,Sidecar,リッツカールトン東京,RitzCarltonTokyo,RitzCarlton,リッツキッズ,RCMemories,,,,,,,,,,,,,,,,,,,,,,,,,
thepeninsulatokyo,2026-08-22T13:03:45.000Z,140,1,Sidecar,,,,,,,,,,,,,,,,,,,,,,,,,,,,,,
janutokyo,2026-08-30T11:00:40.000Z,113,2,Sidecar,WelcomeToJanu,JanuTokyo,,,,,,,,,,,,,,,,,,,,,,,,,,,,
ritzcarltontokyo,2026-07-17T10:00:02.000Z,258,0,Sidecar,リッツカールトン東京,RitzCarltonTokyo,RitzCarlton,日本料理ひのきざか,RCMemories,,,,,,,,,,,,,,,,,,,,,,,,,
parkhyatttokyo,2026-07-24T08:30:19.000Z,1211,8,Sidecar,ParkHyattTokyo⁠,ParkHyatt⁠,Delicatessen⁠,パークハイアット東京⁠,デリカテッセン⁠,,,,,,,,,,,,,,,,,,,,,,,,,
parkhyatttokyo,2026-08-26T08:30:37.000Z,1183,4,Sidecar,ParkHyattTokyo⁠,ParkHyatt⁠,AfternoonTea⁠,パークハイアット東京⁠,アフタヌーンティー,,,,,,,,,,,,,,,,,,,,,,,,,
ritzcarltontokyo,2026-07-11T10:00:01.000Z,491,2,Sidecar,ritzcarlton,ritzcarltontokyo,RitzCarltonMaldives,リッツカールトン,RCMemories,,,,,,,,,,,,,,,,,,,,,,,,,
janutokyo,2026-05-17T22:05:14.000Z,248,0,Sidecar,WelcomeToJanu,JanuTokyo,,,,,,,,,,,,,,,,,,,,,,,,,,,,
ritzcarltontokyo,2026-07-07T10:00:02.000Z,425,3,Sidecar,リッツカールトン東京,RitzCarltonTokyo,RitzCarlton,白桃,RCMemories,,,,,,,,,,,,,,,,,,,,,,,,,
parkhyatttokyo,2026-08-21T08:30:24.000Z,932,4,Sidecar,ParkHyattTokyo⁠,ParkHyatt⁠,LuxuryIsPersonal⁠,パークハイアット東京⁠,パークハイアット,,,,,,,,,,,,,,,,,,,,,,,,,
ritzcarltontokyo,2026-06-21T10:00:02.000Z,394,3,Sidecar,リッツカールトン東京,RitzCarltonTokyo,RitzCarlton,tokyobar,RCMemories,,,,,,,,,,,,,,,,,,,,,,,,,
parkhyatttokyo,2026-08-31T08:30:23.000Z,589,2,Sidecar,ParkHyattTokyo,ParkHyatt⁠,NewYorkGrill⁠,パークハイアット東京⁠,ニューヨークグリル,,,,,,,,,,,,,,,,,,,,,,,,,
janutokyo,2026-06-08T23:00:19.000Z,473,2,Sidecar,WelcomeToJanu,JanuTokyo,,,,,,,,,,,,,,,,,,,,,,,,,,,,
ritzcarltontokyo,2026-06-19T10:00:03.000Z,362,1,Sidecar,リッツカールトン東京,RitzCarltonTokyo,Roppongi,MoriArtMuseum,TokyoExperience,,,,,,,,,,,,,,,,,,,,,,,,,
ritzcarltontokyo,2026-07-10T10:00:03.000Z,334,4,Sidecar,リッツカールトン東京,RitzCarltonTokyo,RitzCarlton,tokyostay,RCMemories,,,,,,,,,,,,,,,,,,,,,,,,,
parkhyatttokyo,2026-08-14T08:30:19.000Z,484,4,Sidecar,ParkHyattTokyo⁠,ParkHyatt⁠,PeakLounge⁠,パークハイアット東京⁠,ピークラウンジ,,,,,,,,,,,,,,,,,,,,,,,,,
ritzcarltontokyo,2026-07-03T10:00:02.000Z,151,1,Sidecar,リッツカールトン東京,RitzCarltonTokyo,RitzCarlton,リッツカールトンスパ東京,RCMemories,,,,,,,,,,,,,,,,,,,,,,,,,
parkhyatttokyo,2026-08-29T08:30:35.000Z,682,1,Sidecar,ParkHyattTokyo⁠,ParkHyatt⁠,ClubOnThePark⁠,パークハイアット東京⁠,クラブオンザパーク,,,,,,,,,,,,,,,,,,,,,,,,,
ritzcarltontokyo,2026-06-16T10:00:02.000Z,366,1,Sidecar,リッツカールトン東京,RitzCarltonTokyo,美食体験,カリナリージャーニー,RCMemories,,,,,,,,,,,,,,,,,,,,,,,,,
janutokyo,2026-05-25T21:32:27.000Z,99,0,Sidecar,WelcomeToJanu,JanuTokyo,,,,,,,,,,,,,,,,,,,,,,,,,,,,
ritzcarltontokyo,2026-06-26T10:00:01.000Z,418,1,Sidecar,リッツカールトン東京,RitzCarltonTokyo,RitzCarlton,アフタヌーンティー,RCMemories,,,,,,,,,,,,,,,,,,,,,,,,,
janutokyo,2026-06-12T11:00:25.000Z,114,0,Sidecar,,,,,,,,,,,,,,,,,,,,,,,,,,,,,,
janutokyo,2026-05-31T06:30:13.000Z,216,0,Sidecar,,,,,,,,,,,,,,,,,,,,,,,,,,,,,,
parkhyatttokyo,2026-07-27T09:15:24.000Z,1078,12,Sidecar,ParkHyattTokyo⁠,ParkHyatt⁠,LuxuryIsPersonal⁠,パークハイアット東京⁠,パークハイアット⁠,,,,,,,,,,,,,,,,,,,,,,,,,
parkhyatttokyo,2026-08-24T08:30:21.000Z,453,2,Sidecar,ParkHyattTokyo,ParkHyatt⁠,MastersofFoodandWine⁠,パークハイアット東京⁠,パークハイアット,,,,,,,,,,,,,,,,,,,,,,,,,
janutokyo,2026-06-05T11:00:42.000Z,248,0,Sidecar,WelcomeToJanu,JanuTokyo,,,,,,,,,,,,,,,,,,,,,,,,,,,,
ritzcarltontokyo,2026-06-23T10:00:03.000Z,788,1,Sidecar,リッツカールトン東京,RitzCarltonTokyo,RitzCarlton,リッツキッズ,RCMemories,,,,,,,,,,,,,,,,,,,,,,,,,
parkhyatttokyo,2026-07-22T08:30:02.000Z,924,9,Sidecar,ParkHyattTokyo⁠,ParkHyatt⁠,NewYorkBar⁠,パークハイアット東京⁠,ニューヨークバー,,,,,,,,,,,,,,,,,,,,,,,,,
parkhyatttokyo,2026-08-11T08:30:02.000Z,795,5,Sidecar,ParkHyattTokyo⁠,ParkHyatt⁠,LuxuryIsPersonal⁠,パークハイアット東京⁠,パークハイアット,,,,,,,,,,,,,,,,,,,,,,,,,
janutokyo,2026-06-16T11:00:23.000Z,233,2,Sidecar,WelcomeToJanu,JanuTokyo,,,,,,,,,,,,,,,,,,,,,,,,,,,,
parkhyatttokyo,2026-08-05T08:30:37.000Z,578,7,Sidecar,ParkHyattTokyo⁠,ParkHyatt⁠,LuxuryIsPersonal⁠,パークハイアット東京⁠,パークハイアット,,,,,,,,,,,,,,,,,,,,,,,,,
parkhyatttokyo,2026-08-18T08:30:46.000Z,263,0,Sidecar,ParkHyattTokyo⁠,ParkHyatt⁠,MastersofFoodandWine⁠,パークハイアット東京⁠,パークハイアット,,,,,,,,,,,,,,,,,,,,,,,,,
ritzcarltontokyo,2026-06-09T10:00:01.000Z,317,0,Sidecar,リッツカールトン東京,RitzCarltonTokyo,RitzCarlton,tokyostay,RCMemories,,,,,,,,,,,,,,,,,,,,,,,,,
ritzcarlton,2026-06-02T21:00:02.000Z,692,11,Sidecar,,,,,,,,,,,,,,,,,,,,,,,,,,,,,,
parkhyatttokyo,2026-07-08T08:30:38.000Z,936,7,Sidecar,3,ParkHyattTokyo⁠,ParkHyatt⁠,LuxuryIsPersonal⁠,パークハイアット東京⁠,パークハイアット⁠,,,,,,,,,,,,,,,,,,,,,,,,
parkhyatttokyo,2026-06-27T08:30:37.000Z,952,7,Sidecar,ParkHyattTokyo⁠,ParkHyatt⁠,NewYorkGrill⁠,パークハイアット東京⁠,ニューヨークグリル,,,,,,,,,,,,,,,,,,,,,,,,,
ritzcarltontokyo,2026-05-31T10:00:09.000Z,274,2,Sidecar,リッツカールトン東京,RitzCarltonTokyo,RitzCarlton,日本料理ひのきざか,RCMemories,,,,,,,,,,,,,,,,,,,,,,,,,
janutokyo,2026-04-06T11:45:16.000Z,257,3,Sidecar,JanuTokyo,,,,,,,,,,,,,,,,,,,,,,,,,,,,,
parkhyatttokyo,2026-07-31T08:47:11.000Z,368,2,Sidecar,ParkHyattTokyo⁠,ParkHyatt⁠,Kozue⁠,パークハイアット東京⁠,梢,,,,,,,,,,,,,,,,,,,,,,,,,
parkhyatttokyo,2026-07-09T08:40:50.000Z,1653,16,Sidecar,ParkHyattTokyo⁠,ParkHyatt⁠,LuxuryIsPersonal⁠,パークハイアット東京⁠,パークハイアット⁠,,,,,,,,,,,,,,,,,,,,,,,,,
ritzcarltontokyo,2026-06-14T10:00:04.000Z,178,2,Sidecar,リッツカールトン東京,RitzCarltonTokyo,RitzCarlton,リッツキッズ,RCMemories,,,,,,,,,,,,,,,,,,,,,,,,,
ritzcarltontokyo,2026-06-28T10:00:04.000Z,127,1,Sidecar,リッツカールトン東京,RitzCarltonTokyo,RitzCarlton,リッツカールトンスパ東京,RCMemories,,,,,,,,,,,,,,,,,,,,,,,,,
ritzcarltontokyo,2026-05-26T10:00:06.000Z,347,1,Sidecar,リッツカールトン東京,RitzCarltonTokyo,RitzCarlton,tokyobar,RCMemories,,,,,,,,,,,,,,,,,,,,,,,,,
janutokyo,2026-04-12T08:00:22.000Z,406,3,Sidecar,WelcomeToJanu,JanuTokyo,,,,,,,,,,,,,,,,,,,,,,,,,,,,
ritzcarltontokyo,2026-05-29T10:00:04.000Z,695,7,Sidecar,リッツカールトン東京,RitzCarltonTokyo,RitzCarlton,アフタヌーンティー,RCMemories,,,,,,,,,,,,,,,,,,,,,,,,,
parkhyatttokyo,2026-07-12T08:30:22.000Z,693,6,Sidecar,ParkHyattTokyo⁠,ParkHyatt⁠,PeakLounge⁠,パークハイアット東京⁠,ピークラウンジ⁠,,,,,,,,,,,,,,,,,,,,,,,,,
ritzcarltontokyo,2026-05-24T10:00:03.000Z,406,0,Sidecar,リッツカールトン東京,RitzCarltonTokyo,RitzCarlton,tokyostay,RCMemories,,,,,,,,,,,,,,,,,,,,,,,,,
ritzcarltontokyo,2026-06-12T10:00:02.000Z,287,5,Sidecar,リッツカールトン東京,RitzCarltonTokyo,RitzCarlton,tokyostay,RCMemories,,,,,,,,,,,,,,,,,,,,,,,,,
janutokyo,2026-04-15T08:00:26.000Z,240,0,Sidecar,WelcomeToJanu,JanuTokyo,,,,,,,,,,,,,,,,,,,,,,,,,,,,
januhotels,2026-04-04T08:15:30.000Z,701,3,Sidecar,JanuTokyo,,,,,,,,,,,,,,,,,,,,,,,,,,,,,
parkhyatttokyo,2026-07-15T08:43:36.000Z,522,6,Sidecar,ParkHyattTokyo⁠,Kozue,JapaneseCuisine,パークハイアット東京⁠,梢,,,,,,,,,,,,,,,,,,,,,,,,,
parkhyatttokyo,2026-06-09T08:33:34.000Z,879,9,Sidecar,ParkHyattTokyo⁠,ParkHyatt⁠,LuxuryIsPersonal⁠,パークハイアット東京⁠,パークハイアット⁠,,,,,,,,,,,,,,,,,,,,,,,,,
parkhyatttokyo,2026-06-24T08:30:26.000Z,1083,6,Sidecar,ParkHyattTokyo⁠,ParkHyatt⁠,AfternoonTea⁠,パークハイアット東京⁠,アフタヌーンティー⁠,,,,,,,,,,,,,,,,,,,,,,,,,
parkhyatttokyo,2026-06-12T09:39:16.000Z,742,3,Sidecar,ParkHyattTokyo⁠,ParkHyatt⁠,LuxuryIsPersonal⁠,パークハイアット東京⁠,パークハイアット⁠,,,,,,,,,,,,,,,,,,,,,,,,,
parkhyatttokyo,2026-07-04T08:30:28.000Z,278,2,Sidecar,ParkHyattTokyo⁠,ParkHyatt⁠,LuxuryIsPersonal⁠,パークハイアット東京⁠,パークハイアット⁠,,,,,,,,,,,,,,,,,,,,,,,,,
ritzcarltontokyo,2026-04-17T10:00:00.000Z,433,0,Sidecar,リッツカールトン東京,RitzCarltonTokyo,RitzCarlton,tokyostay,RCMemories,,,,,,,,,,,,,,,,,,,,,,,,,
ritzcarltontokyo,2026-04-21T10:00:00.000Z,278,1,Sidecar,リッツカールトン東京,RitzCarltonTokyo,RitzCarlton,tokyostay,RCMemories,,,,,,,,,,,,,,,,,,,,,,,,,
ritzcarltontokyo,2026-05-12T10:00:00.000Z,203,1,Sidecar,リッツカールトン東京,RitzCarltonTokyo,RitzCarlton,パトロンエルアルト,RCMemories,,,,,,,,,,,,,,,,,,,,,,,,,
janutokyo,2026-03-20T18:15:23.000Z,628,0,Sidecar,WelcomeToJanu,JanuTokyo,,,,,,,,,,,,,,,,,,,,,,,,,,,,
janutokyo,2026-03-22T11:46:14.000Z,1446,8,Sidecar,,,,,,,,,,,,,,,,,,,,,,,,,,,,,,
ritzcarltontokyo,2026-04-26T10:00:00.000Z,847,8,Sidecar,リッツカールトン東京,RitzCarltonTokyo,RitzCarlton,BestViewInTokyo,RCMemories,,,,,,,,,,,,,,,,,,,,,,,,,
janutokyo,2026-02-28T17:06:21.000Z,387,4,Sidecar,,,,,,,,,,,,,,,,,,,,,,,,,,,,,,
ritzcarltontokyo,2026-05-03T10:00:00.000Z,447,2,Sidecar,リッツカールトン東京,RitzCarltonTokyo,RitzCarlton,tokyobar,RCMemories,,,,,,,,,,,,,,,,,,,,,,,,,
ritzcarltontokyo,2026-05-05T10:00:00.000Z,658,1,Sidecar,リッツカールトン東京,RitzCarltonTokyo,RitzCarlton,家族旅行,staycation,,,,,,,,,,,,,,,,,,,,,,,,,
ritzcarltontokyo,2026-05-08T10:00:00.000Z,267,1,Sidecar,リッツカールトン東京,RitzCarltonTokyo,RitzCarlton,HéritagebyKeiKobayashi,RCMemories,,,,,,,,,,,,,,,,,,,,,,,,,
janutokyo,2026-03-05T09:00:41.000Z,208,3,Sidecar,WelcomeToJanu,JanuTokyo,,,,,,,,,,,,,,,,,,,,,,,,,,,,
ritzcarltontokyo,2026-05-01T10:00:00.000Z,227,2,Sidecar,リッツカールトン東京,RitzCarltonTokyo,RitzCarlton,tokyobar,worlds50bestbars,,,,,,,,,,,,,,,,,,,,,,,,,
parkhyatttokyo,2026-07-01T08:37:09.000Z,623,9,Video,ParkHyattTokyo⁠,ParkHyatt⁠,LuxuryIsPersonal⁠,パークハイアット東京⁠,パークハイアット⁠,,,,,,,,,,,,,,,,,,,,,,,,,
janutokyo,2026-03-28T11:41:26.000Z,317,3,Sidecar,,,,,,,,,,,,,,,,,,,,,,,,,,,,,,
janutokyo,2026-03-30T13:25:27.000Z,521,3,Sidecar,JanuTokyo,,,,,,,,,,,,,,,,,,,,,,,,,,,,,
janutokyo,2026-04-03T07:40:19.000Z,238,0,Sidecar,WelcomeToJanu,JanuTokyo,,,,,,,,,,,,,,,,,,,,,,,,,,,,
parkhyatttokyo,2026-06-20T08:30:21.000Z,519,4,Sidecar,ParkHyattTokyo⁠,ParkHyatt⁠,GirandolebyAlainDucasse⁠,パークハイアット東京⁠,ジランドールbyアランデュカス,,,,,,,,,,,,,,,,,,,,,,,,,
ritzcarltontokyo,2026-05-15T10:00:00.000Z,376,3,Sidecar,リッツカールトン東京,RitzCarltonTokyo,RitzCarlton,女子旅,RCMemories,,,,,,,,,,,,,,,,,,,,,,,,,
ritzcarltontokyo,2026-06-05T10:00:08.000Z,481,4,Sidecar,リッツカールトン東京,RitzCarltonTokyo,RitzCarlton,日本料理ひのきざか,RCMemories,,,,,,,,,,,,,,,,,,,,,,,,,
ritzcarltontokyo,2026-05-22T10:00:00.000Z,1066,6,Sidecar,リッツカールトン東京,RitzCarltonTokyo,RitzCarlton,マンゴーパフェ,RCMemories,,,,,,,,,,,,,,,,,,,,,,,,,
parkhyatttokyo,2026-05-24T12:45:16.000Z,1688,8,Sidecar,ParkHyattTokyo,ParkHyatt⁠,NewYorkGrill⁠,パークハイアット東京⁠,ニューヨークグリル,,,,,,,,,,,,,,,,,,,,,,,,,
janutokyo,2026-03-24T15:25:20.000Z,143,0,Sidecar,,,,,,,,,,,,,,,,,,,,,,,,,,,,,,
parkhyatttokyo,2026-05-21T08:33:40.000Z,827,7,Sidecar,ParkHyattTokyo⁠,ParkHyatt,PeakLounge⁠,パークハイアット東京⁠,ピークラウンジ,,,,,,,,,,,,,,,,,,,,,,,,,
janutokyo,2026-02-19T12:54:17.000Z,162,2,Sidecar,,,,,,,,,,,,,,,,,,,,,,,,,,,,,,
janutokyo,2026-04-01T11:35:48.000Z,138,1,Sidecar,JanuTokyo,,,,,,,,,,,,,,,,,,,,,,,,,,,,,
ritzcarltontokyo,2026-05-19T10:00:00.000Z,318,3,Video,リッツカールトン東京,RitzCarltonTokyo,ninametayer,ニナザリッツカールトン東京,RCMemories,,,,,,,,,,,,,,,,,,,,,,,,,
ritzcarltontokyo,2026-03-17T11:00:00.000Z,642,4,Sidecar,リッツカールトン東京,RitzCarltonTokyo,RitzCarlton,roppongi,BestViewInTokyo,,,,,,,,,,,,,,,,,,,,,,,,,
ritzcarltontokyo,2026-03-29T10:00:00.000Z,412,3,Sidecar,リッツカールトン東京,RitzCarltonTokyo,RitzCarlton,roppongi,RCMemories,,,,,,,,,,,,,,,,,,,,,,,,,
janutokyo,2026-01-18T23:00:19.000Z,412,2,Sidecar,WelcomeToJanu,JanuTokyo,,,,,,,,,,,,,,,,,,,,,,,,,,,,
ritzcarltontokyo,2026-04-05T10:00:00.000Z,357,0,Sidecar,リッツカールトン東京,RitzCarltonTokyo,RitzCarlton,tokyobar,RCMemories,,,,,,,,,,,,,,,,,,,,,,,,,
ritzcarltontokyo,2026-04-03T10:00:00.000Z,857,3,Sidecar,リッツカールトン東京,RitzCarltonTokyo,RitzCarlton,BestViewInTokyo,RCMemories,,,,,,,,,,,,,,,,,,,,,,,,,
ritzcarltontokyo,2026-03-22T11:00:00.000Z,609,2,Image,リッツカールトン東京,RitzCarltonTokyo,RitzCarlton,roppongi,RCMemories,,,,,,,,,,,,,,,,,,,,,,,,,
ritzcarltontokyo,2026-04-14T10:00:00.000Z,618,1,Sidecar,リッツカールトン東京,RitzCarltonTokyo,日本料理ひのきざか,RCMemories,,,,,,,,,,,,,,,,,,,,,,,,,,
ritzcarltontokyo,2026-04-12T10:00:00.000Z,1334,1,Sidecar,リッツカールトン東京,RitzCarltonTokyo,ninametayer,ニナザリッツカールトン東京,RCMemories,,,,,,,,,,,,,,,,,,,,,,,,,
ritzcarltontokyo,2026-03-31T10:00:00.000Z,779,2,Sidecar,リッツカールトン東京,RitzCarltonTokyo,RitzCarlton,アフタヌーンティー,RCMemories,,,,,,,,,,,,,,,,,,,,,,,,,
janutokyo,2026-01-27T22:20:24.000Z,499,32,Sidecar,WelcomeToJanu,JanuTokyo,,,,,,,,,,,,,,,,,,,,,,,,,,,,
janutokyo,2026-02-13T11:03:18.000Z,100,0,Sidecar,,,,,,,,,,,,,,,,,,,,,,,,,,,,,,
janutokyo,2026-02-11T14:18:14.000Z,170,2,Sidecar,WelcometoJanu,JanuTokyo,,,,,,,,,,,,,,,,,,,,,,,,,,,,
janutokyo,2026-02-07T17:55:56.000Z,149,2,Sidecar,WelcomeToJanu,JanuTokyo,,,,,,,,,,,,,,,,,,,,,,,,,,,,
janutokyo,2026-02-17T11:03:21.000Z,266,1,Sidecar,,,,,,,,,,,,,,,,,,,,,,,,,,,,,,
janutokyo,2026-02-15T14:27:14.000Z,299,14,Sidecar,WelcometoJanu,JanuTokyo,,,,,,,,,,,,,,,,,,,,,,,,,,,,
januhotels,2026-01-09T17:15:44.000Z,531,38,Sidecar,,,,,,,,,,,,,,,,,,,,,,,,,,,,,,
janutokyo,2026-02-26T12:00:33.000Z,123,0,Sidecar,,,,,,,,,,,,,,,,,,,,,,,,,,,,,,
ritzcarltontokyo,2026-04-07T10:00:00.000Z,354,4,Sidecar,リッツカールトン東京,RitzCarltonTokyo,RitzCarlton,HéritagebyKeiKobayashi,エリタージュバイケイコバヤシ,,,,,,,,,,,,,,,,,,,,,,,,,
ritzcarltontokyo,2026-04-10T10:07:53.000Z,301,0,Sidecar,リッツカールトン東京,RitzCarltonTokyo,RitzCarlton,BestViewInTokyo,RCMemories,,,,,,,,,,,,,,,,,,,,,,,,,
janutokyo,2026-02-21T14:33:09.000Z,810,6,Image,,,,,,,,,,,,,,,,,,,,,,,,,,,,,,
ritzcarltontokyo,2026-03-27T10:00:00.000Z,1566,6,Sidecar,リッツカールトン東京,RitzCarltonTokyo,アフタヌーンティー,BeedeChaumet,Chaumet,,,,,,,,,,,,,,,,,,,,,,,,,
janutokyo,2026-02-09T13:05:50.000Z,190,23,Sidecar,,,,,,,,,,,,,,,,,,,,,,,,,,,,,,
ritzcarltontokyo,2026-04-28T10:00:00.000Z,262,0,Sidecar,リッツカールトン東京,RitzCarltonTokyo,RitzCarlton,BastienGonzalez,フットケア,,,,,,,,,,,,,,,,,,,,,,,,,
parkhyatttokyo,2026-03-04T14:16:38.000Z,575,3,Sidecar,ParkHyattTokyo⁠,ParkHyatt⁠,ClubOnThePark⁠,パークハイアット東京⁠,クラブオンザパーク,,,,,,,,,,,,,,,,,,,,,,,,,
parkhyatttokyo,2026-03-01T02:15:58.000Z,1250,3,Sidecar,ParkHyattTokyo⁠,ParkHyatt⁠,PeakBar⁠,パークハイアット東京⁠,ピークバー,,,,,,,,,,,,,,,,,,,,,,,,,
parkhyatttokyo,2026-04-03T08:30:23.000Z,1263,6,Sidecar,ParkHyattTokyo⁠,Kozue⁠,JapaneseCuisine⁠,パークハイアット東京⁠,梢⁠,,,,,,,,,,,,,,,,,,,,,,,,,
parkhyatttokyo,2026-03-31T08:30:41.000Z,1147,7,Sidecar,ParkHyattTokyo⁠,ParkHyatt⁠,CherryBlossom⁠,パークハイアット東京⁠,パークハイアット⁠,,,,,,,,,,,,,,,,,,,,,,,,,
ritzcarltontokyo,2026-02-24T11:00:00.000Z,594,2,Sidecar,リッツカールトン東京,RitzCarltonTokyo,RitzCarlton,LuxuryStay,RCMemories,,,,,,,,,,,,,,,,,,,,,,,,,
ritzcarltontokyo,2026-02-22T11:00:00.000Z,352,4,Sidecar,リッツカールトン東京,RitzCarltonTokyo,RitzCarlton,LuxurySpa,RCMemories,,,,,,,,,,,,,,,,,,,,,,,,,
parkhyatttokyo,2026-04-07T09:20:40.000Z,994,3,Sidecar,ParkHyattTokyo⁠,ParkHyatt⁠,LuxuryIsPersonal⁠,パークハイアット東京⁠,パークハイアット⁠,,,,,,,,,,,,,,,,,,,,,,,,,
ritzcarltontokyo,2026-03-10T11:00:00.000Z,201,1,Sidecar,リッツカールトン東京,RitzCarltonTokyo,RitzCarlton,リッツカールトンスパ東京,RCMemories,,,,,,,,,,,,,,,,,,,,,,,,,
ritzcarltontokyo,2026-03-01T11:00:00.000Z,574,2,Sidecar,リッツカールトン東京,RitzCarltonTokyo,RitzCarlton,tokyobar,RCMemories,,,,,,,,,,,,,,,,,,,,,,,,,
parkhyatttokyo,2026-03-08T04:00:29.000Z,1000,6,Sidecar,InternationalWomensDay,IWD2026,ParkHyattTokyo,パークハイアット東京⁠,国際女性デー,,,,,,,,,,,,,,,,,,,,,,,,,
ritzcarltontokyo,2026-03-08T11:00:00.000Z,1233,6,Sidecar,リッツカールトン東京,RitzCarltonTokyo,RitzCarlton,あまりん,苺パフェ,,,,,,,,,,,,,,,,,,,,,,,,,
ritzcarltontokyo,2026-03-06T11:00:00.000Z,447,4,Sidecar,リッツカールトン東京,RitzCarltonTokyo,RitzCarlton,BestViewInTokyo,MountFujiView,,,,,,,,,,,,,,,,,,,,,,,,,
parkhyatttokyo,2026-03-27T09:30:36.000Z,1379,9,Sidecar,ParkHyattTokyo,ParkHyatt⁠,NewYorkBar⁠,パークハイアット東京⁠,ニューヨークバー⁠,,,,,,,,,,,,,,,,,,,,,,,,,
parkhyatttokyo,2026-03-17T08:30:49.000Z,1600,7,Sidecar,ParkHyattTokyo⁠,ParkHyatt⁠,AfternoonTea⁠,パークハイアット東京⁠,アフタヌーンティー⁠,,,,,,,,,,,,,,,,,,,,,,,,,
ritzcarltontokyo,2026-05-10T10:00:00.000Z,437,0,Sidecar,リッツカールトン東京,RitzCarltonTokyo,RitzCarlton,tokyorestaurant,RCMemories,,,,,,,,,,,,,,,,,,,,,,,,,
ritzcarltontokyo,2026-03-04T11:00:00.000Z,613,2,Sidecar,リッツカールトン東京,RitzCarltonTokyo,RitzCarlton,あまりん,RCMemories,,,,,,,,,,,,,,,,,,,,,,,,,
ritzcarltonistanbul,2026-02-27T12:00:31.000Z,346,8,Sidecar,RitzCarltonTokyo,RitzCarlton,DiscoverTokyo,QuietLuxury,RCMemories,,,,,,,,,,,,,,,,,,,,,,,,,
parkhyatttokyo,2026-03-15T08:30:23.000Z,1244,7,Sidecar,ParkHyattTokyo⁠,Kozue⁠,JapaneseCuisine⁠,パークハイアット東京⁠,梢⁠,,,,,,,,,,,,,,,,,,,,,,,,,
ritzcarltontokyo,2026-02-20T11:00:00.000Z,476,4,Sidecar,リッツカールトン東京,RitzCarltonTokyo,RitzCarlton,HéritagebyKeiKobayashi,RCMemories,,,,,,,,,,,,,,,,,,,,,,,,,
parkhyatttokyo,2026-03-21T08:30:22.000Z,739,3,Image,ParkHyattTokyo⁠,ParkHyatt⁠,LuxuryIsPersonal⁠,パークハイアット東京⁠,パークハイアット⁠,,,,,,,,,,,,,,,,,,,,,,,,,
parkhyatttokyo,2026-03-23T09:45:32.000Z,766,4,Sidecar,ParkHyattTokyo,ParkHyatt⁠,GirandolebyAlainDucasse,パークハイアット東京⁠,ジランドールbyアランデュカス⁠,,,,,,,,,,,,,,,,,,,,,,,,,
ritzcarltontokyo,2026-01-22T11:00:00.000Z,279,0,Sidecar,リッツカールトン東京,RitzCarltonTokyo,RitzCarlton,獺祭,Dassai,,,,,,,,,,,,,,,,,,,,,,,,,
ritzcarltontokyo,2026-01-16T11:00:00.000Z,525,3,Sidecar,リッツカールトン東京,RitzCarltonTokyo,RitzCarlton,アフタヌーンティー,RCMemories,,,,,,,,,,,,,,,,,,,,,,,,,
ritzcarltontokyo,2026-01-30T11:00:00.000Z,938,5,Sidecar,リッツカールトン東京,RitzCarltonTokyo,RitzCarlton,LuxuryStay,RCMemories,,,,,,,,,,,,,,,,,,,,,,,,,
ritzcarltontokyo,2026-02-08T11:00:00.000Z,346,1,Sidecar,リッツカールトン東京,RitzCarltonTokyo,RitzCarlton,九平次,RCMemories,,,,,,,,,,,,,,,,,,,,,,,,,
ritzcarltontokyo,2026-02-06T11:00:00.000Z,331,0,Sidecar,リッツカールトン東京,RitzCarltonTokyo,RitzCarlton,三須農園,RCMemories,,,,,,,,,,,,,,,,,,,,,,,,,
ritzcarltontokyo,2026-03-13T11:00:00.000Z,307,1,Sidecar,リッツカールトン東京,RitzCarltonTokyo,RitzCarlton,三須トマト農園,RCMemories,,,,,,,,,,,,,,,,,,,,,,,,,
parkhyatttokyo,2026-01-26T09:00:47.000Z,1350,5,Sidecar,ParkHyattTokyo⁠,ParkHyatt⁠,Kozue⁠,パークハイアット東京⁠,梢⁠,,,,,,,,,,,,,,,,,,,,,,,,,
ritzcarltontokyo,2026-02-15T11:00:00.000Z,666,4,Sidecar,リッツカールトン東京,RitzCarltonTokyo,RitzCarlton,アフタヌーンティー,RCMemories,,,,,,,,,,,,,,,,,,,,,,,,,
parkhyatttokyo,2026-02-10T08:53:01.000Z,1006,4,Sidecar,ParkHyattTokyo⁠,ParkHyatt⁠,PastryBoutique⁠,Valentine⁠,パークハイアット東京⁠,パークハイアット⁠,ペストリーブティック,バレンタインスイーツ⁠,,,,,,,,,,,,,,,,,,,,,,
parkhyatttokyo,2026-01-29T09:30:44.000Z,931,1,Sidecar,ParkHyattTokyo,ParkHyatt⁠,NewYorkBar⁠,パークハイアット東京⁠,ニューヨークバー⁠,,,,,,,,,,,,,,,,,,,,,,,,,
parkhyatttokyo,2026-02-12T09:00:35.000Z,1419,7,Sidecar,ParkHyattTokyo,ParkHyatt⁠,NewYorkGrill⁠,パークハイアット東京⁠,ニューヨークグリル,,,,,,,,,,,,,,,,,,,,,,,,,
ritzcarltontokyo,2026-02-13T11:00:00.000Z,790,3,Sidecar,リッツカールトン東京,RitzCarltonTokyo,RitzCarlton,tokyohotel,RCMemories,,,,,,,,,,,,,,,,,,,,,,,,,
ritzcarltontokyo,2026-01-24T11:00:00.000Z,914,4,Sidecar,リッツカールトン東京,RitzCarltonTokyo,RitzCarlton,LuxuryStay,RCMemories,,,,,,,,,,,,,,,,,,,,,,,,,
parkhyatttokyo,2026-02-02T10:28:22.000Z,1420,5,Sidecar,ParkHyattTokyo,ParkHyatt⁠,GirandolebyAlainDucasse,パークハイアット東京⁠,ジランドールbyアランデュカス⁠,,,,,,,,,,,,,,,,,,,,,,,,,
parkhyatttokyo,2026-01-22T14:09:23.000Z,700,5,Image,ParkHyattTokyo⁠,ParkHyatt⁠,LuxuryIsPersonal⁠,パークハイアット東京⁠,パークハイアット⁠,,,,,,,,,,,,,,,,,,,,,,,,,
ritzcarltontokyo,2026-02-12T01:39:58.000Z,982,9,Sidecar,リッツカールトン東京,RitzCarltonTokyo,RitzCarlton,ForbesTravelGuide2026,RCMemories,,,,,,,,,,,,,,,,,,,,,,,,,
parkhyatttokyo,2026-02-19T06:00:45.000Z,927,1,Sidecar,ParkHyattTokyo⁠,ParkHyatt⁠,PeakLounge⁠,パークハイアット東京⁠,ピークラウンジ,,,,,,,,,,,,,,,,,,,,,,,,,
parkhyatttokyo,2026-01-19T09:00:27.000Z,1507,7,Sidecar,ParkHyattTokyo⁠,ParkHyatt⁠,AfternoonTea⁠,パークハイアット東京⁠,アフタヌーンティー⁠,,,,,,,,,,,,,,,,,,,,,,,,,
ritzcarltontokyo,2026-01-26T11:00:00.000Z,560,1,Sidecar,リッツカールトン東京,RitzCarltonTokyo,RitzCarlton,LuxuryStay,RCMemories,,,,,,,,,,,,,,,,,,,,,,,,,
parkhyatttokyo,2026-02-06T09:00:43.000Z,960,4,Sidecar,ParkHyattTokyo⁠,ParkHyatt⁠,LuxuryIsPersonal⁠,パークハイアット東京⁠,パークハイアット⁠,,,,,,,,,,,,,,,,,,,,,,,,,
ritzcarltontokyo,2026-02-03T11:00:00.000Z,586,0,Sidecar,リッツカールトン東京,RitzCarltonTokyo,RitzCarlton,バレンタインギフト,RCMemories,,,,,,,,,,,,,,,,,,,,,,,,,
ritzcarltontokyo,2026-01-05T11:00:00.000Z,163,0,Sidecar,リッツカールトン東京,RitzCarltonTokyo,RitzCarlton,LuxurySpa,RCMemories,,,,,,,,,,,,,,,,,,,,,,,,,
ritzcarltontokyo,2025-12-26T11:00:00.000Z,350,0,Sidecar,リッツカールトン東京,RitzCarltonTokyo,エリタージュバイケイコバヤシ,HéritagebyKeiKobayashi,ミシュラングルメ,,,,,,,,,,,,,,,,,,,,,,,,,
ritzcarltontokyo,2025-12-19T11:00:00.000Z,411,2,Sidecar,LateCheckout,RitzCarltonTokyo,Ritzcarlton,リッツカールトン東京,RCMemories,,,,,,,,,,,,,,,,,,,,,,,,,
parkhyatttokyo,2025-12-25T08:40:14.000Z,1456,7,Image,ParkHyattTokyo⁠,ParkHyatt⁠,LuxuryIsPersonal,Christmas⁠,パークハイアット東京⁠,パークハイアット⁠,クリスマス⁠,,,,,,,,,,,,,,,,,,,,,,,
ritzcarltontokyo,2026-01-08T11:00:00.000Z,479,3,Sidecar,リッツカールトン東京,RitzCarltonTokyo,RitzCarlton,tokyobar,SirDavis,,,,,,,,,,,,,,,,,,,,,,,,,
ritzcarltontokyo,2026-01-13T11:00:00.000Z,1183,9,Sidecar,リッツカールトン東京,RitzCarltonTokyo,RitzCarlton,バレンタインチョコ,RCMemories,,,,,,,,,,,,,,,,,,,,,,,,,
ritzcarltontokyo,2026-01-01T03:00:00.000Z,646,2,Sidecar,リッツカールトン東京,RitzCarltonTokyo,RitzCarlton,LuxuryStay,RCMemories,,,,,,,,,,,,,,,,,,,,,,,,,
ritzcarltontokyo,2025-12-30T11:00:00.000Z,528,3,Sidecar,リッツカールトン東京,RitzCarltonTokyo,RitzCarlton,LuxuryStay,RCMemories,,,,,,,,,,,,,,,,,,,,,,,,,
ritzcarltontokyo,2025-12-23T11:00:00.000Z,506,2,Video,RitzCarltonTokyo,tokyomidtown,リッツカールトン東京,東京ミッドタウン,RCMemories,,,,,,,,,,,,,,,,,,,,,,,,,
ritzcarltontokyo,2025-12-28T11:00:00.000Z,672,6,Video,リッツカールトン東京,RitzCarltonTokyo,RitzCarlton,BarExperience,TokyoBarScene,,,,,,,,,,,,,,,,,,,,,,,,,
parkhyatttokyo,2026-03-12T09:00:25.000Z,449,3,Video,ParkHyattTokyo⁠,ParkHyatt⁠,LuxuryIsPersonal⁠,パークハイアット東京⁠,パークハイアット⁠,,,,,,,,,,,,,,,,,,,,,,,,,
ritzcarltontokyo,2026-02-26T11:00:00.000Z,237,9,Video,RitzCarltonIstanbul,RCIstanbul,RCMemories,,,,,,,,,,,,,,,,,,,,,,,,,,,
parkhyatttokyo,2026-01-10T13:45:50.000Z,766,6,Sidecar,ParkHyattTokyo,ParkHyatt,LuxuryIsPersonal,Library⁠,パークハイアット⁠,パークハイアット東京⁠,,,,,,,,,,,,,,,,,,,,,,,,
ritzcarltontokyo,2025-12-21T11:00:00.000Z,979,2,Sidecar,RitzCarltonTokyo,tokyomidtown,リッツカールトン東京,東京ミッドタウン,,,,,,,,,,,,,,,,,,,,,,,,,,
ritzcarltontokyo,2026-01-11T11:00:00.000Z,685,2,Sidecar,リッツカールトン東京,RitzCarltonTokyo,RitzCarlton,日枝神社,RCMemories,,,,,,,,,,,,,,,,,,,,,,,,,
parkhyatttokyo,2026-01-01T01:50:16.000Z,1281,4,Image,ParkHyattTokyo,ParkHyatt⁠,LuxuryIsPersonal⁠,パークハイアット東京⁠,,,,,,,,,,,,,,,,,,,,,,,,,,
parkhyatttokyo,2026-01-16T02:30:40.000Z,1225,6,Sidecar,ParkHyattTokyo,ParkHyatt⁠,Reopening,LuxuryIsPersonal⁠,ClubOnThePark,Pool⁠,パークハイアット東京⁠,ホテルスパ,クラブオンザパーク⁠,,,,,,,,,,,,,,,,,,,,,
parkhyatttokyo,2026-01-05T08:30:18.000Z,654,4,Sidecar,ParkHyattTokyo⁠,ParkHyatt⁠,LuxuryIsPersonal,Kozue⁠,パークハイアット東京⁠,パークハイアット⁠,梢,日本料理,,,,,,,,,,,,,,,,,,,,,,
parkhyatttokyo,2025-12-31T07:00:21.000Z,1668,12,Image,ParkHyattTokyo,ParkHyatt⁠,LuxuryIsPersonal⁠,パークハイアット東京⁠,,,,,,,,,,,,,,,,,,,,,,,,,,
ritzcarltontokyo,2026-03-15T11:00:00.000Z,446,4,Sidecar,リッツカールトン東京,RitzCarltonTokyo,RitzCarlton,roppongi,RCMemories,,,,,,,,,,,,,,,,,,,,,,,,,
parkhyatttokyo,2026-02-25T09:39:04.000Z,1186,4,Sidecar,ParkHyattTokyo,ParkHyatt⁠,GirandolebyAlainDucasse,パークハイアット東京⁠,ジランドールbyアランデュカス⁠,,,,,,,,,,,,,,,,,,,,,,,,,
janutokyo,2025-11-30T12:00:17.000Z,138,0,Sidecar,,,,,,,,,,,,,,,,,,,,,,,,,,,,,,
janutokyo,2025-12-03T12:00:17.000Z,405,3,Sidecar,WelcometoJanu,JanuTokyo,,,,,,,,,,,,,,,,,,,,,,,,,,,,
janutokyo,2025-11-28T12:00:28.000Z,255,1,Sidecar,WelcomeToJanu,JanuTokyo,,,,,,,,,,,,,,,,,,,,,,,,,,,,
parkhyatttokyo,2025-12-29T08:00:49.000Z,701,1,Sidecar,ParkHyattTokyo,ParkHyatt⁠,GirandolebyAlainDucasse,LuxuryIsPersonal⁠,パークハイアット東京⁠,ジランドールbyアランデュカス⁠,,,,,,,,,,,,,,,,,,,,,,,,
parkhyatttokyo,2026-02-22T09:38:09.000Z,1238,8,Sidecar,ParkHyattTokyo⁠,ParkHyatt⁠,LuxuryIsPersonal⁠,パークハイアット東京⁠,パークハイアット⁠,,,,,,,,,,,,,,,,,,,,,,,,,
parkhyatttokyo,2026-01-03T06:00:46.000Z,1307,3,Sidecar,ParkHyattTokyo⁠,ParkHyatt⁠,LuxuryIsPersonal,PeakLounge⁠,パークハイアット東京⁠,パークハイアット⁠,ピークラウンジ,,,,,,,,,,,,,,,,,,,,,,,
ritzcarltontokyo,2026-01-20T11:00:00.000Z,567,7,Sidecar,リッツカールトン東京,RitzCarltonTokyo,RitzCarlton,LuxuryStay,RCMemories,,,,,,,,,,,,,,,,,,,,,,,,,
janutokyo,2025-10-01T11:00:22.000Z,469,5,Sidecar,WelcomeToJanu,JanuTokyo,,,,,,,,,,,,,,,,,,,,,,,,,,,,
parkhyatttokyo,2026-02-14T09:00:00.000Z,554,3,Video,ParkHyattTokyo⁠,ParkHyatt⁠,Kozue⁠,パークハイアット東京⁠,梢⁠,,,,,,,,,,,,,,,,,,,,,,,,,
janutokyo,2025-12-05T12:00:21.000Z,250,1,Sidecar,WelcometoJanu,JanuTokyo,,,,,,,,,,,,,,,,,,,,,,,,,,,,
janutokyo,2025-09-06T11:13:16.000Z,112,1,Sidecar,WelcometoJanu,JanuTokyo,,,,,,,,,,,,,,,,,,,,,,,,,,,,
janutokyo,2025-09-26T08:27:12.000Z,196,0,Sidecar,WelcomeToJanu,JanuTokyo,,,,,,,,,,,,,,,,,,,,,,,,,,,,
janutokyo,2025-11-15T13:01:21.000Z,428,0,Image,,,,,,,,,,,,,,,,,,,,,,,,,,,,,,
janutokyo,2025-11-26T13:02:07.000Z,450,6,Sidecar,,,,,,,,,,,,,,,,,,,,,,,,,,,,,,
ritzcarltontokyo,2025-11-21T11:00:00.000Z,1237,5,Sidecar,RitzCarltonTokyo,Ritzcarlton,リッツカールトン東京,東京ホテル,アフタヌーンティー,LateCheckout,,,,,,,,,,,,,,,,,,,,,,,,
janutokyo,2025-09-18T12:38:11.000Z,168,1,Sidecar,,,,,,,,,,,,,,,,,,,,,,,,,,,,,,
ritzcarltontokyo,2025-11-23T11:00:00.000Z,322,1,Sidecar,リッツカールトン東京,RitzCarltonTokyo,RitzCarlton,RCMemories,LuxuryStay,,,,,,,,,,,,,,,,,,,,,,,,,
ritzcarltontokyo,2025-12-02T11:00:00.000Z,231,1,Sidecar,リッツカールトン東京,RitzCarltonTokyo,RCMemories,クリスマスディナー,,,,,,,,,,,,,,,,,,,,,,,,,,
ritzcarltontokyo,2026-01-04T11:00:00.000Z,1280,9,Sidecar,リッツカールトン東京,RitzCarltonTokyo,RitzCarlton,LuxuryStay,RCMemories,,,,,,,,,,,,,,,,,,,,,,,,,
janutokyo,2025-09-12T08:11:10.000Z,359,3,Sidecar,WelcometoJanu,JanuTokyo,,,,,,,,,,,,,,,,,,,,,,,,,,,,
janutokyo,2025-09-22T08:40:13.000Z,180,1,Sidecar,WelcomeToJanu,JanuTokyo,,,,,,,,,,,,,,,,,,,,,,,,,,,,
ritzcarltontokyo,2025-11-30T11:00:00.000Z,2020,7,Sidecar,リッツカールトン東京,RitzCarltonTokyo,RitzCarlton,RCMemories,LuxuryStay,,,,,,,,,,,,,,,,,,,,,,,,,
ritzcarltontokyo,2025-11-26T11:00:00.000Z,301,7,Sidecar,リッツカールトン東京,RitzCarltonTokyo,RCMemories,紅葉,ミッドタウン,,,,,,,,,,,,,,,,,,,,,,,,,
janutokyo,2025-12-01T12:00:31.000Z,456,3,Sidecar,WelcometoJanu,JanuTokyo,,,,,,,,,,,,,,,,,,,,,,,,,,,,
janutokyo,2025-09-24T08:09:10.000Z,269,0,Sidecar,WelcomeToJanu,JanuTokyo,,,,,,,,,,,,,,,,,,,,,,,,,,,,
ritzcarltontokyo,2025-10-24T08:00:00.000Z,523,3,Sidecar,RitzCarltonTokyo,Ritzcarlton,リッツカールトン東京,東京ホテル,Diptyque,,,,,,,,,,,,,,,,,,,,,,,,,
ritzcarltontokyo,2025-10-20T08:00:00.000Z,351,2,Sidecar,RitzCarltonTokyo,Ritzcarlton,リッツカールトン東京,東京ホテル,ア,sauna,サウナ,spa,,,,,,,,,,,,,,,,,,,,,,
ritzcarltontokyo,2025-10-29T08:00:00.000Z,198,0,Sidecar,リッツカールトン東京,RitzCarltonTokyo,東京ホテル,tokyohotel,tokyobar,BarLIBRE,,,,,,,,,,,,,,,,,,,,,,,,
ritzcarltontokyo,2025-10-31T11:36:06.000Z,282,1,Sidecar,リッツカールトン東京,RitzCarltonTokyo,東京ホテル,tokyohotel,スパ,トリートメント,ウェルネス,ラグジュアリースパ,,,,,,,,,,,,,,,,,,,,,,
janutokyo,2025-08-03T18:00:15.000Z,426,2,Image,WelcomeToJanu,JanuTokyo,,,,,,,,,,,,,,,,,,,,,,,,,,,,
janutokyo,2025-09-10T07:44:10.000Z,381,1,Sidecar,WelcomeToJanu,JanuTokyo,,,,,,,,,,,,,,,,,,,,,,,,,,,,
ritzcarltontokyo,2025-11-03T08:00:00.000Z,650,9,Sidecar,RitzCarltonTokyo,Ritzcarlton,リッツカールトン東京,tokyobar,TatlerAsia,TatlerBest,TatlerBest2025,,,,,,,,,,,,,,,,,,,,,,,
ritzcarltontokyo,2025-11-07T08:00:00.000Z,726,3,Sidecar,リッツカールトン東京,RitzCarltonTokyo,RitzCarlton,LuxuryStay,RCMemories,,,,,,,,,,,,,,,,,,,,,,,,,
januhotels,2025-08-09T22:05:46.000Z,338,1,Sidecar,WelcometoJanu,JanuTokyo,,,,,,,,,,,,,,,,,,,,,,,,,,,,
janutokyo,2025-08-11T10:51:09.000Z,337,2,Sidecar,WelcomeToJanu,JanuTokyo,,,,,,,,,,,,,,,,,,,,,,,,,,,,
januhotels,2025-08-15T19:28:54.000Z,237,1,Sidecar,WelcomeToJanu,JanuTokyo,,,,,,,,,,,,,,,,,,,,,,,,,,,,
ritzcarltontokyo,2025-11-14T08:00:00.000Z,449,4,Sidecar,リッツカールトン東京,RitzCarltonTokyo,東京ホテル,tokyohotel,tokyobar,ホテルバー,東京バー,カウントダウンイベント,,,,,,,,,,,,,,,,,,,,,,
janutokyo,2025-08-13T12:41:08.000Z,197,1,Sidecar,WelcomeToJanu,JanuTokyo,,,,,,,,,,,,,,,,,,,,,,,,,,,,
janutokyo,2025-09-14T07:41:34.000Z,90,1,Video,WelcometoJanu,JanuTokyo,,,,,,,,,,,,,,,,,,,,,,,,,,,,
ritzcarltontokyo,2025-10-15T08:00:00.000Z,629,0,Sidecar,RitzCarltonTokyo,Ritzcarlton,リッツカールトン東京,東京ホテル,アフタヌーンティー,なかむらずい,,,,,,,,,,,,,,,,,,,,,,,,
ritzcarltontokyo,2025-11-05T08:00:00.000Z,703,5,Sidecar,リッツカールトン東京,RitzCarltonTokyo,RitzCarlton,ChristmasCakes,LuxuryChristmas,RCMemories,,,,,,,,,,,,,,,,,,,,,,,,
janutokyo,2025-08-18T11:00:41.000Z,185,1,Sidecar,WelcomeToJanu,JanuTokyo,,,,,,,,,,,,,,,,,,,,,,,,,,,,
parkhyatttokyo,2026-01-08T08:30:16.000Z,947,7,Image,ParkHyattTokyo⁠,ParkHyatt⁠,LuxuryIsPersonal⁠,パークハイアット東京⁠,パークハイアット⁠,,,,,,,,,,,,,,,,,,,,,,,,,
parkhyatttokyo,2026-01-12T08:30:43.000Z,954,7,Sidecar,ParkHyattTokyo,ParkHyatt⁠,GirandolebyAlainDucasse,LuxuryIsPersonal⁠,パークハイアット東京⁠,ジランドールbyアランデュカス⁠,,,,,,,,,,,,,,,,,,,,,,,,
ritzcarltontokyo,2025-10-17T08:00:00.000Z,397,1,Sidecar,RitzCarltonTokyo,Ritzcarlton,リッツカールトン東京,東京ホテル,アフタヌーンティー,tokyocafe,,,,,,,,,,,,,,,,,,,,,,,,
ritzcarltontokyo,2025-10-22T08:00:00.000Z,1096,6,Sidecar,RitzCarltonTokyo,Ritzcarlton,リッツカールトン東京,東京ホテル,アフタヌーンティー,tokyocafe,,,,,,,,,,,,,,,,,,,,,,,,
ritzcarltontokyo,2025-11-12T08:00:00.000Z,384,1,Sidecar,RitzCarltonTokyo,Ritzcarlton,リッツカールトン東京,東京ホテル,アフタヌーンティー,なかむらずい,,,,,,,,,,,,,,,,,,,,,,,,
janutokyo,2025-06-18T11:00:28.000Z,245,0,Sidecar,WelcomeToJanu,JanuTokyo,,,,,,,,,,,,,,,,,,,,,,,,,,,,
ritzcarltontokyo,2025-09-29T08:19:22.000Z,217,0,Sidecar,RitzCarltonTokyo,Ritzcarlton,リッツカールトン東京,東京ホテル,シャリュキュトリ,finediningtokyo,MichelChapoutier,,,,,,,,,,,,,,,,,,,,,,,
ritzcarltontokyo,2025-10-13T08:00:00.000Z,419,4,Sidecar,リッツカールトン東京,RitzCarltonTokyo,Luxurystay,RCMemories,,,,,,,,,,,,,,,,,,,,,,,,,,
ritzcarltontokyo,2025-10-10T08:00:00.000Z,463,1,Sidecar,WorldSpaAwards2025,RitzCarltonTokyo,RCMemories,LuxurySpa,TokyoSpa,,,,,,,,,,,,,,,,,,,,,,,,,
ritzcarltontokyo,2025-10-01T08:00:00.000Z,475,1,Sidecar,リッツカールトン東京,RitzCarltonTokyo,tokyohotel,エリタージュバイケイコバヤシ,heritagebykeikobayashi,keikobayashi,ガストロノミー,フレンチグルメ,ミシュラン,,,,,,,,,,,,,,,,,,,,,
ritzcarltontokyo,2025-10-06T08:00:00.000Z,285,2,Video,リッツカールトン東京,RitzCarltonTokyo,RitzCarltonWeddings,TheGenuineWedding,LuxuryWedding,RCMemories,,,,,,,,,,,,,,,,,,,,,,,,
ritzcarltontokyo,2025-09-19T08:00:00.000Z,204,1,Video,FlavorsInTransit,旅する味,RCMemories,RitzCarltonTokyo,東京ホテル,tokyohotel,finediningtokyo,,,,,,,,,,,,,,,,,,,,,,,
ritzcarltontokyo,2025-09-26T09:32:58.000Z,589,0,Sidecar,RitzCarltonTokyo,Ritzcarlton,リッツカールトン東京,東京ホテル,アフタヌーンティー,なかむらずい,,,,,,,,,,,,,,,,,,,,,,,,
janutokyo,2025-06-27T11:00:28.000Z,293,0,Sidecar,WelcomeToJanu,JanuTokyo,,,,,,,,,,,,,,,,,,,,,,,,,,,,
ritzcarltontokyo,2025-10-03T08:00:00.000Z,374,3,Video,リッツカールトン東京,RitzCarltonTokyo,RCMemories,LuxurySpa,TokyoSpa,,,,,,,,,,,,,,,,,,,,,,,,,
janutokyo,2025-07-08T21:45:13.000Z,640,3,Sidecar,WelcometoJanu,JanuTokyo,,,,,,,,,,,,,,,,,,,,,,,,,,,,
januhotels,2025-06-20T11:33:04.000Z,178,0,Sidecar,WelcometoJanu,JanuTokyo,,,,,,,,,,,,,,,,,,,,,,,,,,,,
ritzcarltontokyo,2025-10-27T08:00:00.000Z,1115,6,Sidecar,リッツカールトン東京,RitzCarltonTokyo,東京ホテル,tokyohotel,エリタージュバイケイコバヤシ,heritagebykeikobayashi,keikobayashi,,,,,,,,,,,,,,,,,,,,,,,
janutokyo,2025-07-11T14:35:16.000Z,513,2,Sidecar,WelcometoJanu,JanuTokyo,,,,,,,,,,,,,,,,,,,,,,,,,,,,
januhotels,2025-06-10T10:33:03.000Z,214,0,Sidecar,WelcometoJanu,JanuTokyo,,,,,,,,,,,,,,,,,,,,,,,,,,,,
janutokyo,2025-07-14T11:00:37.000Z,564,3,Sidecar,WelcomeToJanu,JanuTokyo,,,,,,,,,,,,,,,,,,,,,,,,,,,,
ritzcarltontokyo,2025-10-02T08:00:00.000Z,327,3,Video,RitzCarltonBangkok,,,,,,,,,,,,,,,,,,,,,,,,,,,,,
theritzcarltonbangkok,2025-10-09T11:30:06.000Z,299,1,Sidecar,RitzCarltonTokyo,RCMemories,TokyoDining,JapaneseCuisine,FineDiningTokyo,LuxuryInTokyo,,,,,,,,,,,,,,,,,,,,,,,,
janutokyo,2025-06-24T11:00:43.000Z,108,1,Video,WelcometoJanu,JanuTokyo,,,,,,,,,,,,,,,,,,,,,,,,,,,,
ritzcarltontokyo,2025-09-24T08:00:00.000Z,236,3,Sidecar,RitzCarltonTokyo,Ritzcarlton,リッツカールトン東京,東京ホテル,アフタヌーンティー,,,,,,,,,,,,,,,,,,,,,,,,,
ritzcarltontokyo,2025-09-01T08:00:00.000Z,1911,11,Sidecar,RitzCarltonTokyo,Ritzcarlton,リッツカールトン東京,東京ホテル,アフタヌーンティー,東京カフェ,,,,,,,,,,,,,,,,,,,,,,,,
januhotels,2025-06-13T17:01:18.000Z,218,1,Video,WelcometoJanu,JanuTokyo,,,,,,,,,,,,,,,,,,,,,,,,,,,,
januhotels,2025-07-13T17:15:55.000Z,997,8,Sidecar,WelcometoJanu,JanuTokyo,,,,,,,,,,,,,,,,,,,,,,,,,,,,
ritzcarltontokyo,2025-08-29T08:00:00.000Z,264,0,Sidecar,リッツカールトン東京,RitzCarltonTokyo,東京ホテル,tokyohote,spa,relax,,,,,,,,,,,,,,,,,,,,,,,,
janutokyo,2025-07-30T18:30:16.000Z,322,0,Sidecar,WelcomeToJanu,JanuTokyo,,,,,,,,,,,,,,,,,,,,,,,,,,,,
ritzcarltontokyo,2025-09-12T08:00:00.000Z,266,0,Sidecar,リッツカールトン東京,RitzCarltonTokyo,東京ホテル,tokyohotel,RitzKids,Sustainability,,,,,,,,,,,,,,,,,,,,,,,,
ritzcarltontokyo,2025-09-15T08:00:00.000Z,286,0,Sidecar,リッツカールトン東京,RitzCarltonTokyo,東京ホテル,tokyohotel,BastienGonzalez,footcare,,,,,,,,,,,,,,,,,,,,,,,,
ritzcarltontokyo,2025-09-16T03:30:00.000Z,253,0,Sidecar,FlavorsInTransit,旅する味,RCMemories,,,,,,,,,,,,,,,,,,,,,,,,,,,
ritzcarltontokyo,2025-09-10T08:00:00.000Z,196,1,Image,RitzCarltonTokyo,DestinAsianAwards,LuxuryTravel,TokyoHotel,RCMemories,,,,,,,,,,,,,,,,,,,,,,,,,
janutokyo,2025-08-27T08:23:11.000Z,832,0,Sidecar,WelcometoJanu,JanuTokyo,,,,,,,,,,,,,,,,,,,,,,,,,,,,
ritzcarltonbali,2025-08-21T02:58:07.000Z,475,4,Sidecar,RitzCarltonTokyo,RCMemories,tokyohotel,tokyotravel,mtfuji,リッツカールトン東京,,,,,,,,,,,,,,,,,,,,,,,,
janutokyo,2025-08-21T11:00:21.000Z,141,0,Sidecar,WelcomeToJanu,JanuTokyo,,,,,,,,,,,,,,,,,,,,,,,,,,,,
janutokyo,2025-07-21T11:00:22.000Z,1074,4,Sidecar,WelcometoJanu,JanuTokyo,,,,,,,,,,,,,,,,,,,,,,,,,,,,
ritzcarltontokyo,2025-09-08T08:00:00.000Z,183,0,Sidecar,リッツカールトン東京,RitzCarltonTokyo,東京ホテル,tokyohotel,spa,relax,espa,wellness,worldwellnessweekend,,,,,,,,,,,,,,,,,,,,,
janutokyo,2025-05-06T21:20:14.000Z,517,1,Sidecar,JanuTokyo,ジャヌ東京1周年,ジャヌ東京FOODxART,ジャヌ東京,,,,,,,,,,,,,,,,,,,,,,,,,,
janutokyo,2025-05-03T17:15:12.000Z,403,4,Sidecar,JanuTokyo,JanuPatisserie,,,,,,,,,,,,,,,,,,,,,,,,,,,,
ritzcarltontokyo,2025-09-21T08:00:00.000Z,553,7,Sidecar,RitzCarltonTokyo,Ritzcarlton,リッツカールトン東京,東京ミッドタウン,ホテルレストラン,日本料理ひのきざか,寿司,sushi,東京グルメ,finediningtokyo,,,,,,,,,,,,,,,,,,,,
januhotels,2025-08-24T18:09:27.000Z,616,4,Sidecar,WelcometoJanu,JanuTokyo,,,,,,,,,,,,,,,,,,,,,,,,,,,,
janutokyo,2025-08-26T20:13:20.000Z,118,0,Sidecar,WelcometoJanu,JanuTokyo,,,,,,,,,,,,,,,,,,,,,,,,,,,,
januhotels,2025-05-04T21:15:13.000Z,257,2,Sidecar,WelcometoJanu,JanuTokyo,,,,,,,,,,,,,,,,,,,,,,,,,,,,
janutokyo,2025-03-17T22:08:34.000Z,219,0,Sidecar,JanuTokyo,ジャヌ東京1周年,ジャヌ東京FOODxART,ジャヌ東京,,,,,,,,,,,,,,,,,,,,,,,,,,
janutokyo,2025-04-06T08:00:18.000Z,571,3,Sidecar,JanuTokyo,ジャヌ東京1周年,ジャヌ東京FOODxART,ジャヌ東京,,,,,,,,,,,,,,,,,,,,,,,,,,
ritzcarltontokyo,2025-07-28T08:00:00.000Z,139,0,Sidecar,リッツカールトン東京,RitzCarltonTokyo,東京ホテル,tokyohotel,スパ,トリートメント,ウェルネス,ラグジュアリースパ,癒し,資生堂,フェイシャルスパ,ボディケア,シナクティフ,,,,,,,,,,,,,,,,,
janutokyo,2025-03-22T11:16:09.000Z,480,1,Sidecar,WelcomeToJanu,JanuTokyo,,,,,,,,,,,,,,,,,,,,,,,,,,,,
janutokyo,2025-04-04T17:54:16.000Z,238,2,Sidecar,WelcomeToJanu,JanuTokyo,,,,,,,,,,,,,,,,,,,,,,,,,,,,
ritzcarltontokyo,2025-07-23T08:00:00.000Z,1316,4,Sidecar,リッツカールトン東京,RitzCarltonTokyo,東京ホテル,tokyohotel,ラグジュアリーホテル,リッツキッズ,ナイトサファリ,FamilyStaycation,家族旅行,,,,,,,,,,,,,,,,,,,,,
januhotels,2025-03-30T11:30:14.000Z,165,1,Image,WelcometoJanu,JanuTokyo,,,,,,,,,,,,,,,,,,,,,,,,,,,,
janutokyo,2025-08-22T11:00:16.000Z,578,2,Image,WelcometoJanu,JanuTokyo,,,,,,,,,,,,,,,,,,,,,,,,,,,,
janutokyo,2025-03-19T16:40:21.000Z,550,2,Sidecar,WelcomeToJanu,JanuTokyo,AmanEssentials,,,,,,,,,,,,,,,,,,,,,,,,,,,
januhotels,2025-05-07T16:30:26.000Z,235,2,Sidecar,WelcometoJanu,JanuTokyo,,,,,,,,,,,,,,,,,,,,,,,,,,,,
ritzcarltontokyo,2025-07-30T08:00:00.000Z,362,1,Video,リッツカールトン東京,RitzCarltonTokyo,東京ホテル,tokyohotel,エリタージュバイケイコバヤシ,heritagebykeikobayashi,keikobayashi,ガストロノミー,finediningtokyo,,,,,,,,,,,,,,,,,,,,,
ritzcarltontokyo,2025-09-05T08:00:00.000Z,650,3,Video,リッツカールトン東京,RitzCarltonTokyo,東京ホテル,tokyohotel,リッツキッズ,,,,,,,,,,,,,,,,,,,,,,,,,
ritzcarltontokyo,2025-08-26T08:00:00.000Z,228,1,Video,RCmemories,RitzCarltonBali,RitzCarlton,Marriott,MarriottBonvoy,,,,,,,,,,,,,,,,,,,,,,,,,
ritzcarltontokyo,2025-08-25T08:00:00.000Z,585,5,Sidecar,リッツカールトン東京,RitzCarltonTokyo,東京ホテル,tokyohotel,sweetroom,,,,,,,,,,,,,,,,,,,,,,,,,
ritzcarltontokyo,2025-09-03T08:00:00.000Z,580,6,Video,リッツカールトン東京,RitzCarltonTokyo,東京ホテル,tokyohotel,LuxuryTravel,,,,,,,,,,,,,,,,,,,,,,,,,
janutokyo,2025-03-30T11:32:01.000Z,550,3,Sidecar,JanuTokyo,ジャヌ東京1周年,ジャヌ東京FOODxART,ジャヌ東京,,,,,,,,,,,,,,,,,,,,,,,,,,
januhotels,2025-05-02T22:15:06.000Z,148,2,Image,WelcometoJanu,,,,,,,,,,,,,,,,,,,,,,,,,,,,,
ritzcarltontokyo,2025-08-01T08:00:00.000Z,911,1,Sidecar,RitzCarltonTokyo,Ritzcarlton,リッツカールトン東京,東京ホテル,アフタヌーンティー,東京カフェ,エスコフィエ,,,,,,,,,,,,,,,,,,,,,,,
ritzcarltontokyo,2025-08-11T08:00:00.000Z,273,0,Sidecar,リッツカールトン東京,RitzCarltonTokyo,東京ホテル,tokyohotel,リッツキッズ,,,,,,,,,,,,,,,,,,,,,,,,,
ritzcarltontokyo,2025-08-13T08:00:00.000Z,494,3,Sidecar,RitzCarltonTokyo,Ritzcarlton,リッツカールトン東京,東京ミッドタウン,ホテルレストラン,日本料理ひのきざか,鉄板焼,アフタヌーンティー,東京グルメ,finediningtokyo,,,,,,,,,,,,,,,,,,,,
janutokyo,2025-03-11T12:12:25.000Z,447,0,Sidecar,WelcomeToJanu,JanuTokyo,,,,,,,,,,,,,,,,,,,,,,,,,,,,
ritzcarltontokyo,2025-08-15T08:00:00.000Z,390,0,Sidecar,リッツカールトン東京,RitzCarltonTokyo,東京ホテル,tokyohotel,エリタージュバイケイコバヤシ,heritagebykeikobayashi,keikobayashi,ガストロノミー,フレンチグルメ,東京グルメ,美食体験,,,,,,,,,,,,,,,,,,,
janutokyo,2025-03-13T11:11:02.000Z,555,2,Sidecar,JanuTokyo,ジャヌ東京1周年,ジャヌ東京FOODxART,ジャヌ東京,,,,,,,,,,,,,,,,,,,,,,,,,,
ritzcarltontokyo,2025-08-06T08:00:00.000Z,435,1,Sidecar,RitzCarltonTokyo,Ritzcarlton,リッツカールトン東京,東京ホテル,白桃,桃スイーツ,ホテルグルメ,東京カフェ,,,,,,,,,,,,,,,,,,,,,,
janutokyo,2025-04-05T14:40:15.000Z,400,3,Sidecar,WelcomeToJanu,JanuTokyo,,,,,,,,,,,,,,,,,,,,,,,,,,,,
janutokyo,2025-03-27T22:11:09.000Z,546,2,Sidecar,WelcomeToJanu,JanuTokyo,,,,,,,,,,,,,,,,,,,,,,,,,,,,
janutokyo,2025-05-08T11:25:02.000Z,432,2,Sidecar,WelcomeToJanu,JanuTokyo,,,,,,,,,,,,,,,,,,,,,,,,,,,,
ritzcarltontokyo,2025-08-08T08:00:00.000Z,499,2,Video,リッツカールトン東京,RitzCarltonTokyo,東京ホテル,tokyohotel,finediningtokyo,おもてなし,,,,,,,,,,,,,,,,,,,,,,,,
ritzcarltontokyo,2025-08-20T08:00:00.000Z,379,3,Video,リッツカールトン東京,RitzCarltonTokyo,東京ホテル,tokyohotel,エリタージュバイケイコバヤシ,heritagebykeikobayashi,keikobayashi,ガストロノミー,フレンチグルメ,東京グルメ,美食体験,,,,,,,,,,,,,,,,,,,
janutokyo,2025-05-09T09:50:13.000Z,358,4,Sidecar,WelcomeToJanu,JanuTokyo,,,,,,,,,,,,,,,,,,,,,,,,,,,,
janutokyo,2025-01-27T12:00:26.000Z,514,2,Sidecar,WelcomeToJanu,JanuTokyo,,,,,,,,,,,,,,,,,,,,,,,,,,,,
ritzcarltontokyo,2025-07-04T06:01:33.000Z,318,0,Image,リッツカールトン東京,RitzCarltonTokyo,東京ホテル,tokyohotel,ラグジュアリーホテル,リッツキッズ,FamilyStaycation,家族旅行,ワークショップ,,,,,,,,,,,,,,,,,,,,,
ritzcarltontokyo,2025-06-13T08:30:00.000Z,506,3,Sidecar,リッツカールトン東京,tokyohotel,TheRitzCarltonTokyo,東京ホテル,ラグジュアリーステイ,SummerGetaway,JapaneseSuite,japaneseroom,,,,,,,,,,,,,,,,,,,,,,
ritzcarltontokyo,2025-06-23T08:55:46.000Z,614,1,Sidecar,リッツカールトン東京,RitzCarltonTokyo,東京ホテル,tokyohotel,東京グルメ,美食体験,うな重,藍うなぎ,土用の丑の日,天草うなぎ,KaisekiExperience,,,,,,,,,,,,,,,,,,,
ritzcarltontokyo,2025-06-18T07:45:00.000Z,506,3,Sidecar,リッツカールトン東京,tokyohotel,TheRitzCarltonTokyo,東京ホテル,ラグジュアリーステイ,JapaneseSuite,japaneseroom,,,,,,,,,,,,,,,,,,,,,,,
ritzcarltontokyo,2025-07-18T08:00:00.000Z,700,1,Sidecar,リッツカールトン東京,RitzCarltonTokyo,クラブラウンジ,ホテルステイ,東京ホテル,tokyohotel,ラグジュアリーホテル,,,,,,,,,,,,,,,,,,,,,,,
ritzcarltontokyo,2025-06-16T08:10:00.000Z,1289,2,Sidecar,リッツカールトン東京,tokyohotel,TheRitzCarltonTokyo,東京ホテル,ラグジュアリーステイ,エキゾチックマンゴーパフェ,期間限定,JapaneseSuite,japaneseroom,,,,,,,,,,,,,,,,,,,,,
ritzcarltontokyo,2025-07-16T08:00:00.000Z,553,4,Video,RitzCarltonTokyo,Ritzcarlton,リッツカールトン東京,東京ホテル,ラグジュアリーステイ,アフタヌーンティー,東京カフェ,tokyocafe,おもてなし,,,,,,,,,,,,,,,,,,,,,
ritzcarltontokyo,2025-06-30T08:00:00.000Z,296,0,Sidecar,リッツカールトン東京,RitzCarltonTokyo,東京ホテル,tokyohotel,ラグジュアリーホテル,リッツキッズ,美食体験,東京グルメ,ファミリーディナー,FamilyStay,家族旅行,,,,,,,,,,,,,,,,,,,
ritzcarltontokyo,2025-06-27T08:00:00.000Z,562,3,Sidecar,RitzCarltonTokyo,リッツカールトン東京,東京ホテル,クラブラウンジ,BambooArt,竹細工,ArtExhibition,LuxuryExperience,tokyohotel,,,,,,,,,,,,,,,,,,,,,
janutokyo,2025-02-06T14:00:44.000Z,812,1,Sidecar,WelcomeToJanu,JanuTokyo,,,,,,,,,,,,,,,,,,,,,,,,,,,,
ritzcarltontokyo,2025-07-09T08:00:00.000Z,246,1,Video,リッツカールトン東京,RitzCarltonTokyo,東京ホテル,ジェニュインウエディング,ホテルウェディング,GenuineWedding,wedding,結婚式,リッツ婚,,,,,,,,,,,,,,,,,,,,,
janutokyo,2025-02-09T09:00:18.000Z,502,3,Sidecar,WelcomeToJanu,JanuTokyo,,,,,,,,,,,,,,,,,,,,,,,,,,,,
ritzcarltontokyo,2025-06-20T07:09:19.000Z,532,0,Sidecar,リッツカールトン東京,RitzCarltonTokyo,東京ホテル,tokyohotel,davidstanleyhewett,デビットスタンリーヒューエット,日本の美,,,,,,,,,,,,,,,,,,,,,,,
janutokyo,2025-01-31T15:01:00.000Z,686,3,Sidecar,WelcomeToJanu,JanuTokyo,,,,,,,,,,,,,,,,,,,,,,,,,,,,
januhotels,2025-03-07T12:00:22.000Z,472,1,Sidecar,WelcometoJanu,JanuTokyo,,,,,,,,,,,,,,,,,,,,,,,,,,,,
janutokyo,2025-01-23T09:00:17.000Z,396,4,Sidecar,WelcomeToJanu,JanuTokyo,,,,,,,,,,,,,,,,,,,,,,,,,,,,
januhotels,2025-02-25T14:16:34.000Z,685,2,Sidecar,WelcometoJanu,JanuTokyo,,,,,,,,,,,,,,,,,,,,,,,,,,,,
janutokyo,2025-03-04T17:52:30.000Z,211,1,Sidecar,WelcomeToJanu,JanuTokyo,,,,,,,,,,,,,,,,,,,,,,,,,,,,
januhotels,2025-03-10T12:01:19.000Z,254,2,Video,WelcometoJanu,JanuTokyo,,,,,,,,,,,,,,,,,,,,,,,,,,,,
ritzcarltontokyo,2025-06-25T08:05:00.000Z,208,1,Video,リッツカールトン東京,RitzCarltonTokyo,東京ホテル,tokyohotel,ラグジュアリーホテル,リッツキッズ,ナイトサファリ,FamilyStaycation,家族旅行,,,,,,,,,,,,,,,,,,,,,
ritzcarltontokyo,2025-07-25T08:00:00.000Z,846,10,Video,RitzCarltonTokyo,Ritzcarlton,リッツカールトン東京,東京ミッドタウン,ホテルレストラン,日本料理ひのきざか,東京グルメ,japanesefood,鮨,sushi,,,,,,,,,,,,,,,,,,,,
ritzcarltontokyo,2025-05-23T08:00:00.000Z,699,2,Sidecar,RitzCarltonTokyo,Ritzcarlton,リッツカールトン東京,東京ホテル,ラグジュアリーステイ,東京カフェ,tokyocafe,ホテルブランチ,ゴールデンウィーク,週末ご褒美,東京レストラン,,,,,,,,,,,,,,,,,,,
ritzcarltontokyo,2025-06-09T08:00:00.000Z,338,0,Video,リッツカールトン東京,tokyohotel,TheRitzCarltonTokyo,スパ,ジム,ウェルネス,リラクゼーション,東京ホテル,Wellness,ラグジュアリーステイ,リトリート,,,,,,,,,,,,,,,,,,,
ritzcarltontokyo,2025-05-28T08:00:00.000Z,687,3,Sidecar,RitzCarltonTokyo,Ritzcarlton,リッツカールトン東京,東京ホテル,ラグジュアリーステイ,ヌン活,東京カフェ,tokyocafe,ケーキ,ショートケーキ,,,,,,,,,,,,,,,,,,,,
januhotels,2025-03-01T11:00:11.000Z,802,2,Image,WelcometoJanu,JanuTokyo,,,,,,,,,,,,,,,,,,,,,,,,,,,,
janutokyo,2024-08-26T10:15:09.000Z,772,4,Sidecar,WelcometoJanu,JanuTokyo,,,,,,,,,,,,,,,,,,,,,,,,,,,,
ritzcarltontokyo,2025-05-21T08:00:00.000Z,468,2,Image,RitzCarltonTokyo,Ritzcarlton,リッツカールトン東京,東京ホテル,東京カフェ,tokyocafe,茶懐石,東京レストラン,アフタヌーンティー,週末ランチ,,,,,,,,,,,,,,,,,,,,
ritzcarltontokyo,2025-06-10T08:00:00.000Z,524,4,Video,RitzCarltonMilleniaSingapore,Singapore,RCMemories,リッツカールトン,,,,,,,,,,,,,,,,,,,,,,,,,,
ritzcarltontokyo,2025-05-30T08:00:00.000Z,790,4,Sidecar,リッツカールトン東京,RitzCarltonTokyo,クラブラウンジ,ホテルステイ,東京ホテル,tokyohotel,ラグジュアリーホテル,,,,,,,,,,,,,,,,,,,,,,,
ritzcarltontokyo,2025-06-12T08:30:00.000Z,268,3,Sidecar,RitzCarltonTokyo,Ritzcarlton,リッツカールトン東京,東京ミッドタウン,東京グルメ,東京バー,ミシュラン,mantúa,michelinespaña,ninodelosreyes,israelramos,,,,,,,,,,,,,,,,,,,
ritzcarltontokyo,2025-06-11T08:30:00.000Z,611,1,Sidecar,リッツカールトン東京,RitzCarltonTokyo,東京ホテル,tokyohotel,エリタージュバイケイコバヤシ,heritagebykeikobayashi,keikobayashi,ガストロノミー,フレンチグルメ,東京グルメ,美食体験,,,,,,,,,,,,,,,,,,,
ritzcarltontokyo,2025-08-05T08:00:00.000Z,554,2,Video,RCMemories,RitzCarltonHongKong,clublounge,staycation,family,,,,,,,,,,,,,,,,,,,,,,,,,
janutokyo,2024-09-27T17:10:15.000Z,723,1,Sidecar,WelcometoJanu,JanuTokyo,,,,,,,,,,,,,,,,,,,,,,,,,,,,
januhotels,2025-03-03T17:01:24.000Z,256,3,Sidecar,WelcometoJanu,JanuTokyo,,,,,,,,,,,,,,,,,,,,,,,,,,,,
ritzcarltonokinawa,2025-05-27T10:00:00.000Z,157,1,Video,リッツカールトン東京,RitzCarltonTokyo,東京ホテル,tokyohotel,ラグジュアリーホテル,リッツキッズ,ナイトサファリ,FamilyStaycation,家族旅行,,,,,,,,,,,,,,,,,,,,,
janutokyo,2025-03-09T12:00:17.000Z,454,2,Sidecar,WelcomeToJanu,JanuTokyo,,,,,,,,,,,,,,,,,,,,,,,,,,,,
janutokyo,2024-11-05T23:08:04.000Z,1493,15,Image,WelcometoJanu,JanuTokyo,,,,,,,,,,,,,,,,,,,,,,,,,,,,
janutokyo,2025-01-16T10:00:22.000Z,382,1,Sidecar,WelcomeToJanu,JanuTokyo,,,,,,,,,,,,,,,,,,,,,,,,,,,,
janutokyo,2025-01-07T10:00:21.000Z,585,2,Sidecar,WelcometoJanu,JanuTokyo,,,,,,,,,,,,,,,,,,,,,,,,,,,,
janutokyo,2024-07-10T10:45:13.000Z,358,0,Sidecar,WelcometoJanu,JanuTokyo,,,,,,,,,,,,,,,,,,,,,,,,,,,,
janutokyo,2024-07-01T09:30:16.000Z,866,5,Sidecar,WelcometoJanu,JanuTokyo,,,,,,,,,,,,,,,,,,,,,,,,,,,,
janutokyo,2024-06-18T20:30:15.000Z,884,9,Image,WelcometoJanu,JanuTokyo,,,,,,,,,,,,,,,,,,,,,,,,,,,,
janutokyo,2024-10-14T07:35:12.000Z,265,2,Sidecar,WelcometoJanu,JanuTokyo,,,,,,,,,,,,,,,,,,,,,,,,,,,,
janutokyo,2024-10-01T14:35:24.000Z,882,4,Sidecar,WelcometoJanu,JanuTokyo,,,,,,,,,,,,,,,,,,,,,,,,,,,,
janutokyo,2024-12-01T13:35:24.000Z,329,0,Sidecar,WelcometoJanu,JanuTokyo,,,,,,,,,,,,,,,,,,,,,,,,,,,,
janutokyo,2024-12-24T15:52:07.000Z,213,1,Image,WelcometoJanu,JanuTokyo,,,,,,,,,,,,,,,,,,,,,,,,,,,,
ritzcarltontokyo,2025-05-26T08:00:00.000Z,1075,9,Sidecar,RitzCarltonTokyo,Ritzcarlton,リッツカールトン東京,東京ホテル,ラグジュアリーステイ,ヌン活,アフタヌーンティー,メロン,スイカ,東京カフェ,tokyocafe,,,,,,,,,,,,,,,,,,,
janutokyo,2024-12-22T22:29:04.000Z,407,1,Image,WelcometoJanu,JanuTokyo,,,,,,,,,,,,,,,,,,,,,,,,,,,,
janutokyo,2024-06-04T09:00:10.000Z,1099,5,Image,WelcometoJanu,JanuTokyo,,,,,,,,,,,,,,,,,,,,,,,,,,,,
janutokyo,2024-04-01T08:23:40.000Z,324,1,Sidecar,WelcometoJanu,JanuTokyo,ジャヌへようこそ,魂を呼び覚ます,,,,,,,,,,,,,,,,,,,,,,,,,,
ritzcarltontokyo,2025-06-04T08:00:00.000Z,271,0,Sidecar,リッツカールトン東京,RitzCarltonTokyo,東京ホテル,tokyohotel,スパ,トリートメント,espa,ウェルネス,ラグジュアリースパ,MeaningfulWellnessJourney,癒し,,,,,,,,,,,,,,,,,,,
janutokyo,2024-06-02T21:00:07.000Z,657,0,Image,WelcometoJanu,JanuTokyo,,,,,,,,,,,,,,,,,,,,,,,,,,,,
janutokyo,2024-05-23T18:00:27.000Z,252,1,Sidecar,WelcometoJanu,JanuTokyo,,,,,,,,,,,,,,,,,,,,,,,,,,,,
janutokyo,2024-05-12T09:00:14.000Z,700,3,Sidecar,WelcomeToJanu,JanuTokyo,,,,,,,,,,,,,,,,,,,,,,,,,,,,
janutokyo,2024-05-30T09:00:18.000Z,720,2,Sidecar,WelcometoJanu,JanuTokyo,,,,,,,,,,,,,,,,,,,,,,,,,,,,
ritzcarltontokyo,2025-04-11T08:00:00.000Z,880,1,Sidecar,RitzCarltonTokyo,Ritzcarlton,リッツカールトン東京,東京ホテル,ラグジュアリーステイ,ヌン活,アフタヌーンティー,メロン,スイカ,東京カフェ,tokyocafe,,,,,,,,,,,,,,,,,,,
janutokyo,2024-04-30T08:22:10.000Z,1296,4,Sidecar,WelcometoJanu,JanuTokyo,,,,,,,,,,,,,,,,,,,,,,,,,,,,
janutokyo,2024-04-11T09:30:05.000Z,2179,9,Image,WelcometoJanu,JanuTokyo,,,,,,,,,,,,,,,,,,,,,,,,,,,,
ritzcarltontokyo,2025-04-30T08:00:00.000Z,564,1,Sidecar,リッツカールトン東京,RitzCarltonTokyo,東京ホテル,tokyohotel,スパ,トリートメント,espa,ウェルネス,ラグジュアリースパ,母の日,癒し,,,,,,,,,,,,,,,,,,,
janutokyo,2024-05-14T15:36:52.000Z,431,2,Sidecar,WelcometoJanu,JanuTokyo,,,,,,,,,,,,,,,,,,,,,,,,,,,,
janutokyo,2024-05-08T19:00:26.000Z,407,2,Sidecar,WelcomeToJanu,JanuTokyo,,,,,,,,,,,,,,,,,,,,,,,,,,,,
ritzcarltontokyo,2025-04-25T08:00:00.000Z,433,0,Sidecar,RitzCarltonTokyo,Ritzcarlton,リッツカールトン東京,東京ホテル,ラグジュアリーステイ,ホテルモーニング,tokyocafe,ホテルブランチ,朝食,週末ご褒美,インルームダイニング,,,,,,,,,,,,,,,,,,,
ritzcarltontokyo,2025-04-23T08:00:00.000Z,863,4,Sidecar,リッツカールトン東京,tokyohotel,TheRitzCarltonTokyo,東京ホテル,art,日本画,lito_leafart,切り絵,papercut,papercutting,,,,,,,,,,,,,,,,,,,,
ritzcarltontokyo,2025-05-12T08:00:00.000Z,556,3,Image,RitzCarltonTokyo,Ritzcarlton,リッツカールトン東京,東京ミッドタウン,ホテルレストラン,日本料理ひのきざか,鉄板焼,アフタヌーンティー,東京グルメ,japanesefood,鮨,sushi,,,,,,,,,,,,,,,,,,
janutokyo,2024-07-12T10:15:14.000Z,247,1,Sidecar,WelcometoJanu,JanuTokyo,,,,,,,,,,,,,,,,,,,,,,,,,,,,
ritzcarltontokyo,2025-05-09T08:01:57.000Z,639,5,Sidecar,RitzCarltonTokyo,Ritzcarlton,リッツカールトン東京,東京ホテル,東京グルメ,東京レストラン,東京カフェ,tokyocafe,夏の味覚,サントノーレ,,,,,,,,,,,,,,,,,,,,
ritzcarltontokyo,2025-05-14T08:00:00.000Z,753,1,Sidecar,リッツカールトン東京,tokyohotel,TheRitzCarltonTokyo,東京ホテル,記念日,誕生日,ルームサプライズ,お祝い,記念日旅行,RCMemories,,,,,,,,,,,,,,,,,,,,
ritzcarltontokyo,2025-05-16T08:00:00.000Z,754,4,Image,リッツカールトン東京,RitzCarltonTokyo,東京ホテル,tokyohotel,エリタージュバイケイコバヤシ,heritagebykeikobayashi,keikobayashi,ガストロノミー,フレンチグルメ,東京グルメ,美食体験,,,,,,,,,,,,,,,,,,,
janutokyo,2024-05-16T17:09:09.000Z,560,2,Image,WelcomeToJanu,JanuTokyo,,,,,,,,,,,,,,,,,,,,,,,,,,,,
ritzcarltontokyo,2025-04-16T08:00:00.000Z,381,0,Sidecar,リッツカールトン東京,RitzCarltonTokyo,東京ホテル,tokyohotel,スパ,トリートメント,espa,ウェルネス,ラグジュアリースパ,MeaningfulWellnessJourney,癒し,,,,,,,,,,,,,,,,,,,
ritzcarltontokyo,2025-05-20T08:53:11.000Z,750,2,Sidecar,ritzcarltonokinawa,RCMemories,リッツカールトン沖縄,okinawa,okinawatrip,沖縄,名護,沖縄ホテル,名護ホテル,リゾートホテル,マングローブ,,,,,,,,,,,,,,,,,,,
ritzcarltontokyo,2025-06-02T08:00:00.000Z,1141,3,Image,RitzCarltonTokyo,Ritzcarlton,リッツカールトン東京,東京ホテル,ラグジュアリーステイ,東京カフェ,tokyocafe,メロン,パフェ,メロンパフェ,,,,,,,,,,,,,,,,,,,,
janutokyo,2024-09-17T13:35:15.000Z,511,0,Sidecar,WelcometoJanu,JanuTokyo,,,,,,,,,,,,,,,,,,,,,,,,,,,,
ritzcarltontokyo,2025-05-05T08:00:00.000Z,471,2,Sidecar,RitzCarltonTokyo,Ritzcarlton,リッツカールトン東京,東京ミッドタウン,東京グルメ,東京バー,ミシュラン,mantúa,michelinespaña,ninodelosreyes,israelramos,,,,,,,,,,,,,,,,,,,
janutokyo,2024-06-06T09:00:18.000Z,486,2,Sidecar,WelcometoJanu,JanuTokyo,,,,,,,,,,,,,,,,,,,,,,,,,,,,
janutokyo,2024-10-24T12:35:17.000Z,1154,6,Sidecar,WelcometoJanu,JanuTokyo,,,,,,,,,,,,,,,,,,,,,,,,,,,,
janutokyo,2024-02-09T19:00:22.000Z,1004,10,Sidecar,WelcometoJanu,JanuTokyo,Rekindlethesoul,ジャヌへようこそ,魂を呼び覚ます,,,,,,,,,,,,,,,,,,,,,,,,,
janutokyo,2023-12-11T13:50:07.000Z,196,0,Image,WelcometoJanu,JanuTokyo,Rekindlethesoul,ジャヌへようこそ,魂を呼び覚ます,,,,,,,,,,,,,,,,,,,,,,,,,
ritzcarltontokyo,2025-03-12T08:00:00.000Z,343,0,Sidecar,RitzCarltonTokyo,Ritzcarlton,リッツカールトン東京,東京ミッドタウン,ホテルレストラン,日本料理,和食,japanesefood,お花見,,,,,,,,,,,,,,,,,,,,,
janutokyo,2024-02-09T19:15:14.000Z,607,4,Sidecar,WelcometoJanu,JanuTokyo,Rekindlethesoul,ジャヌへようこそ,魂を呼び覚ます,,,,,,,,,,,,,,,,,,,,,,,,,
ritzcarltontokyo,2025-03-24T10:00:36.000Z,375,1,Sidecar,リッツカールトン東京,ジェニュインウエディング,ホテルウェディング,RitzCarltonTokyo,GenuineWedding,wedding,結婚式,リッツ婚,プレ花嫁,ウェディングフェア,,,,,,,,,,,,,,,,,,,,
ritzcarltontokyo,2025-04-28T08:00:00.000Z,499,0,Image,リッツカールトン東京,RitzCarltonTokyo,東京ホテル,tokyohotel,エリタージュバイケイコバヤシ,heritagebykeikobayashi,keikobayashi,ガストロノミー,フレンチグルメ,東京グルメ,美食体験,キャビア,,,,,,,,,,,,,,,,,,
janutokyo,2024-02-09T19:30:12.000Z,818,4,Sidecar,WelcometoJanu,JanuTokyo,Rekindlethesoul,ジャヌへようこそ,魂を呼び覚ます,,,,,,,,,,,,,,,,,,,,,,,,,
janutokyo,2023-12-04T14:10:10.000Z,658,0,Sidecar,WelcometoJanu,JanuTokyo,Rekindlethesoul,ジャヌへようこそ,魂を呼び覚ます,,,,,,,,,,,,,,,,,,,,,,,,,
janutokyo,2024-03-11T11:04:24.000Z,443,0,Sidecar,WelcometoJanu,JanuTokyo,Rekindlethesoul,ジャヌへようこそ,魂を呼び覚ます,,,,,,,,,,,,,,,,,,,,,,,,,
janutokyo,2024-03-12T18:00:31.000Z,1079,7,Sidecar,WelcometoJanu,JanuTokyo,ジャヌへようこそ,魂を呼び覚ます,,,,,,,,,,,,,,,,,,,,,,,,,,
janutokyo,2023-12-11T13:52:08.000Z,759,6,Sidecar,WelcometoJanu,JanuTokyo,Rekindlethesoul,ジャヌへようこそ,魂を呼び覚ます,,,,,,,,,,,,,,,,,,,,,,,,,
ritzcarltontokyo,2025-03-21T08:00:00.000Z,263,0,Sidecar,リッツカールトン東京,tokyohotel,TheRitzCarltonTokyo,スパ,ジム,ウェルネス,リラクゼーション,東京ホテル,LuxuryLiving,Wellness,トレーニング,ラグジュアリーステイ,,,,,,,,,,,,,,,,,,
januhotels,2023-12-04T13:54:24.000Z,1831,13,Video,WelcometoJanu,JanuTokyo,Rekindlethesoul,,,,,,,,,,,,,,,,,,,,,,,,,,,
janutokyo,2023-12-04T14:00:11.000Z,2668,23,Sidecar,WelcometoJanu,JanuTokyo,Rekindlethesoul,ジャヌへようこそ,魂を呼び覚ます,,,,,,,,,,,,,,,,,,,,,,,,,
ritzcarltontokyo,2025-03-28T08:00:00.000Z,219,0,Sidecar,リッツカールトン東京,RitzCarltonTokyo,東京ホテル,tokyohotel,スパ,トリートメント,espa,ウェルネス,ラグジュアリースパ,桜,SAKURA,,,,,,,,,,,,,,,,,,,
ritzcarltontokyo,2025-03-30T08:00:00.000Z,1307,5,Image,リッツカールトン東京,RitzCarltonTokyo,ホテルステイ,東京ホテル,tokyohotel,ラグジュアリーホテル,,,,,,,,,,,,,,,,,,,,,,,,
janutokyo,2024-03-13T11:31:59.000Z,6261,97,Sidecar,WelcometoJanu,JanuTokyo,ジャヌへようこそ,魂を呼び覚ます,,,,,,,,,,,,,,,,,,,,,,,,,,
janutokyo,2023-12-04T14:05:11.000Z,951,7,Sidecar,WelcometoJanu,JanuTokyo,Rekindlethesoul,ジャヌへようこそ,魂を呼び覚ます,,,,,,,,,,,,,,,,,,,,,,,,,
janutokyo,2023-12-04T14:04:12.000Z,338,0,Sidecar,WelcometoJanu,JanuTokyo,Rekindlethesoul,ジャヌへようこそ,魂を呼び覚ます,,,,,,,,,,,,,,,,,,,,,,,,,
janutokyo,2024-07-17T17:01:10.000Z,888,7,Sidecar,WelcometoJanu,JanuTokyo,,,,,,,,,,,,,,,,,,,,,,,,,,,,
janutokyo,2024-07-31T17:36:13.000Z,556,1,Sidecar,WelcometoJanu,JanuTokyo,,,,,,,,,,,,,,,,,,,,,,,,,,,,
janutokyo,2024-07-23T16:48:12.000Z,374,1,Sidecar,WelcometoJanu,JanuTokyo,,,,,,,,,,,,,,,,,,,,,,,,,,,,
ritzcarltontokyo,2025-04-04T08:00:00.000Z,469,0,Sidecar,リッツカールトン東京,tokyohotel,TheRitzCarltonTokyo,東京ホテル,ホテルウェディング,wedding,結婚式,リッツ婚,ファミリーステイ,思い出づくり,フラワーアレンジメント,,,,,,,,,,,,,,,,,,,
janutokyo,2024-07-26T09:01:12.000Z,524,5,Sidecar,WelcometoJanu,JanuTokyo,,,,,,,,,,,,,,,,,,,,,,,,,,,,
janutokyo,2024-08-05T15:00:14.000Z,428,2,Image,WelcometoJanu,JanuTokyo,,,,,,,,,,,,,,,,,,,,,,,,,,,,
janutokyo,2023-12-04T14:07:51.000Z,251,6,Image,WelcometoJanu,JanuTokyo,Rekindlethesoul,ジャヌへようこそ,魂を呼び覚ます,,,,,,,,,,,,,,,,,,,,,,,,,
janutokyo,2023-12-11T13:54:05.000Z,393,2,Image,WelcometoJanu,JanuTokyo,Rekindlethesoul,ジャヌへようこそ,魂を呼び覚ます,,,,,,,,,,,,,,,,,,,,,,,,,
janutokyo,2024-03-23T10:00:20.000Z,840,6,Sidecar,WelcometoJanu,JanuTokyo,ジャヌへようこそ,魂を呼び覚ます,,,,,,,,,,,,,,,,,,,,,,,,,,
ritzcarltontokyo,2025-04-09T08:00:00.000Z,178,1,Video,ランカウイ,ランカウイ島,リッツカールトン,RitzCarltonLangkawi,RitzCarlton,Langkawi,,,,,,,,,,,,,,,,,,,,,,,,
ritzcarltontokyo,2025-04-02T08:00:00.000Z,309,1,Video,リッツカールトン東京,tokyohotel,TheRitzCarltonTokyo,東京ミッドタウン,東京ホテル,春の訪れ,お花見スポット,東京桜スポット,桜の名所,,,,,,,,,,,,,,,,,,,,,
ritzcarltontokyo,2025-04-07T08:00:00.000Z,301,0,Sidecar,リッツカールトン東京,tokyohotel,TheRitzCarltonTokyo,東京ミッドタウン,ROKUジン,春の訪れ,お花見,東京イベント,桜カクテル,midtownblossom,,,,,,,,,,,,,,,,,,,,
ritzcarltontokyo,2025-03-17T08:00:00.000Z,962,2,Image,RitzCarltonTokyo,Ritzcarlton,リッツカールトン東京,イースター,春の訪れ,限定スイーツ,,,,,,,,,,,,,,,,,,,,,,,,
ritzcarltontokyo,2025-02-26T08:00:00.000Z,2414,3,Sidecar,RitzCarltonTokyo,Ritzcarlton,リッツカールトン東京,桜スイーツ,限定スイーツ,春の味覚,東京ホテル,いちごスイーツ,ヌン活,アフタヌーンティー,,,,,,,,,,,,,,,,,,,,
ritzcarltontokyo,2025-02-21T08:00:00.000Z,1199,3,Sidecar,RitzCarltonTokyo,Ritzcarlton,リッツカールトン東京,桜スイーツ,春の味覚,東京ホテル,ラグジュアリーステイ,ヌン活,アフタヌーンティー,,,,,,,,,,,,,,,,,,,,,
ritzcarltontokyo,2025-02-19T08:00:00.000Z,347,0,Sidecar,RitzCarltonTokyo,Ritzcarlton,リッツカールトン東京,東京ミッドタウン,檜町公園,ランニングスポット,,,,,,,,,,,,,,,,,,,,,,,,
ritzcarltontokyo,2025-02-13T03:00:00.000Z,1558,6,Sidecar,RitzCarltonTokyo,リッツカールトン東京,ForbesTravelGuide,FTGStarAwards,FTG5Star,FTG4Star,FTGRecommended,HéritagebyKeiKobayashi,,,,,,,,,,,,,,,,,,,,,,
ritzcarltontokyo,2025-02-24T08:00:00.000Z,676,0,Sidecar,RitzCarltonTokyo,Ritzcarlton,リッツカールトン東京,東京ミッドタウン,桜,ラグジュアリーホテル,春旅,ご褒美旅,SpringInTokyo,,,,,,,,,,,,,,,,,,,,,
ritzcarltontokyo,2025-02-10T08:00:00.000Z,600,2,Sidecar,RitzCarltonTokyo,Ritzcarlton,リッツカールトン東京,東京ミッドタウン,ホテルレストラン,日本料理ひのきざか,鉄板焼,アフタヌーンティー,東京グルメ,ホテルグルメ,,,,,,,,,,,,,,,,,,,,
janutokyo,2024-08-13T15:51:14.000Z,491,4,Sidecar,WelcometoJanu,JanuTokyo,,,,,,,,,,,,,,,,,,,,,,,,,,,,
ritzcarltontokyo,2025-02-14T08:00:00.000Z,664,2,Image,RitzCarltonTokyo,Ritzcarlton,リッツカールトン東京,東京ミッドタウン,東京グルメ,ホテルグルメ,ブランチ,春の味覚,タワーズ,桜,ラグジュアリーホテル,ブランチタイム,,,,,,,,,,,,,,,,,,
ritzcarltontokyo,2025-03-19T08:00:00.000Z,393,2,Sidecar,リッツカールトン東京,RitzCarltonTokyo,東京ホテル,tokyohotel,エリタージュバイケイコバヤシ,heritagebykeikobayashi,keikobayashi,ガストロノミー,フレンチグルメ,東京グルメ,グランメゾン東京,グランメゾンパリ,美食体験,,,,,,,,,,,,,,,,,
ritzcarltontokyo,2025-03-03T08:00:00.000Z,289,0,Sidecar,リッツカールトン東京,tokyohotel,TheRitzCarltonTokyo,スパ,ウェルネス,リラクゼーション,東京ホテル,ホワイトデー,whiteday,Wellness,spa,bastiengonzalez,benoit_perie,,,,,,,,,,,,,,,,,
ritzcarltontokyo,2025-02-28T08:00:00.000Z,561,1,Sidecar,リッツカールトン東京,RitzCarltonTokyo,東京ホテル,tokyohotel,エリタージュバイケイコバヤシ,heritagebykeikobayashi,keikobayashi,ガストロノミー,フレンチグルメ,東京グルメ,グランメゾン東京,グランメゾンパリ,美食体験,,,,,,,,,,,,,,,,,
janutokyo,2025-05-10T11:02:16.000Z,415,0,Sidecar,WelcomeToJanu,JanuTokyo,,,,,,,,,,,,,,,,,,,,,,,,,,,,
ritzcarltontokyo,2025-03-07T08:00:00.000Z,601,0,Sidecar,リッツカールトン東京,RitzCarltonTokyo,東京ホテル,tokyohotel,tokyobar,季節のスイーツ,ストロベリースイーツ,白いちご,東京グルメ,ラグジュアリースイーツ,,,,,,,,,,,,,,,,,,,,
ritzcarltontokyo,2025-03-14T08:00:00.000Z,646,4,Sidecar,リッツカールトン東京,RitzCarltonTokyo,クラブラウンジ,ホテルステイ,東京ホテル,tokyohotel,ラグジュアリーホテル,,,,,,,,,,,,,,,,,,,,,,,
janutokyo,2024-08-08T09:25:13.000Z,338,1,Sidecar,WelcometoJanu,JanuTokyo,,,,,,,,,,,,,,,,,,,,,,,,,,,,
ritzcarltontokyo,2025-03-10T08:00:00.000Z,407,0,Sidecar,リッツカールトン東京,tokyohotel,TheRitzCarltonTokyo,東京ミッドタウン,ROKUジン,春の訪れ,お花見,東京イベント,桜カクテル,midtownblossom,,,,,,,,,,,,,,,,,,,,
janutokyo,2024-08-09T17:07:22.000Z,449,1,Sidecar,WelcometoJanu,JanuTokyo,,,,,,,,,,,,,,,,,,,,,,,,,,,,
ritzcarltontokyo,2025-01-12T08:00:00.000Z,465,1,Sidecar,リッツカールトン東京,RitzCarltonTokyo,東京ホテル,Ritzcarlton,spa,ホテルスパ,ラグジュアリースパ,tokyohotel,,,,,,,,,,,,,,,,,,,,,,
ritzcarltontokyo,2025-01-29T08:00:00.000Z,1461,4,Sidecar,リッツカールトン東京,RitzCarltonTokyo,東京ホテル,ホテルスイーツ,tokyohotel,tokyosweets,tokyocafe,アフタヌーンティー,ヌン活,バレンタイン,東京カフェ,,,,,,,,,,,,,,,,,,,
ritzcarltontokyo,2025-01-22T08:00:00.000Z,493,4,Image,リッツカールトン東京,RitzCarltonTokyo,東京ホテル,ホテルスイーツ,tokyohotel,バレンタイン,エリタージュバイケイコバヤシ,バレンタインディナー,ガストロノミー,フレンチグルメ,東京グルメ,,,,,,,,,,,,,,,,,,,
janutokyo,2025-05-11T10:45:12.000Z,534,2,Sidecar,WelcomeToJanu,JanuTokyo,,,,,,,,,,,,,,,,,,,,,,,,,,,,
ritzcarltontokyo,2025-01-24T08:00:00.000Z,205,1,Image,リッツカールトン東京,RitzCarltonTokyo,東京ホテル,tokyohotel,スパ,トリートメント,espa,ウェルネス,ラグジュアリースパ,,,,,,,,,,,,,,,,,,,,,
ritzcarltontokyo,2025-01-17T08:00:00.000Z,286,0,Image,RitzCarlton,リッツカールトン東京,RitzCarltonTokyo,東京ホテル,家族旅行,東京観光,tokyohotel,,,,,,,,,,,,,,,,,,,,,,,
janutokyo,2025-05-13T10:59:10.000Z,291,1,Sidecar,WelcomeToJanu,JanuTokyo,,,,,,,,,,,,,,,,,,,,,,,,,,,,
janutokyo,2025-05-19T20:54:12.000Z,390,2,Sidecar,WelcomeToJanu,JanuTokyo,,,,,,,,,,,,,,,,,,,,,,,,,,,,
ritzcarltontokyo,2025-02-03T08:00:00.000Z,470,0,Sidecar,リッツカールトン東京,RitzCarltonTokyo,東京ホテル,ホテルスイーツ,tokyohotel,バレンタイン,バレンタインディナー,東京夜景,フレンチグルメ,東京グルメ,,,,,,,,,,,,,,,,,,,,
januhotels,2025-05-14T10:55:53.000Z,399,3,Sidecar,WelcometoJanu,,,,,,,,,,,,,,,,,,,,,,,,,,,,,
ritzcarltontokyo,2025-02-05T08:00:00.000Z,674,0,Sidecar,リッツカールトン東京,RitzCarltonTokyo,クラブラウンジ,ホテルステイ,東京ホテル,tokyohotel,ラグジュアリーホテル,,,,,,,,,,,,,,,,,,,,,,,
ritzcarltontokyo,2025-01-20T08:00:00.000Z,990,0,Sidecar,リッツカールトン東京,RitzCarltonTokyo,東京ホテル,ホテルスイーツ,tokyohotel,tokyosweets,tokyocafe,アフタヌーンティー,ストロベリーコレクション,ヌン活,いちごスイーツ,,,,,,,,,,,,,,,,,,,
ritzcarltontokyo,2025-01-10T08:00:00.000Z,1062,3,Sidecar,リッツカールトン東京,RitzCarltonTokyo,東京ホテル,ホテルスイーツ,tokyohotel,tokyosweets,tokyocafe,アフタヌーンティー,ストロベリーコレクション,ヌン活,いちごスイーツ,,,,,,,,,,,,,,,,,,,
parkhyatttokyo,2025-09-22T09:00:32.000Z,1587,16,Image,ParkHyattTokyo,ParkHyatt⁠,GirandolebyAlainDucasse,LuxuryIsPersonal⁠,パークハイアット東京⁠,ジランドールbyアランデュカス,,,,,,,,,,,,,,,,,,,,,,,,
parkhyatttokyo,2025-09-19T03:00:25.000Z,3544,78,Image,ParkHyattTokyo,ParkHyatt⁠,Reopening,LuxuryIsPersonal⁠,パークハイアット東京⁠,リニューアルオープン,,,,,,,,,,,,,,,,,,,,,,,,
parkhyatttokyo,2025-09-24T06:05:17.000Z,1918,39,Image,ParkHyattTokyo,ParkHyatt⁠,Reopening,LuxuryIsPersonal⁠,パークハイアット東京⁠,リニューアルオープン,,,,,,,,,,,,,,,,,,,,,,,,
parkhyatttokyo,2025-10-16T09:00:29.000Z,931,2,Sidecar,ParkHyattTokyo,ParkHyatt⁠,GirandolebyAlainDucasse,LuxuryIsPersonal⁠,パークハイアット東京⁠,ジランドールbyアランデュカス,,,,,,,,,,,,,,,,,,,,,,,,
parkhyatttokyo,2025-10-31T03:00:21.000Z,1298,11,Image,ParkHyattTokyo,ParkHyatt⁠,Reopening,LuxuryIsPersonal⁠,パークハイアット東京⁠,リニューアルオープン⁠,,,,,,,,,,,,,,,,,,,,,,,,
parkhyatttokyo,2025-09-29T09:00:29.000Z,630,10,Image,ParkHyattTokyo,ParkHyatt⁠,Reopening,LuxuryIsPersonal⁠,JouinManku⁠,パークハイアット東京⁠,リニューアルオープン,,,,,,,,,,,,,,,,,,,,,,,
parkhyatttokyo,2025-11-18T09:35:17.000Z,1249,5,Sidecar,ParkHyattTokyo⁠,ParkHyatt⁠,LuxuryIsPersonal,NewYorkGrill⁠⁠,パークハイアット東京⁠,パークハイアット⁠,ニューヨークグリル⁠,,,,,,,,,,,,,,,,,,,,,,,
parkhyatttokyo,2025-11-20T09:30:21.000Z,679,6,Image,ParkHyattTokyo⁠,ParkHyatt⁠,LuxuryIsPersonal,パークハイアット東京⁠,パークハイアット⁠,,,,,,,,,,,,,,,,,,,,,,,,,
parkhyatttokyo,2025-10-06T09:00:27.000Z,3606,49,Image,ParkHyattTokyo,ParkHyatt⁠,Reopening,LuxuryIsPersonal⁠,NewYorkGrill,NewYorkBar⁠,パークハイアット東京⁠,リニューアルオープン⁠,ニューヨークグリル,ニューヨークバー⁠,,,,,,,,,,,,,,,,,,,,
januhotels,2025-08-31T11:00:37.000Z,642,3,Sidecar,WelcometoJanu,JanuTokyo,,,,,,,,,,,,,,,,,,,,,,,,,,,,
parkhyatttokyo,2025-11-12T03:00:26.000Z,894,6,Image,ParkHyattTokyo,ParkHyatt⁠,AutumnColors,AutumnLeaves⁠,LuxuryIsPersonal⁠,パークハイアット東京⁠,,,,,,,,,,,,,,,,,,,,,,,,
ritzcarltontokyo,2025-01-08T08:05:00.000Z,295,1,Sidecar,リッツカールトン東京,RitzCarltonTokyo,東京ホテル,tokyohotel,ラグジュアリーホテル,リッツキッズ,ナイトサファリ,FamilyStaycation,,,,,,,,,,,,,,,,,,,,,,
ritzcarltontokyo,2025-01-31T02:57:56.000Z,221,1,Video,RitzCarltonTokyo,Ritzcarlton,RCMemories,heritagebykeikobayashi,keikobayashi,リッツカールトン東京,東京ミッドタウン,小林圭,フレンチダイニング,ホテルレストラン,ホテルディナー,ホテルランチ,,,,,,,,,,,,,,,,,,
parkhyatttokyo,2025-10-24T08:45:14.000Z,1057,9,Image,ParkHyattTokyo,ParkHyatt⁠,Reopening,LuxuryIsPersonal⁠,ClubOnThePark,Spa⁠,Pool⁠,パークハイアット東京⁠,リニューアルオープン⁠,スパ,クラブオンザパーク,,,,,,,,,,,,,,,,,,,
ritzcarltontokyo,2024-12-22T09:00:19.000Z,375,0,Sidecar,RitzCarltonTokyo,RCMemories,RCTokyo,リッツカールトン東京,HolidayGifts,ホリデーギフト,,,,,,,,,,,,,,,,,,,,,,,,
ritzcarltontokyo,2024-12-27T11:47:07.000Z,471,0,Sidecar,RitzCarltonTokyo,Ritzcarlton,RCMemories,heritagebykeikobayashi,keikobayashi,LaGrandeMaisonParis,リッツカールトン東京,東京ミッドタウン,小林圭,グランメンゾンパリ,フレンチダイニング,,,,,,,,,,,,,,,,,,,
ritzcarltontokyo,2025-01-01T00:00:15.000Z,1492,3,Image,RitzCarltonTokyo,RCMemories,リッツカールトン東京,RCTokyo,,,,,,,,,,,,,,,,,,,,,,,,,,
janutokyo,2025-05-16T17:24:17.000Z,1026,7,Sidecar,WelcomeToJanu,JanuTokyo,JanuMercato,,,,,,,,,,,,,,,,,,,,,,,,,,,
ritzcarltontokyo,2024-12-30T09:00:04.000Z,1161,4,Sidecar,RitzCarltonTokyo,RCMemories,RCTokyo,リッツカールトン東京,パフェ,ストロベリーパフェ,苺パフェ,StrawberryParfait,,,,,,,,,,,,,,,,,,,,,,
ritzcarltontokyo,2024-12-29T03:00:25.000Z,635,0,Sidecar,リッツカールトン東京,ジェニュインウエディング,ホテルウェディング,ウェディングフェア,RitzCarltonTokyo,GenuineWedding,wedding,結婚式,リッツ婚,プレ花嫁,秋婚,冬婚,,,,,,,,,,,,,,,,,,
ritzcarltontokyo,2024-12-28T11:00:25.000Z,1047,1,Sidecar,RitzCarltonTokyo,RCMemories,RCTokyo,リッツカールトン東京,AfternoonTea,アフタヌーンティー,ヌン活,StrawberryAfternoonTea,ストロベリーアフタヌーンティー,,,,,,,,,,,,,,,,,,,,,
parkhyatttokyo,2025-04-18T09:16:47.000Z,1227,4,Image,ParkHyattTokyo,ParkHyatt,Architecture⁠,LuxuryIsPersonal,ShinjukuParkTower⁠,パークハイアット東京⁠,新宿パークタワー,,,,,,,,,,,,,,,,,,,,,,,
ritzcarltontokyo,2025-01-02T01:53:00.000Z,586,0,Sidecar,RitzCarltonTokyo,Ritzcarlton,RCMemories,heritagebykeikobayashi,keikobayashi,リッツカールトン東京,東京ミッドタウン,小林圭,フレンチダイニング,ホテルレストラン,ホテルディナー,ホテルランチ,,,,,,,,,,,,,,,,,,
parkhyatttokyo,2025-02-04T04:00:21.000Z,942,10,Sidecar,ParkHyatt⁠,ParkHyattTokyo,LuxuryIsPersonal⁠,PastryBoutique⁠,パークハイアット東京⁠,ペストリーブティック,,,,,,,,,,,,,,,,,,,,,,,,
ritzcarltontokyo,2024-12-30T09:55:42.000Z,2243,4,Sidecar,リッツカールトン東京,ritzcarltontokyo,RCTokyo,RCMemories,エリタージュバイケイコバヤシ,小林圭,,,,,,,,,,,,,,,,,,,,,,,,
parkhyatttokyo,2025-01-08T09:01:17.000Z,1152,0,Sidecar,ParkHyattTokyo,ParkHyatt,LuxuryIsPersonal⁠,パークハイアット東京⁠,東京結婚式,プレ花嫁⁠,ウェディングフォト⁠,,,,,,,,,,,,,,,,,,,,,,,
parkhyatttokyo,2025-05-30T09:45:17.000Z,853,7,Sidecar,ParkHyattTokyo,ParkHyatt,LuxuryIsPersonal,Library⁠,パークハイアット⁠,パークハイアット東京⁠,,,,,,,,,,,,,,,,,,,,,,,,
parkhyatttokyo,2025-02-28T08:30:14.000Z,914,4,Image,ParkHyatt⁠,ParkHyattTokyo,LuxuryIsPersonal⁠⁠,パークハイアット東京⁠,,,,,,,,,,,,,,,,,,,,,,,,,,
parkhyatttokyo,2025-02-21T09:00:46.000Z,1191,13,Image,ParkHyattTokyo.⁠,ParkHyattTokyo,ParkHyatt⁠,LuxuryIsPersonal,Wellness⁠⁠,パークハイアット東京⁠,ウェルネス⁠,,,,,,,,,,,,,,,,,,,,,,,
parkhyatttokyo,2025-03-08T04:00:22.000Z,724,1,Sidecar,InternationalWomensDay,IWD2025,AccelerateAction⁠,ParkHyatt⁠,ParkHyattTokyo,LuxuryIsPersonal⁠⁠,パークハイアット東京⁠,国際女性デー⁠,,,,,,,,,,,,,,,,,,,,,,
parkhyatttokyo,2025-01-28T09:00:26.000Z,1683,11,Image,ParkHyattTokyo,LuxuryIsPersonal⁠,ParkHyatt⁠,Sunset⁠,パークハイアット東京⁠,,,,,,,,,,,,,,,,,,,,,,,,,
ritzcarltontokyo,2025-01-03T09:00:24.000Z,910,1,Image,RitzCarltonTokyo,RCMemories,RCTokyo,リッツカールトン東京,,,,,,,,,,,,,,,,,,,,,,,,,,
parkhyatttokyo,2025-01-21T04:00:17.000Z,1249,5,Sidecar,ParkHyattTokyo.⁠,ParkHyattTokyo,PeakLounge⁠,LuxuryIsPersonal⁠,ParkHyatt⁠,パークハイアット東京⁠,ピークラウンジ,,,,,,,,,,,,,,,,,,,,,,,
ritzcarltontokyo,2024-12-03T11:36:28.000Z,890,1,Sidecar,RitzCarltonTokyo,RCMemories,RCTokyo,リッツカールトン東京,クリスマスケーキ,ChristmasCakes,,,,,,,,,,,,,,,,,,,,,,,,
ritzcarltontokyo,2024-12-04T09:00:39.000Z,621,3,Sidecar,RitzCarltonTokyo,RCMemories,RCTokyo,リッツカールトン東京,,,,,,,,,,,,,,,,,,,,,,,,,,
ritzcarltontokyo,2024-12-26T10:41:19.000Z,577,0,Sidecar,RitzCarltonTokyo,RCMemories,RCTokyo,リッツカールトン東京,,,,,,,,,,,,,,,,,,,,,,,,,,
ritzcarltontokyo,2025-01-06T08:49:22.000Z,919,2,Sidecar,リッツカールトン東京,RitzCarltonTokyo,東京ホテル,ホテルスイーツ,tokyohotel,tokyosweets,tokyocafe,バンンタイン,バレンタインギフト,バレンタインチョコ,,,,,,,,,,,,,,,,,,,,
ritzcarltontokyo,2024-12-01T03:00:15.000Z,682,0,Sidecar,RitzCarltonTokyo,RCMemories,RCTokyo,リッツカールトン東京,,,,,,,,,,,,,,,,,,,,,,,,,,
ritzcarltontokyo,2024-11-15T10:52:51.000Z,434,0,Sidecar,RitzCarltonTokyo,RCMemories,RCTokyo,リッツカールトン東京,クリスマスディナー,鉄板焼き,ホテルディナー,Teppanyaki,ChristmasDinner,,,,,,,,,,,,,,,,,,,,,
ritzcarltontokyo,2024-11-12T09:00:28.000Z,631,0,Sidecar,RitzCarltonTokyo,RCMemories,RCTokyo,リッツカールトン東京,LivePainting,Mangalivepaint,Mangaartist,,,,,,,,,,,,,,,,,,,,,,,
ritzcarltontokyo,2024-11-23T09:00:21.000Z,214,0,Sidecar,RitzCarltonTokyo,RCMemories,RCTokyo,リッツカールトン東京,BastienGonzalez,PediManiCureStudio,,,,,,,,,,,,,,,,,,,,,,,,
ritzcarltontokyo,2024-11-13T11:04:34.000Z,755,0,Sidecar,RitzCarltonTokyo,RCMemories,RCTokyo,リッツカールトン東京,ホテルスパ,,,,,,,,,,,,,,,,,,,,,,,,,
ritzcarltontokyo,2024-11-25T10:43:18.000Z,331,0,Sidecar,RitzCarltonTokyo,RCMemories,RCTokyo,リッツカールトン東京,,,,,,,,,,,,,,,,,,,,,,,,,,
parkhyatttokyo,2025-05-23T03:00:21.000Z,1254,8,Image,1,ParkHyattTokyo,ParkHyatt,LuxuryIsPersonal,Tripadvisor,TravelersChoice,パークハイアット東京⁠,,,,,,,,,,,,,,,,,,,,,,,
ritzcarltontokyo,2024-11-18T09:00:24.000Z,827,0,Sidecar,RitzCarltonTokyo,RCMemories,RCTokyo,リッツカールトン東京,,,,,,,,,,,,,,,,,,,,,,,,,,
ritzcarltontokyo,2024-11-27T12:39:57.000Z,2262,4,Sidecar,RitzCarltonTokyo,RCMemories,RCTokyo,リッツカールトン東京,クリスマスツリー,ChristmasTree,,,,,,,,,,,,,,,,,,,,,,,,
ritzcarltontokyo,2024-11-28T09:30:13.000Z,691,1,Sidecar,RitzCarltonTokyo,RCMemories,RCTokyo,リッツカールトン東京,GenuineWedding,ジェニュインウエディング,結婚式,,,,,,,,,,,,,,,,,,,,,,,
parkhyatttokyo,2024-11-29T03:00:14.000Z,1042,0,Image,ParkHyattTokyo,ParkHyatt⁠,LuxuryIsPersonal,AutumnColors,AutumnLeaves⁠,パークハイアット東京⁠,紅葉狩り,,,,,,,,,,,,,,,,,,,,,,,
ritzcarltontokyo,2024-11-17T09:00:20.000Z,732,2,Sidecar,RitzCarltonTokyo,RCTokyo,RCMemories,リッツカールトン東京,クリスマスケーキ,クリスマスケーキ2024,ChristmasCakes,,,,,,,,,,,,,,,,,,,,,,,
ritzcarltontokyo,2024-11-26T09:00:37.000Z,788,0,Sidecar,RitzCarltonTokyo,RCMemories,RCTokyo,リッツカールトン東京,アフタヌーンティー,ヌン活,マノロブラニク,,,,,,,,,,,,,,,,,,,,,,,
parkhyatttokyo,2024-11-15T10:00:59.000Z,1693,11,Sidecar,ParkHyattTokyo,ParkHyatt⁠,LuxuryIsPersonal⁠,パークハイアット東京⁠,valerioadami,,,,,,,,,,,,,,,,,,,,,,,,,
parkhyatttokyo,2025-06-27T09:00:23.000Z,956,3,Image,ParkHyattTokyo,ParkHyatt⁠,LuxuryIsPersonal⁠,パークハイアット東京⁠,,,,,,,,,,,,,,,,,,,,,,,,,,
parkhyatttokyo,2024-12-11T09:20:15.000Z,1005,3,Sidecar,ParkHyattTokyo,HyattGratitude⁠,ParkHyatt,LuxuryIsPersonal⁠,パークハイアット東京⁠,,,,,,,,,,,,,,,,,,,,,,,,,
parkhyatttokyo,2024-10-31T10:01:02.000Z,899,7,Sidecar,ParkHyattTokyo,NewYorkBar⁠,LuxuryIsPersonal⁠,パークハイアット東京⁠,ニューヨークバー⁠,,,,,,,,,,,,,,,,,,,,,,,,,
parkhyatttokyo,2024-12-06T10:00:56.000Z,1141,6,Sidecar,ParkHyattTokyo,ParkHyatt⁠,LuxuryIsPersonal⁠,パークハイアット東京⁠,,,,,,,,,,,,,,,,,,,,,,,,,,
ritzcarltontokyo,2024-12-10T09:00:40.000Z,384,0,Sidecar,RitzCarltonTokyo,RCMemories,RCTokyo,リッツカールトン東京,RitzKids,リッツキッズ,,,,,,,,,,,,,,,,,,,,,,,,
parkhyatttokyo,2024-11-08T09:25:13.000Z,1151,9,Image,ParkHyattTokyo,ParkHyatt⁠,LuxuryIsPersonal⁠,Sunset⁠,パークハイアット東京⁠,,,,,,,,,,,,,,,,,,,,,,,,,
ritzcarltontokyo,2024-12-11T10:21:32.000Z,346,0,Sidecar,RitzCarltonTokyo,RCMemories,RCTokyo,リッツカールトン東京,HotelSpa,ホテルスパ,,,,,,,,,,,,,,,,,,,,,,,,
parkhyatttokyo,2024-10-26T03:00:29.000Z,1283,11,Sidecar,ParkHyattTokyo.⁠,ParkHyattTokyo,ParkHyatt⁠,LuxuryIsPersonal⁠,パークハイアット東京⁠,,,,,,,,,,,,,,,,,,,,,,,,,
ritzcarltontokyo,2024-12-09T12:23:46.000Z,1011,1,Sidecar,RitzCarltonTokyo,RCMemories,RCTokyo,リッツカールトン東京,AfternoonTea,アフタヌーンティー,,,,,,,,,,,,,,,,,,,,,,,,
parkhyatttokyo,2024-12-25T03:00:11.000Z,1406,9,Image,ParkHyattTokyo,ParkHyatt,LuxuryIsPersonal⁠,Christmaswishes⁠,パークハイアット東京⁠,クリスマスツリー,,,,,,,,,,,,,,,,,,,,,,,,
parkhyatttokyo,2024-10-22T03:00:26.000Z,1034,5,Sidecar,ParkHyattTokyo,ParkHyatt⁠,LuxuryIsPersonal⁠,パークハイアット東京⁠,,,,,,,,,,,,,,,,,,,,,,,,,,
parkhyatttokyo,2024-12-31T04:00:20.000Z,855,11,Image,ParkHyattTokyo,ParkHyatt,LuxuryIsPersonal⁠,パークハイアット東京⁠,,,,,,,,,,,,,,,,,,,,,,,,,,
parkhyatttokyo,2024-12-20T04:00:28.000Z,1353,4,Sidecar,ParkHyattTokyo,ParkHyatt,LuxuryIsPersonal⁠,Christmasdecor,パークハイアット東京⁠,クリスマスデコレーション,,,,,,,,,,,,,,,,,,,,,,,,
ritzcarltontokyo,2024-11-24T09:00:19.000Z,431,3,Sidecar,RitzCarltonTokyo,RCMemories,RCTokyo,リッツカールトン東京,,,,,,,,,,,,,,,,,,,,,,,,,,
parkhyatttokyo,2025-01-01T08:00:36.000Z,1416,11,Image,ParkHyattTokyo,MountFuji⁠,ParkHyatt,LuxuryIsPersonal⁠,パークハイアット東京⁠,富士山,,,,,,,,,,,,,,,,,,,,,,,,
parkhyatttokyo,2025-05-09T09:00:26.000Z,656,4,Sidecar,ParkHyattTokyo,ParkHyatt,CreateYourTimelessMasterpiece⁠,パークハイアット東京⁠,東京結婚式,プレ花嫁⁠,ウェディングフォト,,,,,,,,,,,,,,,,,,,,,,,
parkhyatttokyo,2024-07-17T19:00:51.000Z,1030,4,Sidecar,PHT30thAnniversary⁠,PHT30周年⁠,ParkHyattTokyo,パークハイアット東京⁠,ParkHyatt,Hyatt,WorldOfHyatt⁠,LuxuryIsPersonal,,,,,,,,,,,,,,,,,,,,,,
parkhyatttokyo,2024-07-23T06:00:14.000Z,249,0,Image,PHT30thAnniversary⁠,PHT30周年⁠,ParkHyattTokyo,パークハイアット東京⁠,ParkHyatt,Hyatt,WorldOfHyatt⁠,LuxuryIsPersonal,,,,,,,,,,,,,,,,,,,,,,
ritzcarltontokyo,2024-11-04T11:33:53.000Z,580,0,Sidecar,RitzCarltonTokyo,Ritzcarlton,RCMemories,heritagebykeikobayashi,keikobayashi,リッツカールトン東京,東京ミッドタウン,小林圭,フレンチダイニング,ホテルレストラン,ホテルディナー,ホテルランチ,,,,,,,,,,,,,,,,,,
ritzcarltontokyo,2024-11-01T11:23:39.000Z,593,5,Sidecar,RitzCarltonTokyo,RCMemories,RCTokyo,リッツカールトン東京,Cocktails,HotelBar,カクテル,ホテルバー,,,,,,,,,,,,,,,,,,,,,,
ritzcarltontokyo,2024-10-23T09:00:23.000Z,249,1,Sidecar,WorldSpaAwards2024.,RitzCarltonTokyo,RCTokyo,RCMemories,BastienGonzalez,FootCare,フットケア,ホテルスパ,,,,,,,,,,,,,,,,,,,,,,
parkhyatttokyo,2024-08-02T21:00:19.000Z,1069,8,Image,PHT30thAnniversary⁠,PHT30周年,ParkHyattTokyo,パークハイアット東京⁠,ParkHyatt,Hyatt,WorldOfHyatt⁠,LuxuryIsPersonal,,,,,,,,,,,,,,,,,,,,,,
ritzcarltontokyo,2024-10-31T09:30:14.000Z,616,2,Sidecar,RitzCarltonTokyo,RCTokyo,RCMemories,リッツカールトン東京,日本料理,蟹料理,,,,,,,,,,,,,,,,,,,,,,,,
parkhyatttokyo,2024-07-29T06:00:16.000Z,861,3,Image,PHT30thAnniversary!⁠,PHT30周年,ParkHyattTokyo,パークハイアット東京⁠,ParkHyatt,Hyatt,WorldOfHyatt⁠,LuxuryIsPersonal,,,,,,,,,,,,,,,,,,,,,,
parkhyatttokyo,2024-08-25T22:30:30.000Z,-1,1,Image,ParkHyattTokyo,パークハイアット東京⁠,ParkHyattTokyoWedding⁠,パークハイアット東京ウェディング⁠,PHTWedding,PHTウェディング⁠,パークハイアット花嫁⁠,ParkHyatt,Hyatt,WorldOfHyatt⁠,LuxuryIsPersonal,,,,,,,,,,,,,,,,,,,
ritzcarltontokyo,2024-10-27T03:00:24.000Z,771,1,Image,RitzCarltonTokyo,RCMemories,RCTokyo,リッツカールトン東京,クリスマスケーキ2024,ChristmasCake2024,,,,,,,,,,,,,,,,,,,,,,,,
ritzcarltontokyo,2024-11-09T03:00:20.000Z,263,0,Sidecar,RitzKids,RitzCarltonTokyo,RCTokyo,リッツカールトン東京,リッツキッズ,,,,,,,,,,,,,,,,,,,,,,,,,
parkhyatttokyo,2024-08-06T06:00:43.000Z,508,7,Sidecar,PHT30thAnniversary⁠,PHT30周年⁠,ParkHyattTokyo,パークハイアット東京⁠,ParkHyatt,Hyatt,WorldOfHyatt⁠,LuxuryIsPersonal,,,,,,,,,,,,,,,,,,,,,,
ritzcarltontokyo,2024-10-28T11:19:57.000Z,593,2,Image,"pool,",RitzCarltonTokyo,RCMemories,プール,ホテルプール,,,,,,,,,,,,,,,,,,,,,,,,,
ritzcarltontokyo,2024-11-08T11:13:48.000Z,791,0,Sidecar,RitzCarltonTokyo,Ritzcarlton,RCMemories,heritagebykeikobayashi,keikobayashi,リッツカールトン東京,東京ミッドタウン,小林圭,フレンチダイニング,ホテルレストラン,クリスマスディナー,,,,,,,,,,,,,,,,,,,
ritzcarltontokyo,2024-12-14T11:48:50.000Z,544,2,Sidecar,RitzCarltonTokyo,Ritzcarlton,RCMemories,heritagebykeikobayashi,keikobayashi,リッツカールトン東京,東京ミッドタウン,小林圭,フレンチダイニング,ホテルレストラン,ホテルディナー,ホテルランチ,,,,,,,,,,,,,,,,,,
ritzcarltontokyo,2024-11-03T03:00:23.000Z,918,3,Sidecar,RitzCarltonTokyo,RCMemories,RCTokyo,リッツカールトン東京,JapaneseSuite,,,,,,,,,,,,,,,,,,,,,,,,,
ritzcarltontokyo,2024-10-26T09:08:57.000Z,1108,7,Sidecar,MICHELINGUIDETOKYO,MICHELINSTAR25,RitzCarltonTokyo,Ritzcarlton,RCMemories,heritagebykeikobayashi,リッツカールトン東京,,,,,,,,,,,,,,,,,,,,,,,
ritzcarltontokyo,2024-12-15T03:00:19.000Z,766,0,Image,RitzCarltonTokyo,RCMemories,RCTokyo,リッツカールトン東京,,,,,,,,,,,,,,,,,,,,,,,,,,
ritzcarltontokyo,2024-12-06T10:00:27.000Z,688,0,Sidecar,RitzCarltonTokyo,RCMemories,RCTokyo,リッツカールトン東京,,,,,,,,,,,,,,,,,,,,,,,,,,
ritzcarltontokyo,2024-10-21T11:51:19.000Z,1045,5,Sidecar,RitzCarltonTokyo,RCMemories,RCTokyo,リッツカールトン東京,AfternoonTea,アフタヌーンティー,ヌン活,,,,,,,,,,,,,,,,,,,,,,,
parkhyatttokyo,2024-07-17T19:01:14.000Z,699,4,Sidecar,PHT30thAnniversary⁠,PHT30周年⁠,ParkHyattTokyo,パークハイアット東京⁠,ParkHyatt,Hyatt,WorldOfHyatt⁠,LuxuryIsPersonal,,,,,,,,,,,,,,,,,,,,,,
ritzcarltontokyo,2024-12-17T09:00:21.000Z,1116,3,Sidecar,RitzCarltonTokyo,RCMemories,RCTokyo,リッツカールトン東京,Parfait,パフェ,,,,,,,,,,,,,,,,,,,,,,,,
parkhyatttokyo,2024-08-28T03:01:33.000Z,-1,3,Sidecar,ParkHyattTokyo,パークハイアット東京⁠,ParkHyatt,Hyatt,WorldOfHyatt⁠,LuxuryIsPersonal,,,,,,,,,,,,,,,,,,,,,,,,
ritzcarltontokyo,2024-12-16T11:15:26.000Z,1184,2,Sidecar,RitzCarltonTokyo,RCMemories,RCTokyo,リッツカールトン東京,イルミネーション,東京ミッドタウン,tokyomidtown,Christmas,MIDTOWNCHRISTMAS2024,,,,,,,,,,,,,,,,,,,,,
ritzcarltontokyo,2024-11-11T12:02:33.000Z,411,0,Sidecar,RitzCarltonTokyo,Ritzcarlton,RCMemories,heritagebykeikobayashi,keikobayashi,リッツカールトン東京,東京ミッドタウン,小林圭,フレンチダイニング,ホテルレストラン,ホテルディナー,ホテルランチ,,,,,,,,,,,,,,,,,,
parkhyatttokyo,2024-07-23T06:01:15.000Z,744,4,Sidecar,PHT30thAnniversary⁠,PHT30周年,PHT30周年⁠,ParkHyattTokyo,パークハイアット東京⁠,ParkHyatt,Hyatt,WorldOfHyatt⁠,LuxuryIsPersonal,,,,,,,,,,,,,,,,,,,,,
ritzcarltontokyo,2024-12-21T03:00:18.000Z,972,1,Sidecar,RitzCarltonTokyo,RCMemories,RCTokyo,リッツカールトン東京,AfternoonTea,アフタヌーンティー,ヌン活,,,,,,,,,,,,,,,,,,,,,,,
parkhyatttokyo,2024-08-09T03:00:18.000Z,974,7,Sidecar,PHT30thAnniversary.⁠,PHT30周年」,PHT30thAnniversary⁠,PHT30周年⁠,ParkHyattTokyo,パークハイアット東京⁠,ParkHyatt,Hyatt,WorldOfHyatt⁠,LuxuryIsPersonal,,,,,,,,,,,,,,,,,,,,
andaztokyo,2025-04-24T05:11:55.000Z,436,0,Sidecar,andaztokyo,toranomon,toranomonhills,港区,虎ノ門ヒルズ,アンダーズ東京,虎ノ門,ラグジュアリーホテル,ライフスタイルホテル,hyatt,andaz,ホテルレストラン,tokyohotel,popuprestaurant,tokyo,japan,ParkHyattTokyo,NewYorkGrill,パークハイアット東京,ニューヨークグリル,,,,,,,,,,
ritzcarltontokyo,2024-12-19T09:00:30.000Z,595,0,Sidecar,RitzCarltonTokyo,RCMemories,RCTokyo,リッツカールトン東京,ClubLounge,クラブラウンジ,,,,,,,,,,,,,,,,,,,,,,,,
jaysonrobertson,2025-02-19T09:09:05.000Z,2127,101,Video,ritzcarlton,hotels,traveljapan,tokyo,,,,,,,,,,,,,,,,,,,,,,,,,,
parkhyatttokyo,2025-03-14T03:00:21.000Z,761,3,Image,ParkHyattTokyo.,ParkHyattTokyo,ParkHyatt⁠,LuxuryIsPersonal⁠⁠,パークハイアット東京⁠,,,,,,,,,,,,,,,,,,,,,,,,,
parkhyatttokyo,2024-10-07T03:03:09.000Z,835,13,Video,1.,ParkHyattTokyo,ParkHyatt⁠,LuxuryIsPersonal⁠,パークハイアット東京⁠,RCA2024,CondeNastTraveller,,,,,,,,,,,,,,,,,,,,,,,
parkhyatttokyo,2024-09-11T03:03:10.000Z,537,4,Video,ParkHyattTokyo,パークハイアット東京⁠,ParkHyatt,LuxuryIsPersonal,,,,,,,,,,,,,,,,,,,,,,,,,,
ritzcarltontokyo,2024-12-24T09:17:28.000Z,326,2,Video,RitzCarltonTokyo,Ritzcarlton,RCMemories,heritagebykeikobayashi,keikobayashi,リッツカールトン東京,東京ミッドタウン,小林圭,フレンチダイニング,ホテルレストラン,クリスマスランチ,クリスマスディナー,,,,,,,,,,,,,,,,,,
parkhyatttokyo,2025-06-06T04:00:24.000Z,984,14,Image,ParkHyattTokyo,ParkHyatt⁠,PeakLounge⁠,LuxuryIsPersonal⁠,パークハイアット東京⁠,ピークラウンジ⁠,,,,,,,,,,,,,,,,,,,,,,,,
parkhyatttokyo,2025-03-21T03:00:18.000Z,1137,3,Image,ParkHyattTokyo,MountFuji⁠,ParkHyatt,LuxuryIsPersonal⁠,パークハイアット東京⁠,富士山,,,,,,,,,,,,,,,,,,,,,,,,
ritzcarltontokyo,2024-08-23T09:30:19.000Z,975,1,Sidecar,RitzCarltonTokyo,RCMemories,RCTokyo,リッツカールトン東京,AfternoonTea,アフタヌーンティー,,,,,,,,,,,,,,,,,,,,,,,,
ritzcarltontokyo,2024-08-24T14:27:08.000Z,469,4,Sidecar,RitzCarltonTokyo,Ritzcarlton,RCMemories,heritagebykeikobayashi,keikobayashi,リッツカールトン東京,東京ミッドタウン,小林圭,フレンチダイニング,ホテルレストラン,ホテルディナー,ホテルランチ,,,,,,,,,,,,,,,,,,
ritzcarltontokyo,2024-10-11T11:00:37.000Z,900,6,Image,RitzCarltonTokyo,RCMemories,リッツカールトン東京,RCTokyo,,,,,,,,,,,,,,,,,,,,,,,,,,
parkhyatttokyo,2025-06-13T09:00:30.000Z,1356,10,Sidecar,ParkHyattTokyo,ParkHyatt⁠,NewYorkBar,LuxuryIsPersonal⁠,パークハイアット東京⁠,ニューヨークバー,,,,,,,,,,,,,,,,,,,,,,,,
ritzcarltontokyo,2024-10-12T12:02:49.000Z,434,2,Sidecar,リッツカールトン東京,ジェニュインウエディング,ホテルウェディング,RitzCarltonTokyo,GenuineWedding,wedding,結婚式,リッツ婚,プレ花嫁,ウェディングフェア,,,,,,,,,,,,,,,,,,,,
ritzcarltontokyo,2024-09-19T09:00:28.000Z,559,0,Image,RitzCarltonTokyo,RCMemories,RCTokyo,リッツカールトン東京,luxurydiningseries,,,,,,,,,,,,,,,,,,,,,,,,,
parkhyatttokyo,2025-03-28T05:00:21.000Z,855,5,Sidecar,ParkHyattTokyo,CherryBlossom⁠,ParkHyatt,LuxuryIsPersonal⁠,ShinjukuGyoen,YoyogiPark⁠,パークハイアット東京⁠,桜⁠,新宿御苑,代々木公園,,,,,,,,,,,,,,,,,,,,
parkhyatttokyo,2025-08-22T09:00:26.000Z,890,7,Image,ParkHyattTokyo,ParkHyatt⁠,LuxuryIsPersonal⁠,パークハイアット東京⁠,,,,,,,,,,,,,,,,,,,,,,,,,,
ritzcarltontokyo,2024-10-15T09:00:00.000Z,597,3,Sidecar,RCMemories,RitzCarltonTokyo,RCTokyo,リッツカールトン東京,,,,,,,,,,,,,,,,,,,,,,,,,,
ritzcarltontokyo,2024-09-02T11:00:16.000Z,409,1,Image,luxurydiningseries,RitzCarltonTokyo,RCTokyo,リッツカールトン東京,,,,,,,,,,,,,,,,,,,,,,,,,,
parkhyatttokyo,2025-07-25T09:00:32.000Z,902,4,Sidecar,ParkHyattTokyo,ParkHyatt,LuxuryIsPersonal⁠,パークハイアット東京⁠,東京結婚式,プレ花嫁⁠,ウェディングフォト,,,,,,,,,,,,,,,,,,,,,,,
parkhyatttokyo,2025-07-10T09:00:27.000Z,1399,14,Image,2,ParkHyattTokyo,ParkHyatt⁠,LuxuryIsPersonal⁠,Travelandleisure⁠,パークハイアット東京⁠,,,,,,,,,,,,,,,,,,,,,,,,
parkhyatttokyo,2025-07-04T09:00:22.000Z,1322,13,Image,ParkHyattTokyo,ParkHyatt⁠,LuxuryIsPersonal⁠,JapaneseCuisine,Kozue⁠,パークハイアット東京⁠,日本料理,梢,,,,,,,,,,,,,,,,,,,,,,
ritzcarltontokyo,2024-09-03T10:56:06.000Z,359,3,Sidecar,RitzCarltonTokyo,Ritzcarlton,RCMemories,heritagebykeikobayashi,keikobayashi,リッツカールトン東京,東京ミッドタウン,小林圭,フレンチダイニング,ホテルレストラン,ホテルディナー,ホテルランチ,,,,,,,,,,,,,,,,,,
ritzcarltontokyo,2025-12-01T11:00:00.000Z,262,8,Sidecar,リッツカールトン東京,RitzCarltonTokyo,RitzCarlton,LuxuryStay,RCMemories,BarExperience,TokyoBarScene,,,,,,,,,,,,,,,,,,,,,,,
ritzcarltontokyo,2024-10-18T09:01:01.000Z,835,14,Sidecar,RitzCarltonTokyo,RitzCarlton,RCMemories,heritagebykeikobayashi,Michelin,MichelinTokyo,リッツカールトン東京,ミシュラン,ミシュラン東京,,,,,,,,,,,,,,,,,,,,,
parkhyatttokyo,2025-11-24T07:10:16.000Z,1926,6,Sidecar,ParkHyattTokyo⁠,ParkHyatt⁠,LuxuryIsPersonal,AfternoonTea⁠,パークハイアット東京⁠,パークハイアット⁠,東京アフタヌーンティー,アフタヌーンティー⁠,,,,,,,,,,,,,,,,,,,,,,
ritzcarltontokyo,2025-12-09T11:00:00.000Z,893,4,Sidecar,リッツカールトン東京,RitzCarltonTokyo,RCMemories,LuxuryStay,,,,,,,,,,,,,,,,,,,,,,,,,,
parkhyatttokyo,2025-04-04T09:45:16.000Z,1856,11,Image,ParkHyattTokyo,ParkHyatt⁠,NewYorkGrill,LuxuryIsPersonal⁠,パークハイアット東京⁠,ニューヨークグリル,,,,,,,,,,,,,,,,,,,,,,,,
ritzcarltontokyo,2024-09-17T12:24:22.000Z,343,1,Sidecar,RitzCarltonTokyo,RCMemories,RCTokyo,リッツカールトン東京,luxurydiningseries,,,,,,,,,,,,,,,,,,,,,,,,,
ritzcarltontokyo,2025-12-14T11:00:00.000Z,484,5,Sidecar,RitzCarltonTokyo,Ritzcarlton,リッツカールトン東京,東京ホテル,RCMemories,,,,,,,,,,,,,,,,,,,,,,,,,
jouinmanku,2025-11-28T07:14:08.000Z,1840,15,Image,,,,,,,,,,,,,,,,,,,,,,,,,,,,,,
ritzcarltontokyo,2025-12-05T11:00:00.000Z,186,2,Sidecar,リッツカールトン東京,RitzCarltonTokyo,RCMemories,LuxurySpa,TokyoSpa,,,,,,,,,,,,,,,,,,,,,,,,,
ritzcarltontokyo,2025-12-07T11:00:00.000Z,475,2,Sidecar,リッツカールトン東京,RitzCarltonTokyo,RCMemories,クリスマスディナー,,,,,,,,,,,,,,,,,,,,,,,,,,
parkhyatttokyo,2025-11-29T11:13:31.000Z,2349,14,Sidecar,ParkHyattTokyo⁠,ParkHyatt⁠,LuxuryIsPersonal,PastryBoutique⁠,ChristmasCake,パークハイアット東京⁠,パークハイアット⁠,ペストリーブティック,クリスマスケーキ⁠,,,,,,,,,,,,,,,,,,,,,
parkhyatttokyo,2025-12-01T09:43:05.000Z,847,4,Sidecar,ParkHyattTokyo⁠,ParkHyatt⁠,LuxuryIsPersonal,パークハイアット東京⁠,パークハイアット⁠,,,,,,,,,,,,,,,,,,,,,,,,,
parkhyatttokyo,2025-11-26T08:44:53.000Z,1226,10,Video,ParkHyattTokyo,ParkHyatt⁠,Reopening,LuxuryIsPersonal⁠,ClubOnThePark,Spa⁠,Pool⁠,パークハイアット東京⁠,リニューアルオープン⁠,スパ,クラブオンザパーク,,,,,,,,,,,,,,,,,,,
ritzcarltontokyo,2024-08-25T09:00:29.000Z,498,3,Sidecar,RitzCarltonTokyo,RCMemories,RCTokyo,RitzKids,リッツカールトン東京,リッツキッズ,職業体験,,,,,,,,,,,,,,,,,,,,,,,
ritzcarltontokyo,2024-08-03T09:00:32.000Z,418,0,Sidecar,RitzCarltonTokyo,RCMemories,RCTokyo,リッツカールトン東京,ロビーラウンジ,LobbyLounge,パブロワ,,,,,,,,,,,,,,,,,,,,,,,
ritzcarltontokyo,2024-08-10T09:00:32.000Z,357,1,Sidecar,RitzCarltonTokyo,RCMemories,RCTokyo,リッツカールトン東京,BartenderTakeover,バーテンダーテイクオーバー,,,,,,,,,,,,,,,,,,,,,,,,
ritzcarltontokyo,2025-12-12T11:00:00.000Z,369,4,Sidecar,リッツカールトン東京,RitzCarltonTokyo,RCMemories,,,,,,,,,,,,,,,,,,,,,,,,,,,
ritzcarltontokyo,2024-09-10T10:56:39.000Z,442,1,Sidecar,RitzCarltonTokyo,RCMemories,RCTokyo,リッツカールトン東京,ClubLounge,クラブラウンジ,,,,,,,,,,,,,,,,,,,,,,,,
ritzcarltontokyo,2024-08-12T03:00:22.000Z,289,1,Sidecar,RitzCarltonTokyo,RCMemories,RCTokyo,RitzKids,リッツカールトン東京,リッツキッズ,RitzKidsNightSafari,ナイトサファリ,,,,,,,,,,,,,,,,,,,,,,
ritzcarltontokyo,2024-07-20T12:00:15.000Z,986,6,Sidecar,RitzCarltonTokyo,RCMemories,RCTokyo,リッツカールトン東京,神宮花火大会,,,,,,,,,,,,,,,,,,,,,,,,,
parkhyatttokyo,2025-12-08T12:01:49.000Z,4121,37,Sidecar,ParkHyattTokyo,ParkHyatt⁠,Reopening,LuxuryIsPersonal⁠,パークハイアット東京⁠,リニューアルオープン,,,,,,,,,,,,,,,,,,,,,,,,
parkhyatttokyo,2025-12-16T06:30:25.000Z,1563,10,Sidecar,ParkHyattTokyo⁠,ParkHyatt⁠,LuxuryIsPersonal,PastryBoutique⁠,ChristmasCake,パークハイアット東京⁠,パークハイアット⁠,ペストリーブティック,クリスマスケーキ⁠,,,,,,,,,,,,,,,,,,,,,
parkhyatttokyo,2025-12-09T04:19:56.000Z,3742,56,Video,ParkHyattTokyo,ParkHyatt⁠,Reopening,LuxuryIsPersonal⁠,パークハイアット東京⁠,リニューアルオープン,,,,,,,,,,,,,,,,,,,,,,,,
ritzcarltontokyo,2024-08-04T03:00:22.000Z,634,8,Image,RitzCarltonTokyo,RCMemories,RCTokyo,リッツカールトン東京,ロビーラウンジ,LobbyLounge,クロックムッシュ,CroqueMonsieur,,,,,,,,,,,,,,,,,,,,,,
parkhyatttokyo,2025-12-15T09:30:15.000Z,961,5,Image,ParkHyattTokyo,ParkHyatt⁠,Reopening,LuxuryIsPersonal⁠,パークハイアット東京⁠,リニューアルオープン,,,,,,,,,,,,,,,,,,,,,,,,
janutokyo,2025-12-08T12:00:56.000Z,164,2,Sidecar,WelcometoJanu,JanuTokyo,,,,,,,,,,,,,,,,,,,,,,,,,,,,
parkhyatttokyo,2025-12-04T09:30:20.000Z,1018,5,Sidecar,ParkHyattTokyo⁠,ParkHyatt⁠,LuxuryIsPersonal,Kozue⁠,パークハイアット東京⁠,パークハイアット⁠,梢,日本料理,,,,,,,,,,,,,,,,,,,,,,
ritzcarltontokyo,2024-08-08T10:30:20.000Z,237,1,Sidecar,RitzCarltonTokyo,RCMemories,RCTokyo,リッツカールトン東京,RitzKids,リッツキッズ,,,,,,,,,,,,,,,,,,,,,,,,
ritzcarltontokyo,2024-08-05T10:30:17.000Z,439,1,Image,RitzCarltonTokyo,RCMemories,RCTokyo,リッツカールトン東京,ロビーラウンジ,LobbyLounge,,,,,,,,,,,,,,,,,,,,,,,,
janutokyo,2025-12-12T12:00:18.000Z,304,3,Image,WelcometoJanu,JanuTokyo,,,,,,,,,,,,,,,,,,,,,,,,,,,,
ritzcarltontokyo,2024-08-06T10:00:30.000Z,789,5,Image,RitzCarltonTokyo,RCMemories,RCTokyo,リッツカールトン東京,ロビーラウンジ,LobbyLounge,,,,,,,,,,,,,,,,,,,,,,,,
ritzcarltontokyo,2024-08-11T16:59:11.000Z,321,0,Sidecar,RitzCarltonTokyo,Ritzcarlton,RCMemories,heritagebykeikobayashi,keikobayashi,リッツカールトン東京,東京ミッドタウン,小林圭,フレンチダイニング,ホテルレストラン,ホテルディナー,ホテルランチ,,,,,,,,,,,,,,,,,,
nina.ritzcarltontokyo,2026-03-29T03:00:02.000Z,882,10,Video,リッツカールトン東京,RitzCarltonTokyo,ninametayer,,,,,,,,,,,,,,,,,,,,,,,,,,,
parkhyatttokyo,2026-04-14T09:45:47.000Z,877,11,Sidecar,ParkHyattTokyo,ParkHyatt⁠,NewYorkGrill⁠,パークハイアット東京⁠,ニューヨークグリル,,,,,,,,,,,,,,,,,,,,,,,,,
janutokyo,2026-01-06T22:00:21.000Z,644,4,Sidecar,WelcometoJanu,JanuTokyo,,,,,,,,,,,,,,,,,,,,,,,,,,,,
parkhyatttokyo,2025-12-19T08:00:31.000Z,1800,13,Sidecar,ParkHyattTokyo⁠,ParkHyatt⁠,LuxuryIsPersonal,PeakLounge⁠,PeakBar,CountdownParty⁠,パークハイアット東京⁠,パークハイアット⁠,ピークラウンジ,ピークバー⁠,カウントダウンパーティー⁠,,,,,,,,,,,,,,,,,,,
parkhyatttokyo,2025-12-12T08:30:18.000Z,1125,3,Sidecar,ParkHyattTokyo,ParkHyatt⁠,GirandolebyAlainDucasse,LuxuryIsPersonal⁠,パークハイアット東京⁠,ジランドールbyアランデュカス,,,,,,,,,,,,,,,,,,,,,,,,
janutokyo,2025-12-10T12:00:27.000Z,537,1,Sidecar,WelcometoJanu,JanuTokyo,,,,,,,,,,,,,,,,,,,,,,,,,,,,
parkhyatttokyo,2025-12-23T09:00:27.000Z,968,3,Image,ParkHyattTokyo⁠,ParkHyatt⁠,LuxuryIsPersonal,パークハイアット東京⁠,パークハイアット⁠,クリスマスディナー,,,,,,,,,,,,,,,,,,,,,,,,
ritzcarltontokyo,2024-08-02T12:03:52.000Z,969,1,Sidecar,RitzCarltonTokyo,RCMemories,RCTokyo,リッツカールトン東京,ロビーラウンジ,LobbyLounge,,,,,,,,,,,,,,,,,,,,,,,,
ritzcarltontokyo,2024-07-26T11:12:26.000Z,316,1,Sidecar,RitzCarltonTokyo,Ritzcarlton,RCMemories,heritagebykeikobayashi,keikobayashi,リッツカールトン東京,東京ミッドタウン,小林圭,フレンチダイニング,ホテルレストラン,ホテルディナー,ホテルランチ,,,,,,,,,,,,,,,,,,
janutokyo,2025-12-14T12:00:28.000Z,533,5,Sidecar,WelcomeToJanu,JanuTokyo,,,,,,,,,,,,,,,,,,,,,,,,,,,,
ritzcarltontokyo,2024-08-19T09:30:20.000Z,514,3,Sidecar,RCMemories,,,,,,,,,,,,,,,,,,,,,,,,,,,,,
parkhyatttokyo,2026-04-10T08:30:20.000Z,989,9,Sidecar,ParkHyattTokyo⁠,ParkHyatt,PeakLounge⁠,パークハイアット東京⁠,ピークラウンジ,,,,,,,,,,,,,,,,,,,,,,,,,
janutokyo,2025-12-15T12:00:43.000Z,154,2,Video,WelcometoJanu,JanuTokyo,,,,,,,,,,,,,,,,,,,,,,,,,,,,
januhotels,2026-03-06T18:16:06.000Z,213,5,Video,WelcomeToJanu,JanuTokyo,,,,,,,,,,,,,,,,,,,,,,,,,,,,
ritzcarltontokyo,2024-07-03T10:00:16.000Z,303,0,Sidecar,RitzCarltonTokyo,RCMemories,RCTokyo,リッツカールトン東京,BartenderTakeover,バーテンダーテイクオーバー,,,,,,,,,,,,,,,,,,,,,,,,
ritzcarltontokyo,2024-07-06T10:00:18.000Z,527,2,Sidecar,RitzCarltonTokyo,RCMemories,RCTokyo,リッツカールトン東京,ViewBath,ビューバス,,,,,,,,,,,,,,,,,,,,,,,,
ritzcarltontokyo,2024-05-31T11:00:16.000Z,339,0,Sidecar,RitzCarltonTokyo,RCMemories,RCTokyo,HotelSpa,ホテルスパ,FootCare,フットケア,,,,,,,,,,,,,,,,,,,,,,,
parkhyatttokyo,2026-05-02T09:30:14.000Z,474,4,Image,ParkHyattTokyo⁠,ParkHyatt⁠,ClubOnThePark⁠,KanzoTange⁠,パークハイアット東京⁠,クラブオンザパーク,,,,,,,,,,,,,,,,,,,,,,,,
parkhyatttokyo,2026-04-20T09:00:46.000Z,2891,8,Sidecar,ParkHyattTokyo⁠,HarryWinston⁠,パークハイアット東京⁠,ハリーウィンストン⁠,ハリーウィンストンアフタヌーンティー,,,,,,,,,,,,,,,,,,,,,,,,,
parkhyatttokyo,2026-05-04T09:00:45.000Z,762,4,Sidecar,ParkHyattTokyo⁠,ParkHyatt⁠,LuxuryIsPersonal⁠,パークハイアット東京⁠,パークハイアット,,,,,,,,,,,,,,,,,,,,,,,,,
ritzcarltontokyo,2024-06-07T11:30:10.000Z,565,6,Sidecar,LuxuryLiving,RitzCarltonExperience,,,,,,,,,,,,,,,,,,,,,,,,,,,,
parkhyatttokyo,2026-05-26T09:00:30.000Z,425,2,Sidecar,ParkHyattTokyo⁠,ParkHyatt⁠,ClubOnThePark⁠,パークハイアット東京⁠,クラブオンザパーク,,,,,,,,,,,,,,,,,,,,,,,,,
ritzcarltontokyo,2024-06-28T12:00:01.000Z,431,2,Sidecar,RitzCarltonTokyo,RCMemories,RCTokyo,リッツカールトン東京,BartenderTakeover,northamericas50bestbars,,,,,,,,,,,,,,,,,,,,,,,,
ritzcarltontokyo,2024-06-01T11:06:18.000Z,445,3,Sidecar,RitzCarltonTokyo,Ritzcarlton,RCMemories,heritagebykeikobayashi,keikobayashi,リッツカールトン東京,東京ミッドタウン,小林圭,フレンチダイニング,ホテルレストラン,ホテルディナー,ホテルランチ,,,,,,,,,,,,,,,,,,
ritzcarltontokyo,2024-07-12T11:00:16.000Z,1254,3,Image,RitzCarltonTokyo,RCMemories,RCTokyo,リッツカールトン東京,AfternoonTea,アフタヌーンティー,ヌン活,,,,,,,,,,,,,,,,,,,,,,,
tatlertravel,2026-05-08T10:50:57.000Z,163289,191,Sidecar,TatlerTravel,ParkHyatt,ParkHyattTokyo,IntheMoodforHyatt,,,,,,,,,,,,,,,,,,,,,,,,,,
ritzcarltontokyo,2024-07-14T10:07:58.000Z,635,3,Sidecar,RitzCarltonTokyo,RCMemories,RCTokyo,リッツカールトン東京,,,,,,,,,,,,,,,,,,,,,,,,,,
parkhyatttokyo,2026-04-24T08:30:42.000Z,521,2,Sidecar,ParkHyattTokyo⁠,ParkHyatt⁠,LuxuryIsPersonal⁠,パークハイアット東京⁠,パークハイアット⁠,,,,,,,,,,,,,,,,,,,,,,,,,
ritzcarltontokyo,2026-06-07T10:00:10.000Z,586,1,Video,リッツカールトン東京,RitzCarltonTokyo,ninametayer,ニナザリッツカールトン東京,RCMemories,,,,,,,,,,,,,,,,,,,,,,,,,
janutokyo,2026-04-09T13:30:40.000Z,121,0,Video,,,,,,,,,,,,,,,,,,,,,,,,,,,,,,
parkhyatttokyo,2026-05-09T09:00:28.000Z,937,6,Sidecar,ParkHyattTokyo,ParkHyatt⁠,GirandolebyAlainDucasse,パークハイアット東京⁠,ジランドールbyアランデュカス,,,,,,,,,,,,,,,,,,,,,,,,,
tatlertravel,2026-05-11T09:47:30.000Z,190010,173,Sidecar,TatlerTravel,ParkHyatt,ParkHyattTokyo,IntheMoodforHyatt,,,,,,,,,,,,,,,,,,,,,,,,,,
ritzcarltontokyo,2024-06-11T12:38:49.000Z,444,4,Image,RitzCarltonTokyo,RCMemories,RCTokyo,リッツカールトン東京,ホテルプール,HotelPool,,,,,,,,,,,,,,,,,,,,,,,,
parkhyatttokyo,2026-06-18T09:30:36.000Z,512,3,Sidecar,ParkHyattTokyo⁠,ParkHyatt⁠,LuxuryIsPersonal⁠,パークハイアット東京⁠,パークハイアット⁠,,,,,,,,,,,,,,,,,,,,,,,,,
ritzcarltontokyo,2024-06-16T03:00:15.000Z,496,1,Sidecar,RitzCarltonTokoy,RCMemories,RCTokyo,リッツカールトン東京,FamilyStay,FamilyGetaway,RitzKids,リッツキッズ,,,,,,,,,,,,,,,,,,,,,,
ritzcarltontokyo,2024-06-09T11:59:39.000Z,391,2,Sidecar,RitzCarltonTokyo,Ritzcarlton,RCMemories,heritagebykeikobayashi,keikobayashi,リッツカールトン東京,東京ミッドタウン,小林圭,フレンチダイニング,ホテルレストラン,ホテルディナー,ホテルランチ,,,,,,,,,,,,,,,,,,
parkhyatttokyo,2026-05-28T08:30:20.000Z,508,2,Sidecar,ParkHyattTokyo⁠,パークハイアット東京⁠,ホテルウエディング,パークの花嫁⁠,プレ花嫁,,,,,,,,,,,,,,,,,,,,,,,,,
parkhyatttokyo,2026-06-06T08:34:07.000Z,641,5,Sidecar,ParkHyattTokyo⁠,ParkHyatt⁠,LuxuryIsPersonal⁠,パークハイアット東京⁠,パークハイアット⁠,,,,,,,,,,,,,,,,,,,,,,,,,
ritzcarltontokyo,2024-05-28T11:00:26.000Z,1881,4,Image,RitzCarltonTokyo,RCMemories,RCTokyo,リッツカールトン東京,フルーツパフェ,パフェ,メロンパフェ,,,,,,,,,,,,,,,,,,,,,,,
parkhyatttokyo,2026-06-15T08:30:17.000Z,685,3,Sidecar,ParkHyattTokyo⁠,ParkHyatt⁠,LuxuryIsPersonal⁠,パークハイアット東京⁠,パークハイアット⁠,,,,,,,,,,,,,,,,,,,,,,,,,
lisaellenknight,2026-04-16T08:45:46.000Z,533,9,Video,,,,,,,,,,,,,,,,,,,,,,,,,,,,,,
parkhyatttokyo,2026-05-31T08:30:35.000Z,594,4,Sidecar,ParkHyattTokyo⁠,ParkHyatt⁠,LuxuryIsPersonal⁠,パークハイアット東京⁠,パークハイアット,,,,,,,,,,,,,,,,,,,,,,,,,
ritzcarltontokyo,2026-06-30T10:00:02.000Z,209,0,Video,旅する味,FlavorsInTransit,リッツカールトン東京,RitzCarltonTokyo,RCMemories,,,,,,,,,,,,,,,,,,,,,,,,,
nina.ritzcarltontokyo,2026-07-04T10:30:08.000Z,355,1,Video,リッツカールトン東京,RitzCarltonTokyo,ninametayer,,,,,,,,,,,,,,,,,,,,,,,,,,,
ritzcarltontokyo,2024-04-26T11:00:07.000Z,541,4,Image,RitzCarltonTokyo,RCMemories,RitzCarlton,RCTokyo,リッツカールトン東京,ClubLounge,クラブラウンジ,,,,,,,,,,,,,,,,,,,,,,,
ritzcarltontokyo,2024-04-29T12:57:31.000Z,368,1,Sidecar,RitzCarltonTokyo,Ritzcarlton,RCMemories,heritagebykeikobayashi,keikobayashi,リッツカールトン東京,東京ミッドタウン,小林圭,フレンチダイニング,ホテルレストラン,ホテルディナー,ホテルランチ,,,,,,,,,,,,,,,,,,
janutokyo,2026-05-02T08:00:24.000Z,278,3,Sidecar,WelcomeToJanu,JanuTokyo,,,,,,,,,,,,,,,,,,,,,,,,,,,,
janutokyo,2026-05-14T23:00:21.000Z,443,4,Sidecar,JanuTokyo,,,,,,,,,,,,,,,,,,,,,,,,,,,,,
ritzcarltontokyo,2024-04-11T11:42:07.000Z,437,2,Sidecar,RitzCarltonTokyo,Ritzcarlton,RCMemories,heritagebykeikobayashi,keikobayashi,リッツカールトン東京,東京ミッドタウン,小林圭,フレンチダイニング,ホテルレストラン,ホテルディナー,ホテルランチ,,,,,,,,,,,,,,,,,,
janutokyo,2026-04-30T07:56:00.000Z,316,2,Sidecar,JanuTokyo,,,,,,,,,,,,,,,,,,,,,,,,,,,,,
ritzcarltontokyo,2024-05-01T11:00:35.000Z,610,2,Sidecar,RitzCarltonTokyo,RCMemories,RCTokyo,RitzCarlton,リッツカールトン東京,リッツカールトン,,,,,,,,,,,,,,,,,,,,,,,,
ritzcarltontokyo,2024-05-07T12:14:42.000Z,271,3,Sidecar,RitzCarltonTokyo,RCMemories,RCTokyo,RitzCarlton,BartenderTakeover,リッツカールトン東京,バーテンダーテイクオーバー,,,,,,,,,,,,,,,,,,,,,,,
ritzcarltontokyo,2024-04-09T12:00:18.000Z,357,0,Sidecar,RitzCarltonTokyo,RCMemories,RCTokyo,リッツカールトン東京,ホテルスパ,HotelSpa,SakuraTreatment,,,,,,,,,,,,,,,,,,,,,,,
ritzcarltontokyo,2024-04-08T12:00:22.000Z,478,0,Sidecar,RitzCarltonTokyo,RCMemories,RCTokyo,リッツカールトン東京,CulturalActivities,ClubLounge,クラブラウンジ,,,,,,,,,,,,,,,,,,,,,,,
janutokyo,2026-04-24T11:49:17.000Z,234,1,Sidecar,,,,,,,,,,,,,,,,,,,,,,,,,,,,,,
janutokyo,2026-07-01T14:10:06.000Z,2234,11,Sidecar,,,,,,,,,,,,,,,,,,,,,,,,,,,,,,
ritzcarltontokyo,2024-05-12T11:56:44.000Z,342,0,Sidecar,RitzCarltonTokyo,Ritzcarlton,RCMemories,heritagebykeikobayashi,keikobayashi,リッツカールトン東京,東京ミッドタウン,小林圭,フレンチダイニング,ホテルレストラン,ホテルディナー,ホテルランチ,,,,,,,,,,,,,,,,,,
janutokyo,2026-07-02T23:00:27.000Z,183,0,Sidecar,WelcomeToJanu,JanuTokyo,,,,,,,,,,,,,,,,,,,,,,,,,,,,
ritzcarltontokyo,2024-05-26T13:54:20.000Z,384,2,Sidecar,RitzCarltonTokyo,Ritzcarlton,RCMemories,heritagebykeikobayashi,keikobayashi,リッツカールトン東京,東京ミッドタウン,小林圭,,,,,,,,,,,,,,,,,,,,,,
parkhyatttokyo,2026-06-03T08:30:38.000Z,514,1,Sidecar,ParkHyattTokyo⁠,ParkHyatt⁠,NewYorkBar⁠,パークハイアット東京⁠,ニューヨークバー,,,,,,,,,,,,,,,,,,,,,,,,,
ritzcarltontokyo,2024-04-19T12:26:37.000Z,1489,4,Sidecar,AfternoonTea,アフタヌーンティー,リッツカールトン東京,RCMemories,RitzCarltonTokyo,,,,,,,,,,,,,,,,,,,,,,,,,
aman_tokyo,2026-03-10T09:32:18.000Z,1032,6,Sidecar,AmanTokyo,MusashibyAman,アマン東京,武蔵byアマン,,,,,,,,,,,,,,,,,,,,,,,,,,
parkhyatttokyo,2026-05-18T08:30:43.000Z,699,5,Sidecar,ParkHyattTokyo⁠,ParkHyatt⁠,Kozue⁠,パークハイアット東京⁠,梢⁠,,,,,,,,,,,,,,,,,,,,,,,,,
aman,2026-03-05T20:22:20.000Z,12434,112,Sidecar,,,,,,,,,,,,,,,,,,,,,,,,,,,,,,
janutokyo,2026-06-22T23:00:36.000Z,288,2,Sidecar,WelcomeToJanu,JanuTokyo,,,,,,,,,,,,,,,,,,,,,,,,,,,,
janutokyo,2026-07-04T14:02:07.000Z,922,9,Sidecar,,,,,,,,,,,,,,,,,,,,,,,,,,,,,,
aman_tokyo,2026-02-27T11:05:37.000Z,1546,18,Sidecar,AmanFoodie,TheLoungebyAman,アマン東京,ザラウンジbyアマン,アマンジウォ,インドネシア,,,,,,,,,,,,,,,,,,,,,,,,
aman_tokyo,2026-03-17T10:20:20.000Z,1930,6,Sidecar,AmanTokyo,TheLoungebyAman,Hanami,アマン東京,ザラウンジbyアマン,桜,春,花見,,,,,,,,,,,,,,,,,,,,,,
aman_tokyo,2026-03-06T09:30:30.000Z,720,0,Sidecar,AmanTokyo,AmanSpa,アマン東京,アマンスパ,,,,,,,,,,,,,,,,,,,,,,,,,,
ritzcarltontokyo,2024-05-27T04:06:09.000Z,348,3,Video,marriottbonvoy,RitzCarltonTokyo,LE_SSERAFIM,FEARNADA_JAPAN,,,,,,,,,,,,,,,,,,,,,,,,,,
janutokyo,2026-04-28T08:00:40.000Z,117,4,Video,WelcomeToJanu,JanuTokyo,,,,,,,,,,,,,,,,,,,,,,,,,,,,
aman_tokyo,2026-01-19T11:10:22.000Z,962,7,Sidecar,AmanTokyo,TheLoungebyAman,アマン東京,ザラウンジbyアマン,,,,,,,,,,,,,,,,,,,,,,,,,,
aman_tokyo,2026-01-15T11:00:22.000Z,1544,16,Sidecar,,,,,,,,,,,,,,,,,,,,,,,,,,,,,,
aman_tokyo,2026-01-05T11:00:14.000Z,3246,11,Image,AmanTokyo,TheLoungebyAman,AfternoonTea,アマン東京,ザラウンジbyアマン,アフタヌーンティー,苺,,,,,,,,,,,,,,,,,,,,,,,
aman_tokyo,2026-02-17T10:49:08.000Z,710,4,Image,アマン東京,ラパティスリーbyアマン東京,バレンタインデー,,,,,,,,,,,,,,,,,,,,,,,,,,,
ritzcarltontokyo,2024-03-21T12:00:29.000Z,391,0,Sidecar,RCMemories,RitzCarltonHongKong,mARTch,,,,,,,,,,,,,,,,,,,,,,,,,,,
aman_tokyo,2026-01-27T12:00:24.000Z,1403,10,Sidecar,AmanTokyo,LaPâtisseriebyAmanTokyo,ValentinesDay,アマン東京,ラパティスリーbyアマン東京,バレンタインデー,チョコレート,期間限定,,,,,,,,,,,,,,,,,,,,,,
aman_tokyo,2026-01-01T00:00:20.000Z,1570,2,Image,AmanTokyo,2026,NewYearsDay,NewYear,アマン東京,2026年,元旦,新年,,,,,,,,,,,,,,,,,,,,,,
ritzcarltontokyo,2024-03-23T12:00:26.000Z,433,1,Image,イースター。ザ・リッツ・カールトン,Easter,RitzCarltonTokyo,RCMemories,リッツカールトン東京,RCTokyo,,,,,,,,,,,,,,,,,,,,,,,,
aman_tokyo,2026-01-24T12:20:13.000Z,1247,12,Sidecar,AmanTokyo,Arva,ErboRisteria,LimitedTimeOnly,アマン東京,アルヴァ,エルボステリア,期間限定,,,,,,,,,,,,,,,,,,,,,,
aman_tokyo,2026-02-03T11:15:14.000Z,1551,12,Sidecar,AmanTokyo,アマン東京,朝食,,,,,,,,,,,,,,,,,,,,,,,,,,,
ritzcarltontokyo,2024-03-20T03:00:22.000Z,487,2,Sidecar,RitzCarltonTokyo,RCMemories,RCTokyo,リッツカールトン東京,花見弁当,,,,,,,,,,,,,,,,,,,,,,,,,
janutokyo,2026-04-18T08:00:21.000Z,148,1,Sidecar,WelcomeToJanu,JanuTokyo,,,,,,,,,,,,,,,,,,,,,,,,,,,,
ritzcarltontokyo,2024-03-24T14:18:46.000Z,348,2,Sidecar,RitzCarltonTokyo,Ritzcarlton,RCMemories,heritagebykeikobayashi,keikobayashi,リッツカールトン東京,東京ミッドタウン,小林圭,フレンチダイニング,ホテルレストラン,ホテルディナー,ホテルランチ,,,,,,,,,,,,,,,,,,
aman_tokyo,2026-01-13T06:15:21.000Z,1929,15,Sidecar,アマン東京,アルヴァ,,,,,,,,,,,,,,,,,,,,,,,,,,,,
ritzcarltontokyo,2024-03-19T11:00:23.000Z,1066,7,Sidecar,RitzCarltonTokyo,RCMemories,ゴエミヨ,gaultetmillau,リッツカールトン東京,RCTokyo,KeiKobayashi,小林圭,heritagebykeikobayashi,ゴエミヨクラブ,,,,,,,,,,,,,,,,,,,,
aman_tokyo,2026-02-01T18:01:23.000Z,783,6,Sidecar,AmanTokyo,AmanSpa,アマン東京,アマンスパ,,,,,,,,,,,,,,,,,,,,,,,,,,
ritzcarltontokyo,2024-03-29T13:00:23.000Z,301,0,Sidecar,RitzCarltonTokyo,RCMemories,RCTokyo,リッツカールトン東京,BartenderTakeover,バーテンダーテイクオーバー,,,,,,,,,,,,,,,,,,,,,,,,
ritzcarltontokyo,2024-03-28T01:42:29.000Z,902,1,Sidecar,RitzCarltonTokyo,RCMemories,RCTokyo,Sakura,,,,,,,,,,,,,,,,,,,,,,,,,,
aman,2026-01-29T17:03:23.000Z,24369,126,Sidecar,,,,,,,,,,,,,,,,,,,,,,,,,,,,,,
ritzcarltontokyo,2024-03-30T13:00:05.000Z,2268,12,Image,RitzCarltonTokyo,RCMemories,RCTokyo,リッツカールトン東京,,,,,,,,,,,,,,,,,,,,,,,,,,
ritzcarltontokyo,2024-04-04T12:00:28.000Z,1055,2,Image,RitzCarltonTokyo,RCMemories,RCTokyo,リッツカールトン東京,桜ケーキ,,,,,,,,,,,,,,,,,,,,,,,,,
aman_tokyo,2026-02-09T11:09:17.000Z,444,25,Sidecar,AmanTokyo,アマン東京,ブティック,,,,,,,,,,,,,,,,,,,,,,,,,,,
ritzcarltontokyo,2024-02-20T12:00:25.000Z,842,4,Sidecar,WinterIndulgence,RitzTeaParty,AfternoonTea,アフタヌーンティー,リッツカールトン東京,RCMemories,RitzCarltonTokyo,,,,,,,,,,,,,,,,,,,,,,,
ritzcarltontokyo,2024-02-19T12:00:36.000Z,546,2,Sidecar,Teppanyaki,KobeBeef,鉄板焼,神戸牛,リッツカールトン東京,RitzCarltonTokyo,RCMemories,鉄板焼き,,,,,,,,,,,,,,,,,,,,,,
ritzcarltontokyo,2024-02-28T12:00:43.000Z,623,2,Sidecar,RitzCarlton,RitzCarltonLangkawi,Langkawi,MarriottBonvoy,,,,,,,,,,,,,,,,,,,,,,,,,,
aman_tokyo,2025-11-14T12:00:20.000Z,1509,2,Image,AmanTokyo,AfternoonTea,アマン東京,アフタヌーンティー,クリスマス,,,,,,,,,,,,,,,,,,,,,,,,,
aman_tokyo,2025-11-16T22:10:08.000Z,1204,8,Image,,,,,,,,,,,,,,,,,,,,,,,,,,,,,,
ritzcarltontokyo,2024-02-08T03:08:10.000Z,1454,9,Image,RitzCarltonTokyo,RCMemories,RCTokyo,リッツカールトン東京,ForbesTravelGuide,FTG5Star,FTG4Star,FTGStarAwards,,,,,,,,,,,,,,,,,,,,,,
aman,2025-11-18T09:31:12.000Z,6450,30,Sidecar,,,,,,,,,,,,,,,,,,,,,,,,,,,,,,
ritzcarltontokyo,2024-03-12T03:00:29.000Z,580,2,Image,RitzCarltonTokyo,RCTokyo,RCMemories,リッツカールトン東京,BlossomCafe,,,,,,,,,,,,,,,,,,,,,,,,,
ritzcarltontokyo,2024-03-09T00:00:21.000Z,414,0,Sidecar,RitzCarltonTokyo,RCMemories,リッツカールトン東京,BartenderTakeover,,,,,,,,,,,,,,,,,,,,,,,,,,
ritzcarltontokyo,2024-03-28T10:12:12.000Z,376,2,Sidecar,RitzCarltonTokyo,Ritzcarlton,RCMemories,heritagebykeikobayashi,keikobayashi,リッツカールトン東京,東京ミッドタウン,小林圭,フレンチダイニング,ホテルレストラン,ホテルディナー,ホテルランチ,,,,,,,,,,,,,,,,,,
ritzcarltontokyo,2024-03-10T12:00:15.000Z,1711,2,Image,AfternoonTea,アフタヌーンティー,リッツカールトン東京,RCMemories,RitzCarltonTokyo,,,,,,,,,,,,,,,,,,,,,,,,,
ritzcarltontokyo,2024-03-13T12:06:00.000Z,710,2,Image,RitzCarltonTokyo,RCMemories,RCTokyo,リッツカールトン東京,ブランチ,,,,,,,,,,,,,,,,,,,,,,,,,
aman_tokyo,2025-11-29T11:00:11.000Z,858,4,Image,AmanTokyo,TheLoungebyAman,Christmas,アマン東京,ザラウンジbyアマン,クリスマス,,,,,,,,,,,,,,,,,,,,,,,,
aman_tokyo,2025-11-20T12:00:26.000Z,1010,2,Image,AmanTokyo,アマン東京,,,,,,,,,,,,,,,,,,,,,,,,,,,,
ritzcarltontokyo,2024-02-15T10:31:32.000Z,430,0,Sidecar,RitzCarltonTokyo,Ritzcarlton,RCMemories,heritagebykeikobayashi,keikobayashi,リッツカールトン東京,東京ミッドタウン,小林圭,フレンチダイニング,ホテルレストラン,ホテルディナー,ホテルランチ,,,,,,,,,,,,,,,,,,
aman_tokyo,2025-12-05T12:00:15.000Z,287,0,Image,AmanTokyo,AmanSpa,アマン東京,アマンスパ,トリートメント,フェイシャル,,,,,,,,,,,,,,,,,,,,,,,,
aman_tokyo,2025-12-09T10:29:19.000Z,3016,25,Sidecar,AmanTokyo,,,,,,,,,,,,,,,,,,,,,,,,,,,,,
aman_tokyo,2026-03-27T12:07:22.000Z,1879,4,Sidecar,AmanTokyo,Arva,アマン東京,アルヴァ,,,,,,,,,,,,,,,,,,,,,,,,,,
ritzcarltontokyo,2024-03-15T12:00:36.000Z,473,5,Image,RCA2024,ReadersChoiceAwards,RitzCarlton,RitzCarltonTokyo,RCMemories,リッツカールトン東京,,,,,,,,,,,,,,,,,,,,,,,,
ritzcarltontokyo,2024-04-06T03:00:18.000Z,483,2,Image,RitzCarltonTokyo,RCMemories,リッツカールトン東京,BlossomCafe,Sakura,Hanami,桜,花見,桜カクテル,SakuraCocktail,RCTokyo,ブロッサムカフェ,midtownblossom,,,,,,,,,,,,,,,,,
ritzcarltontokyo,2024-01-18T12:00:34.000Z,1697,6,Image,RitzCarltonTokyo,RCMemories,valentinesday2024,AfternoonTea,リッツカールトン東京,バレンタインアフタヌーンティー,バレンタインデー,アフタヌーンティー,,,,,,,,,,,,,,,,,,,,,,
aman_tokyo,2025-11-17T08:00:19.000Z,2326,7,Sidecar,AmanTokyo,TheCafébyAman,アマン東京,ザカフェbyアマン,クリスマス,,,,,,,,,,,,,,,,,,,,,,,,,
aman_tokyo,2026-03-31T10:00:27.000Z,519,0,Sidecar,AmanTokyo,AmanEssentials,NewArrival,アマン東京,アマンエッセンシャルズ,新商品,,,,,,,,,,,,,,,,,,,,,,,,
aman_tokyo,2025-12-31T11:00:15.000Z,1630,4,Image,AmanTokyo,アマン東京,,,,,,,,,,,,,,,,,,,,,,,,,,,,
ritzcarltontokyo,2024-02-24T03:00:27.000Z,545,2,Sidecar,ホテルスパ,HotelSpa,リッツカールトン東京,RitzCarltonTokyo,RCMemories,シナクティフ,,,,,,,,,,,,,,,,,,,,,,,,
aman_tokyo,2025-09-26T11:00:19.000Z,2099,4,Sidecar,AmanTokyo,MusashiByAman,EdomaeSushi,アマン東京,武蔵byアマン,江戸前鮨,,,,,,,,,,,,,,,,,,,,,,,,
aman_tokyo,2025-10-02T09:33:10.000Z,1159,4,Sidecar,AmanTokyo,LaPâtisseriebyAmanTokyo,MontBlanc,アマン東京,ラパティスリーbyアマン東京,モンブラン,,,,,,,,,,,,,,,,,,,,,,,,
aman_tokyo,2025-10-27T11:00:28.000Z,711,5,Sidecar,AmanTokyo,MusashibyAman,NewYear,アマン東京,武蔵byアマン,御節,,,,,,,,,,,,,,,,,,,,,,,,
aman_tokyo,2025-10-21T14:07:41.000Z,758,4,Image,AmanTokyo,アマン東京,,,,,,,,,,,,,,,,,,,,,,,,,,,,
aman_tokyo,2025-11-03T11:00:13.000Z,1414,4,Image,AmanTokyo,LaPâtisseriebyAmanTokyo,ChristmasCake,アマン東京,ラパティスリーbyアマン東京,クリスマスケーキ,,,,,,,,,,,,,,,,,,,,,,,,
aman_tokyo,2025-10-14T11:00:17.000Z,764,3,Sidecar,AmanTokyo,TheLoungebyAman,アマン東京,ザラウンジbyアマン,,,,,,,,,,,,,,,,,,,,,,,,,,
ritzcarltontokyo,2024-03-14T09:38:08.000Z,353,0,Sidecar,RitzCarltonTokyo,Ritzcarlton,RCMemories,heritagebykeikobayashi,keikobayashi,リッツカールトン東京,東京ミッドタウン,小林圭,フレンチダイニング,ホテルレストラン,ホテルディナー,ホテルランチ,,,,,,,,,,,,,,,,,,
aman_tokyo,2025-10-30T10:00:13.000Z,787,4,Image,AmanTokyo,アマン東京,,,,,,,,,,,,,,,,,,,,,,,,,,,,
aman_tokyo,2025-09-28T11:00:13.000Z,1221,5,Image,AmanTokyo,TheLoungebyAman,ShineMuscat,アマン東京,ザラウンジbyアマン,シャインマスカット,,,,,,,,,,,,,,,,,,,,,,,,
ritzcarltontokyo,2024-01-19T12:00:41.000Z,665,5,Image,RitzCarltonTokyo,RCMemories,valentine2024,valentineschocolate,リッツカールトン東京,バレンタインデー,バレンタインチョコ,,,,,,,,,,,,,,,,,,,,,,,
aman_tokyo,2025-10-09T04:54:05.000Z,2194,13,Image,AmanTokyo,GardenLounge,アマン東京,ガーデンラウンジ,,,,,,,,,,,,,,,,,,,,,,,,,,
aman_tokyo,2025-10-17T09:00:15.000Z,888,6,Image,AmanTokyo,アマン東京,,,,,,,,,,,,,,,,,,,,,,,,,,,,
ritzcarltontokyo,2024-02-01T09:32:09.000Z,525,3,Sidecar,RitzCarltonTokyo,Ritzcarlton,RCMemories,heritagebykeikobayashi,keikobayashi,リッツカールトン東京,東京ミッドタウン,小林圭,フレンチダイニング,ホテルレストラン,ホテルディナー,ホテルランチ,,,,,,,,,,,,,,,,,,
aman_tokyo,2025-08-30T11:00:13.000Z,1099,1,Image,TheCafébyAman,Autumn,Maple,ザカフェbyアマン,秋,メープル,,,,,,,,,,,,,,,,,,,,,,,,
aman_tokyo,2025-12-25T10:00:52.000Z,3201,11,Sidecar,AmanTokyo,Christmas,アマン東京,クリスマス,,,,,,,,,,,,,,,,,,,,,,,,,,
ritzcarltontokyo,2024-01-31T13:00:30.000Z,590,6,Image,RitzCarltonTokyo,RCMemoies,RCTokyo,valentines2024,RitzGifts,LuxuryChocolates,リッツカールトン東京,バレンタインチョコ,,,,,,,,,,,,,,,,,,,,,,
aman_tokyo,2025-09-08T10:00:17.000Z,624,5,Image,AmanTokyo,ArvabyAman,アマン東京,アルヴァ,,,,,,,,,,,,,,,,,,,,,,,,,,
aman_tokyo,2025-08-25T10:00:13.000Z,1417,2,Image,AmanTokyo,TheLoungebyAman,アマン東京,ザラウンジbyアマン,夜パフェ,秋,期間限定,,,,,,,,,,,,,,,,,,,,,,,
aman_tokyo,2025-09-09T08:56:20.000Z,877,6,Sidecar,AmanTokyo,AmanSpa,SeasonalJourney,アマン東京,アマンスパ,シーズナルジャーニー,秋,,,,,,,,,,,,,,,,,,,,,,,
aman_tokyo,2025-08-28T11:00:14.000Z,1795,6,Image,AmanTokyo,GardenLounge,アマン東京,ガーデンラウンジ,,,,,,,,,,,,,,,,,,,,,,,,,,
aman_tokyo,2025-08-23T11:00:15.000Z,999,5,Sidecar,AmanTokyo,アマン東京,,,,,,,,,,,,,,,,,,,,,,,,,,,,
aman_tokyo,2025-09-17T10:00:19.000Z,1000,2,Sidecar,アマン東京,ザカフェbyアマン,ミニョンパルフェ,,,,,,,,,,,,,,,,,,,,,,,,,,,
aman_tokyo,2025-09-01T11:00:29.000Z,1130,3,Sidecar,AmanTokyo,LaPâtisseriebyAmanTokyo,アマン東京,ラパティスリーbyアマン東京,アマン東京オリジナルジュース,,,,,,,,,,,,,,,,,,,,,,,,,
aman_tokyo,2025-09-20T11:00:17.000Z,740,3,Sidecar,AmanTokyo,AmanEssentials,アマン東京,アマンエッセンシャルズ,,,,,,,,,,,,,,,,,,,,,,,,,,
aman_tokyo,2025-09-03T11:00:14.000Z,1458,10,Image,AmanTokyo,AmanEssentials,アマン東京,ブティック,,,,,,,,,,,,,,,,,,,,,,,,,,
aman_tokyo,2025-12-13T12:00:25.000Z,1794,4,Sidecar,AmanTokyo,GardenLounge,アマン東京,ガーデンラウンジ,,,,,,,,,,,,,,,,,,,,,,,,,,
aman_tokyo,2025-09-25T12:05:04.000Z,1860,4,Image,アマン東京,シャインマスカット,アフタヌーンティー,,,,,,,,,,,,,,,,,,,,,,,,,,,
ritzcarltontokyo,2024-02-02T12:00:51.000Z,390,2,Image,リッツカールトン東京,ジェニュインウエディング,ホテルウェディング,RitzCarltonTokyo,GenuineWedding,wedding,結婚式,リッツ婚,プレ花嫁,ウェディングフェア,,,,,,,,,,,,,,,,,,,,
aman_tokyo,2025-09-30T11:00:15.000Z,1071,10,Image,AmanTokyo,Pool,アマン東京,プール,,,,,,,,,,,,,,,,,,,,,,,,,,
ritzcarltontokyo,2023-12-10T12:00:27.000Z,927,1,Image,RitzCarltonTokyo,RCMemories,RCTokyo,ChristmasIndulgence,LuxuryDining,リッツカールトン東京,,,,,,,,,,,,,,,,,,,,,,,,
ritzcarltontokyo,2023-12-11T12:00:42.000Z,658,0,Sidecar,RitzCarltonTokyo,RCMemories,WinterLights,CityElegance,リッツカールトン東京,,,,,,,,,,,,,,,,,,,,,,,,,
ritzcarltontokyo,2023-12-13T12:00:39.000Z,363,0,Sidecar,RitzCarltonTokyo,RCMemories,リッツカールトン東京,RCTokyo,日本料理,寿司,会席,鉄板焼,天麩羅,JapaneseCuisine,Sushi,Kaiseki,Teppanyaki,Tempura,,,,,,,,,,,,,,,,
ritzcarltontokyo,2023-12-04T11:00:39.000Z,196,0,Image,WinterWellness,SpaRetreat,HotelSpa,RitzCarltonTokyo,RCMemories,リッツカールトン東京,ホテルスパ,,,,,,,,,,,,,,,,,,,,,,,
ritzcarltontokyo,2024-01-20T12:00:40.000Z,220,0,Image,RitzCarltonTokyo,RCMemories,リッツカールトン東京,RCTokyo,,,,,,,,,,,,,,,,,,,,,,,,,,
ritzcarltontokyo,2023-12-14T00:00:35.000Z,502,1,Image,RitzCarltonTokyo,RCMemories,リッツカールトン東京,LuxuryGetaway,MorningBliss,,,,,,,,,,,,,,,,,,,,,,,,,
ritzcarltontokyo,2023-12-19T11:00:44.000Z,466,3,Image,RitzKidsNightSafari,FamilyAdventure,KidsTravel,MemorableMoments,AdventureAwaits,CreativeExploration,FamilyStaycation,LuxuryFamilyTravel,RitzCarltonExperience,KidsMemories,RitzCarltonTokyo,RCMemories,リッツカールトン東京,リッツキッズ,,,,,,,,,,,,,,,,
ritzcarltontokyo,2023-12-17T03:01:04.000Z,459,0,Sidecar,RitzCarltonTokyo,RCMemories,リッツカールトン東京,HolidayMagic,RitzCarltonExperience,,,,,,,,,,,,,,,,,,,,,,,,,
ritzcarltontokyo,2023-12-15T11:01:01.000Z,388,0,Sidecar,RitzCarltonTokyo,RCMemories,リッツカールトン東京,FestiveFlavors,GourmetHoliday,,,,,,,,,,,,,,,,,,,,,,,,,
aman_tokyo,2025-09-12T11:00:15.000Z,887,3,Sidecar,AmanTokyo,LaPâtisseriebyAmanTokyo,アマン東京,ラパティスリーbyアマン東京,,,,,,,,,,,,,,,,,,,,,,,,,,
ritzcarltontokyo,2023-12-23T08:56:02.000Z,543,2,Sidecar,RCMemories.,RitzCarltonTokyo,Ritzcarlton,RCMemories,リッツカールトン東京,azure45,keikobayashi,restaurantkei,フレンチダイニング,ホテルレストラン,ホテルディナー,ホテルランチ,東京ミッドタウン,Roppongi,クリスマスディナー,クリスマス,,,,,,,,,,,,,,
ritzcarltontokyo,2023-12-20T08:53:00.000Z,313,1,Sidecar,RitzCarltonTokyo,Ritzcarlton,RCMemories,リッツカールトン東京,azure45,keikobayashi,restaurantkei,フレンチダイニング,ホテルレストラン,ホテルディナー,ホテルランチ,東京ミッドタウン,Roppongi,,,,,,,,,,,,,,,,,
ritzcarltontokyo,2023-12-31T03:00:33.000Z,724,0,Image,RitzCarltonTokyo,RCMemories,リッツカールトン東京,,,,,,,,,,,,,,,,,,,,,,,,,,,
ritzcarltontokyo,2023-12-27T09:22:44.000Z,627,2,Sidecar,RitzCarltonTokyo,Ritzcarlton,RCMemories,リッツカールトン東京,azure45,keikobayashi,restaurantkei,フレンチダイニング,ホテルレストラン,ホテルディナー,ホテルランチ,東京ミッドタウン,Roppongi,,,,,,,,,,,,,,,,,
aman_tokyo,2025-11-24T11:00:27.000Z,1877,6,Sidecar,AmanTokyo,TheLoungebyAman,アマン東京,ザラウンジbyアマン,イブニングパルフェ,クリスマス,,,,,,,,,,,,,,,,,,,,,,,,
ritzcarltontokyo,2023-12-06T09:00:14.000Z,409,2,Sidecar,,,,,,,,,,,,,,,,,,,,,,,,,,,,,,
ritzcarltontokyo,2024-01-21T00:58:28.000Z,1118,9,Sidecar,RitzCarltonTokyo,Ritzcarlton,RCMemories,azure45,リッツカールトン東京,東京ミッドタウン,,,,,,,,,,,,,,,,,,,,,,,,
ritzcarltontokyo,2023-12-26T12:00:41.000Z,1309,0,Sidecar,ホットチョコレート,hotchocolate,RitzCarltonFlavors,WinterWarmth,RitzCarltonTokyo,リッツカールトン東京,WinterCafe,ウィンターカフェ,RCMEmories,,,,,,,,,,,,,,,,,,,,,
ritzcarltontokyo,2024-01-09T11:00:41.000Z,1205,2,Sidecar,RitzCarltonTokyo,RCMemories,フードトラック,WinterCafe,ウィンターカフェ,RitzWinterDelights,SeasonalIndulgence,HotChocolate,ホットチョコレート,,,,,,,,,,,,,,,,,,,,,
ritzcarltontokyo,2024-01-01T03:00:19.000Z,553,2,Image,RitzCarltonTokyo!,,,,,,,,,,,,,,,,,,,,,,,,,,,,,
ritzcarltontokyo,2023-12-25T01:10:09.000Z,1722,4,Sidecar,ChristmasGreetings,FestiveSeason,RitzCarltonTokyo,RCMemories,リッツカールトン東京,,,,,,,,,,,,,,,,,,,,,,,,,
ritzcarltontokyo,2024-01-15T12:00:58.000Z,293,3,Image,RitzCarltonTokyo,RCMemories,RCTokyo,BartenderTakeover,RitzMixology,リッツカールトン東京,バーテンダーテイクオーバー,,,,,,,,,,,,,,,,,,,,,,,
ritzcarltontokyo,2024-02-03T12:00:37.000Z,1613,8,Sidecar,ValentinesTea,RitzRomance,RitzCarltonTokyo,RCMemories,AfternoonTea,リッツカールトン東京,アフタヌーンティー,,,,,,,,,,,,,,,,,,,,,,,
ritzcarltontokyo,2024-01-16T12:00:40.000Z,690,1,Image,RitzCarltonTokyo,RCMemories,SetsubunCelebration,EhoumakiTradition,リッツカールトン東京,節分,恵方巻,,,,,,,,,,,,,,,,,,,,,,,
aman_tokyo,2025-11-07T02:50:08.000Z,1017,7,Video,AmanTokyo,AmanSpa,アマン東京,スパ,,,,,,,,,,,,,,,,,,,,,,,,,,
ritzcarltontokyo,2024-02-06T09:01:43.000Z,566,7,Sidecar,ritzcarltontokyo,50BestDiscovery,RCMemories,RCTokyo,リッツカールトン東京,,,,,,,,,,,,,,,,,,,,,,,,,
ritzcarltontokyo,2023-12-07T11:00:49.000Z,1226,2,Image,StrawberryShortcake,DessertLove,SweetTreats,FamilyDessert,DeliciousDesserts,CakeDecorating,HolidayDesserts,InstaDessert,RItzCarltonTokyo,RCMemories,リッツカールトン東京,クリスマスケーキ,ストロベリーショートケーキ,,,,,,,,,,,,,,,,,
ritzcarltontokyo,2024-02-04T09:16:27.000Z,435,1,Sidecar,RitzCarltonTokyo,Ritzcarlton,RCMemories,heritagebykeikobayashi,keikobayashi,リッツカールトン東京,東京ミッドタウン,小林圭,フレンチダイニング,ホテルレストラン,ホテルディナー,ホテルランチ,,,,,,,,,,,,,,,,,,
aman_tokyo,2026-04-07T11:01:10.000Z,711,3,Sidecar,AmanSpa,SeasonalJourney,Spring,アマンスパ,シーズナルジャーニー,春,,,,,,,,,,,,,,,,,,,,,,,,
aman_tokyo,2026-04-17T12:00:41.000Z,995,7,Sidecar,AmanResorts,AmanTokyo,アマン東京,,,,,,,,,,,,,,,,,,,,,,,,,,,
ritzcarltontokyo,2024-02-07T09:23:29.000Z,398,4,Sidecar,RitzCarltonTokyo,Ritzcarlton,RCMemories,heritagebykeikobayashi,keikobayashi,リッツカールトン東京,東京ミッドタウン,小林圭,フレンチダイニング,ホテルレストラン,ホテルディナー,ホテルランチ,,,,,,,,,,,,,,,,,,
aman_tokyo,2026-04-10T11:01:00.000Z,3019,19,Sidecar,AmanResorts,AmanTokyo,アマン東京,,,,,,,,,,,,,,,,,,,,,,,,,,,
thepeninsulatokyo,2026-06-13T10:21:11.000Z,195,1,Sidecar,,,,,,,,,,,,,,,,,,,,,,,,,,,,,,
thepeninsulatokyo,2026-06-20T10:26:20.000Z,212,3,Sidecar,,,,,,,,,,,,,,,,,,,,,,,,,,,,,,
thepeninsulatokyo,2026-06-25T05:41:23.000Z,216,5,Sidecar,,,,,,,,,,,,,,,,,,,,,,,,,,,,,,
thepeninsulatokyo,2026-06-16T09:55:15.000Z,200,3,Sidecar,,,,,,,,,,,,,,,,,,,,,,,,,,,,,,
ritzcarltontokyo,2023-12-21T09:03:47.000Z,1634,1,Image,RitzCarltonTokyo,RCMemories,AfternoonTea,BuccellatiCollab,HolidayIndulgence,Buccellati,リッツカールトン東京,アフタヌーンティー,ブチェラッティ,,,,,,,,,,,,,,,,,,,,,
thepeninsulatokyo,2026-06-18T14:58:23.000Z,388,6,Sidecar,,,,,,,,,,,,,,,,,,,,,,,,,,,,,,
ritzcarltontokyo,2023-12-29T13:00:33.000Z,1207,0,Image,盆栽,アフタヌーンティー,bonsai,AfternoonTea,RitzCarltonTokyo,RCMemories,RCTokyo,BonsaiTeaTime,NewYearCelebration,リッツカールトン東京,,,,,,,,,,,,,,,,,,,,
thepeninsulatokyo,2026-06-27T01:48:24.000Z,283,4,Sidecar,,,,,,,,,,,,,,,,,,,,,,,,,,,,,,
ritzcarltontokyo,2024-01-11T12:00:43.000Z,1134,3,Sidecar,RitzCarltonTokyo,RCMemories,RCTokyo,Bonsai,RitzLuxuryLiving,NewYearElegance,リッツカールトン東京,盆栽,大宮盆栽,,,,,,,,,,,,,,,,,,,,,
thepeninsulatokyo,2026-05-24T01:48:35.000Z,221,3,Sidecar,,,,,,,,,,,,,,,,,,,,,,,,,,,,,,
thepeninsulatokyo,2026-05-22T11:09:18.000Z,570,6,Sidecar,,,,,,,,,,,,,,,,,,,,,,,,,,,,,,
ritzcarltontokyo,2024-02-05T12:00:37.000Z,304,3,Sidecar,RitzCarltonTokyo,RCMemories,RCTokyo,ホテルバー,BartenderTakeover,ペリエ,perrier,50BestDiscovery,50BestBars,,,,,,,,,,,,,,,,,,,,,
thepeninsulatokyo,2026-05-31T01:40:35.000Z,251,2,Sidecar,,,,,,,,,,,,,,,,,,,,,,,,,,,,,,
thepeninsulatokyo,2026-06-02T10:55:28.000Z,576,4,Sidecar,PenMoments,Pen25Chicago,,,,,,,,,,,,,,,,,,,,,,,,,,,,
thepeninsulatokyo,2026-06-07T10:43:38.000Z,236,3,Sidecar,,,,,,,,,,,,,,,,,,,,,,,,,,,,,,
thepeninsulatokyo,2026-05-28T14:58:17.000Z,133,3,Sidecar,,,,,,,,,,,,,,,,,,,,,,,,,,,,,,
thepeninsulatokyo,2026-06-28T11:24:25.000Z,266,2,Sidecar,,,,,,,,,,,,,,,,,,,,,,,,,,,,,,
aman_tokyo,2026-04-02T10:15:09.000Z,1962,2,Image,AmanTokyo,Spring,Sakura,アマン東京,春,桜,,,,,,,,,,,,,,,,,,,,,,,,
thepeninsulatokyo,2026-07-03T10:43:35.000Z,283,4,Sidecar,,,,,,,,,,,,,,,,,,,,,,,,,,,,,,
thepeninsulatokyo,2026-06-04T11:26:16.000Z,269,3,Sidecar,,,,,,,,,,,,,,,,,,,,,,,,,,,,,,
aman_tokyo,2026-04-14T10:08:53.000Z,1246,4,Sidecar,AmanResorts,AmanTokyo,アマン東京,ラパティスリーbyアマン東京,,,,,,,,,,,,,,,,,,,,,,,,,,
thepeninsulatokyo,2026-07-05T09:23:25.000Z,287,7,Sidecar,,,,,,,,,,,,,,,,,,,,,,,,,,,,,,
thepeninsulatokyo,2026-07-22T07:31:22.000Z,185,4,Sidecar,,,,,,,,,,,,,,,,,,,,,,,,,,,,,,
thepeninsulatokyo,2026-07-02T09:36:23.000Z,145,5,Sidecar,,,,,,,,,,,,,,,,,,,,,,,,,,,,,,
thepeninsulatokyo,2026-06-12T11:08:19.000Z,463,6,Sidecar,,,,,,,,,,,,,,,,,,,,,,,,,,,,,,
thepeninsulatokyo,2026-08-03T13:31:17.000Z,244,3,Sidecar,,,,,,,,,,,,,,,,,,,,,,,,,,,,,,
thepeninsulatokyo,2026-07-29T07:32:35.000Z,299,3,Sidecar,,,,,,,,,,,,,,,,,,,,,,,,,,,,,,
thepeninsulatokyo,2026-07-11T10:45:02.000Z,236,6,Sidecar,,,,,,,,,,,,,,,,,,,,,,,,,,,,,,
thepeninsulatokyo,2026-08-01T01:24:07.000Z,169,2,Image,,,,,,,,,,,,,,,,,,,,,,,,,,,,,,
thepeninsulatokyo,2026-05-20T13:37:14.000Z,261,3,Video,,,,,,,,,,,,,,,,,,,,,,,,,,,,,,
thepeninsulatokyo,2026-07-24T04:28:19.000Z,233,3,Sidecar,,,,,,,,,,,,,,,,,,,,,,,,,,,,,,
thepeninsulatokyo,2026-05-01T08:10:20.000Z,716,8,Sidecar,,,,,,,,,,,,,,,,,,,,,,,,,,,,,,
thepeninsulatokyo,2026-05-05T01:27:34.000Z,393,6,Sidecar,,,,,,,,,,,,,,,,,,,,,,,,,,,,,,
thepeninsulatokyo,2026-05-10T01:36:18.000Z,199,1,Sidecar,,,,,,,,,,,,,,,,,,,,,,,,,,,,,,
thepeninsulatokyo,2026-08-05T07:28:06.000Z,252,4,Sidecar,PenMoments✨,PenMoments,,,,,,,,,,,,,,,,,,,,,,,,,,,,
thepeninsulatokyo,2026-05-09T07:33:11.000Z,227,5,Sidecar,,,,,,,,,,,,,,,,,,,,,,,,,,,,,,
thepeninsulatokyo,2026-07-08T11:35:28.000Z,477,5,Sidecar,,,,,,,,,,,,,,,,,,,,,,,,,,,,,,
thepeninsulatokyo,2026-05-07T09:33:11.000Z,340,5,Sidecar,,,,,,,,,,,,,,,,,,,,,,,,,,,,,,
thepeninsulatokyo,2026-06-10T11:42:15.000Z,367,3,Sidecar,,,,,,,,,,,,,,,,,,,,,,,,,,,,,,
thepeninsulatokyo,2026-05-06T08:35:18.000Z,575,10,Sidecar,,,,,,,,,,,,,,,,,,,,,,,,,,,,,,
thepeninsulatokyo,2026-06-06T09:45:16.000Z,250,3,Sidecar,,,,,,,,,,,,,,,,,,,,,,,,,,,,,,
thepeninsulatokyo,2026-05-12T10:29:25.000Z,333,2,Sidecar,,,,,,,,,,,,,,,,,,,,,,,,,,,,,,
thepeninsulatokyo,2026-05-26T11:38:08.000Z,219,3,Video,,,,,,,,,,,,,,,,,,,,,,,,,,,,,,
thepeninsulatokyo,2026-04-18T01:05:45.000Z,308,1,Sidecar,,,,,,,,,,,,,,,,,,,,,,,,,,,,,,
thepeninsulatokyo,2026-04-11T01:04:12.000Z,252,2,Sidecar,,,,,,,,,,,,,,,,,,,,,,,,,,,,,,
thepeninsulatokyo,2026-04-22T07:35:33.000Z,213,5,Video,,,,,,,,,,,,,,,,,,,,,,,,,,,,,,
thepeninsulatokyo,2026-05-19T11:21:20.000Z,591,6,Sidecar,,,,,,,,,,,,,,,,,,,,,,,,,,,,,,
thepeninsulatokyo,2026-04-15T11:45:11.000Z,194,3,Image,,,,,,,,,,,,,,,,,,,,,,,,,,,,,,
thepeninsulatokyo,2026-04-29T03:36:13.000Z,366,1,Sidecar,,,,,,,,,,,,,,,,,,,,,,,,,,,,,,
thepeninsulatokyo,2026-04-26T09:25:10.000Z,779,11,Sidecar,,,,,,,,,,,,,,,,,,,,,,,,,,,,,,
thepeninsulatokyo,2026-04-17T11:07:23.000Z,255,3,Sidecar,,,,,,,,,,,,,,,,,,,,,,,,,,,,,,
thepeninsulatokyo,2026-04-30T10:51:17.000Z,410,8,Sidecar,,,,,,,,,,,,,,,,,,,,,,,,,,,,,,
thepeninsulatokyo,2026-08-07T03:12:19.000Z,183,2,Sidecar,,,,,,,,,,,,,,,,,,,,,,,,,,,,,,
thepeninsulatokyo,2026-04-13T10:52:16.000Z,318,4,Sidecar,,,,,,,,,,,,,,,,,,,,,,,,,,,,,,
thepeninsulatokyo,2026-05-13T08:45:18.000Z,319,5,Sidecar,,,,,,,,,,,,,,,,,,,,,,,,,,,,,,
aman_tokyo,2026-04-22T10:22:17.000Z,788,0,Sidecar,AmanResorts,AmanTokyo,アマン東京,武蔵byアマン,,,,,,,,,,,,,,,,,,,,,,,,,,
thepeninsulatokyo,2026-04-10T10:08:06.000Z,513,6,Image,,,,,,,,,,,,,,,,,,,,,,,,,,,,,,
thepeninsulatokyo,2026-08-10T11:20:15.000Z,293,4,Sidecar,,,,,,,,,,,,,,,,,,,,,,,,,,,,,,
thepeninsulatokyo,2026-05-03T01:39:35.000Z,168,4,Sidecar,,,,,,,,,,,,,,,,,,,,,,,,,,,,,,
thepeninsulatokyo,2026-05-17T09:40:14.000Z,195,2,Sidecar,,,,,,,,,,,,,,,,,,,,,,,,,,,,,,
aman_tokyo,2026-04-29T12:36:18.000Z,770,4,Sidecar,TheSpiritofAman,AmanTokyo,アマン東京,大手町の森,,,,,,,,,,,,,,,,,,,,,,,,,,
aman_tokyo,2026-05-02T10:56:17.000Z,1410,9,Sidecar,TheSpiritofAman,AmanTokyo,アマン東京,アルヴァ,,,,,,,,,,,,,,,,,,,,,,,,,,
thepeninsulatokyo,2026-04-24T10:15:12.000Z,243,3,Sidecar,,,,,,,,,,,,,,,,,,,,,,,,,,,,,,
thepeninsulatokyo,2026-05-15T11:27:17.000Z,248,4,Sidecar,,,,,,,,,,,,,,,,,,,,,,,,,,,,,,
thepeninsulatokyo,2026-04-28T11:25:40.000Z,315,3,Video,,,,,,,,,,,,,,,,,,,,,,,,,,,,,,
thepeninsulatokyo,2026-03-19T09:42:21.000Z,353,6,Image,,,,,,,,,,,,,,,,,,,,,,,,,,,,,,
thepeninsulatokyo,2026-04-07T07:59:24.000Z,444,5,Sidecar,,,,,,,,,,,,,,,,,,,,,,,,,,,,,,
thepeninsulatokyo,2026-04-01T03:12:18.000Z,409,3,Sidecar,,,,,,,,,,,,,,,,,,,,,,,,,,,,,,
thepeninsulatokyo,2026-04-04T05:35:00.000Z,289,2,Sidecar,,,,,,,,,,,,,,,,,,,,,,,,,,,,,,
thepeninsulatokyo,2026-03-24T09:49:13.000Z,470,2,Sidecar,,,,,,,,,,,,,,,,,,,,,,,,,,,,,,
thepeninsulatokyo,2026-03-21T00:36:20.000Z,519,5,Sidecar,,,,,,,,,,,,,,,,,,,,,,,,,,,,,,
thepeninsulatokyo,2026-03-30T09:03:02.000Z,233,3,Video,,,,,,,,,,,,,,,,,,,,,,,,,,,,,,
thepeninsulatokyo,2026-04-02T10:48:35.000Z,443,2,Image,,,,,,,,,,,,,,,,,,,,,,,,,,,,,,
thepeninsulatokyo,2026-03-20T01:18:23.000Z,435,5,Sidecar,,,,,,,,,,,,,,,,,,,,,,,,,,,,,,
thepeninsulatokyo,2026-03-28T13:54:30.000Z,395,2,Sidecar,,,,,,,,,,,,,,,,,,,,,,,,,,,,,,
aman_tokyo,2026-05-13T10:01:09.000Z,2038,14,Image,AmanResorts,AmanTokyo,アマン東京,ザカフェbyアマン,かき氷,,,,,,,,,,,,,,,,,,,,,,,,,
thepeninsulatokyo,2026-03-22T02:00:10.000Z,337,2,Image,,,,,,,,,,,,,,,,,,,,,,,,,,,,,,
aman_tokyo,2026-04-25T12:32:40.000Z,1689,21,Sidecar,AmanResorts,AmanTokyo,Bar,アマン東京,バー,,,,,,,,,,,,,,,,,,,,,,,,,
aman_tokyo,2026-05-11T11:06:19.000Z,677,7,Sidecar,AmanResorts,AmanTokyo,アマン東京,,,,,,,,,,,,,,,,,,,,,,,,,,,
aman,2026-05-10T21:33:53.000Z,4376,33,Sidecar,,,,,,,,,,,,,,,,,,,,,,,,,,,,,,
aman_tokyo,2026-05-26T16:52:24.000Z,946,1,Sidecar,AmanResorts,AmanTokyo,アマン東京,アルヴァ,naeum,,,,,,,,,,,,,,,,,,,,,,,,,
aman_tokyo,2026-05-20T11:28:06.000Z,880,5,Video,AmanWellness,AmanTokyo,アマン東京,アマンスパ,,,,,,,,,,,,,,,,,,,,,,,,,,
aman,2026-05-14T14:01:38.000Z,3515,33,Video,,,,,,,,,,,,,,,,,,,,,,,,,,,,,,
thepeninsulatokyo,2026-03-05T09:30:17.000Z,293,3,Sidecar,,,,,,,,,,,,,,,,,,,,,,,,,,,,,,
thepeninsulatokyo,2026-02-27T14:52:18.000Z,272,4,Sidecar,,,,,,,,,,,,,,,,,,,,,,,,,,,,,,
thepeninsulatokyo,2026-03-06T11:08:13.000Z,700,4,Sidecar,,,,,,,,,,,,,,,,,,,,,,,,,,,,,,
thecapitolhoteltokyu,2026-08-17T10:00:45.000Z,343,0,Sidecar,TheCapitolHotelTokyu,ザキャピトルホテル東急,LoungeORIGAMI,ラウンジORIGAMI,ShineMuscat,シャインマスカット,ShineMuscatParfait,シャインマスカットパフェ,TokyoDessert,東京スイーツ,,,,,,,,,,,,,,,,,,,,
thepeninsulatokyo,2026-03-02T09:22:07.000Z,551,6,Image,,,,,,,,,,,,,,,,,,,,,,,,,,,,,,
thepeninsulatokyo,2026-03-08T00:25:14.000Z,664,7,Sidecar,,,,,,,,,,,,,,,,,,,,,,,,,,,,,,
thecapitolhoteltokyu,2026-08-14T10:00:42.000Z,231,0,Sidecar,TheCapitolHotelTokyu,ザキャピトルホテル東急,ORIGAMI,オールデイダイニングORIGAMI,SummerLunch,夏ランチ,,,,,,,,,,,,,,,,,,,,,,,,
thepeninsulatokyo,2026-03-12T12:34:17.000Z,349,3,Sidecar,,,,,,,,,,,,,,,,,,,,,,,,,,,,,,
thepeninsulatokyo,2026-03-15T03:08:11.000Z,462,3,Sidecar,,,,,,,,,,,,,,,,,,,,,,,,,,,,,,
thepeninsulatokyo,2026-02-25T10:17:12.000Z,356,2,Sidecar,,,,,,,,,,,,,,,,,,,,,,,,,,,,,,
thepeninsulatokyo,2026-03-14T04:50:19.000Z,679,5,Sidecar,,,,,,,,,,,,,,,,,,,,,,,,,,,,,,
thepeninsulatokyo,2026-02-28T16:53:16.000Z,424,3,Sidecar,,,,,,,,,,,,,,,,,,,,,,,,,,,,,,
thecapitolhoteltokyu,2026-08-11T10:00:42.000Z,135,0,Sidecar,TheCapitolHotelTokyu,ClubFloor,クラブラウンジSaRyoh,TokyoStaycation,東京ステイケーション,,,,,,,,,,,,,,,,,,,,,,,,,
thepeninsulatokyo,2026-03-17T09:38:15.000Z,337,2,Sidecar,,,,,,,,,,,,,,,,,,,,,,,,,,,,,,
thecapitolhoteltokyu,2026-08-08T11:00:02.000Z,226,0,Sidecar,TheCapitolHotelTokyu,LoungeORIGAMI,Kakigori,かき氷,東京スイーツ,,,,,,,,,,,,,,,,,,,,,,,,,
aman_tokyo,2026-06-02T14:22:30.000Z,2909,16,Sidecar,TheSpiritofAman,AmanTokyo,,,,,,,,,,,,,,,,,,,,,,,,,,,,
thepeninsulatokyo,2026-03-09T09:31:15.000Z,492,3,Sidecar,,,,,,,,,,,,,,,,,,,,,,,,,,,,,,
thecapitolhoteltokyu,2026-07-09T12:00:19.000Z,136,0,Image,ザキャピトルホテル東急,夏のホテルステイ,TheCapitolHotelTokyu,TokyoNight,LuxuryStay,,,,,,,,,,,,,,,,,,,,,,,,,
thecapitolhoteltokyu,2026-07-08T12:00:18.000Z,171,0,Sidecar,ザキャピトルホテル東急,中国料理星ヶ岡,オーダーバイキング,岩手県食材フェア,TheCapitolHotelTokyu,,,,,,,,,,,,,,,,,,,,,,,,,
thecapitolhoteltokyu,2026-07-12T12:00:13.000Z,183,0,Sidecar,ザキャピトルホテル東急,ホテル朝食,クラブラウンジ,TheCapitolHotelTokyu,HotelBreakfast,,,,,,,,,,,,,,,,,,,,,,,,,
thecapitolhoteltokyu,2026-07-16T12:00:18.000Z,150,0,Sidecar,ザキャピトルホテル東急,ターンダウンサービス,TheCapitolHotelTokyu,HotelStay,,,,,,,,,,,,,,,,,,,,,,,,,,
thecapitolhoteltokyu,2026-07-14T12:00:10.000Z,187,0,Image,ザキャピトルホテル東急,東京ホテル,TheCapitolHotelTokyu,ExecutiveCchef,EisukeSato,,,,,,,,,,,,,,,,,,,,,,,,,
thecapitolhoteltokyu,2026-07-20T12:00:18.000Z,194,0,Sidecar,ザキャピトルホテル東急,日本料理水簾,納涼ランチ,TheCapitolHotelTokyu,JapaneseCuisine,,,,,,,,,,,,,,,,,,,,,,,,,
thecapitolhoteltokyu,2026-07-04T12:12:10.000Z,323,2,Video,赤坂芸者,日本文化,ザキャピトルホテル東急,,,,,,,,,,,,,,,,,,,,,,,,,,,
thecapitolhoteltokyu,2026-07-18T12:41:42.000Z,193,0,Video,VOP,TheCapitolHotelTokyu,ザキャピトルホテル東急,,,,,,,,,,,,,,,,,,,,,,,,,,,
thecapitolhoteltokyu,2026-07-06T12:00:09.000Z,107,0,Video,ザキャピトルホテル東急,夏旅,都会のオアシス,TheCapitolHotelTokyu,SummerInTokyo,,,,,,,,,,,,,,,,,,,,,,,,,
thecapitolhoteltokyu,2026-08-06T12:01:29.000Z,177,2,Sidecar,TheCapitolHotelTokyu,ザキャピトルホテル東急,LuxuryHotel,TokyoStay,SummerEscape,,,,,,,,,,,,,,,,,,,,,,,,,
thepeninsulatokyo,2026-02-09T08:16:53.000Z,596,2,Sidecar,,,,,,,,,,,,,,,,,,,,,,,,,,,,,,
thepeninsulatokyo,2026-02-17T10:09:35.000Z,402,5,Video,,,,,,,,,,,,,,,,,,,,,,,,,,,,,,
thecapitolhoteltokyu,2026-06-11T09:00:11.000Z,134,0,Image,傘の日,梅雨入り,ザキャピトルホテル東急,TheCapitolHotelTokyu,RainySeason,,,,,,,,,,,,,,,,,,,,,,,,,
thepeninsulatokyo,2026-02-08T03:32:33.000Z,199,5,Video,,,,,,,,,,,,,,,,,,,,,,,,,,,,,,
thepeninsulatokyo,2026-02-03T11:32:27.000Z,434,4,Sidecar,,,,,,,,,,,,,,,,,,,,,,,,,,,,,,
thepeninsulatokyo,2026-02-04T09:54:12.000Z,354,5,Sidecar,,,,,,,,,,,,,,,,,,,,,,,,,,,,,,
thecapitolhoteltokyu,2026-06-12T11:00:13.000Z,1064,5,Video,山王祭,神幸祭,Sustainability,地域連携,TheCapitolHotelTokyu,,,,,,,,,,,,,,,,,,,,,,,,,
thepeninsulatokyo,2026-02-23T00:29:13.000Z,548,3,Sidecar,,,,,,,,,,,,,,,,,,,,,,,,,,,,,,
thepeninsulatokyo,2026-02-20T10:03:44.000Z,362,3,Sidecar,,,,,,,,,,,,,,,,,,,,,,,,,,,,,,
thepeninsulatokyo,2026-01-31T09:43:12.000Z,662,3,Sidecar,,,,,,,,,,,,,,,,,,,,,,,,,,,,,,
thecapitolhoteltokyu,2026-06-16T11:58:40.000Z,149,0,Video,ザキャピトルホテル東急,夏のホテルステイ,TheCapitolHotelTokyu,LuxuryHotelTokyo,SummerEscape,,,,,,,,,,,,,,,,,,,,,,,,,
thecapitolhoteltokyu,2026-06-25T12:00:25.000Z,118,0,Image,ザキャピトルホテル東急,スイートルーム,雨の日,TheCapitolHotelTokyu,RainyDay,,,,,,,,,,,,,,,,,,,,,,,,,
thecapitolhoteltokyu,2026-06-23T12:00:02.000Z,162,0,Sidecar,ザキャピトルホテル東急,日本料理水簾,夏の味覚,TheCapitolHotelTokyu,Kaiseki,,,,,,,,,,,,,,,,,,,,,,,,,
thepeninsulatokyo,2026-02-10T09:46:46.000Z,455,8,Sidecar,,,,,,,,,,,,,,,,,,,,,,,,,,,,,,
thecapitolhoteltokyu,2026-06-22T10:30:14.000Z,244,0,Sidecar,ザキャピトルホテル東急,夏至,ホテルかき氷,TheCapitolHotelTokyu,Kakigori,,,,,,,,,,,,,,,,,,,,,,,,,
thecapitolhoteltokyu,2026-06-19T12:00:07.000Z,136,2,Image,ザキャピトルホテル東急,TheCapitolHotelTokyu,HotelArt,MemorialWall,,,,,,,,,,,,,,,,,,,,,,,,,,
thepeninsulatokyo,2026-01-05T10:26:14.000Z,729,8,Sidecar,,,,,,,,,,,,,,,,,,,,,,,,,,,,,,
thepeninsulatokyo,2026-02-19T10:50:17.000Z,392,2,Sidecar,,,,,,,,,,,,,,,,,,,,,,,,,,,,,,
thepeninsulatokyo,2026-01-07T10:05:05.000Z,364,2,Sidecar,,,,,,,,,,,,,,,,,,,,,,,,,,,,,,
thecapitolhoteltokyu,2026-06-20T11:00:49.000Z,123,0,Sidecar,父の日,ザキャピトルホテル東急,クラシカルバー,TheCapitolHotelTokyu,TheCapitolBar,,,,,,,,,,,,,,,,,,,,,,,,,
thepeninsulatokyo,2026-01-09T11:08:06.000Z,399,2,Sidecar,,,,,,,,,,,,,,,,,,,,,,,,,,,,,,
thepeninsulatokyo,2026-01-11T09:33:24.000Z,331,1,Sidecar,,,,,,,,,,,,,,,,,,,,,,,,,,,,,,
thecapitolhoteltokyu,2026-05-18T12:00:15.000Z,228,1,Sidecar,ザキャピトルホテル東急,東京の景色,ホテルステイ,TheCapitolHotelTokyu,TokyoView,,,,,,,,,,,,,,,,,,,,,,,,,
thepeninsulatokyo,2026-02-16T10:35:34.000Z,521,3,Video,,,,,,,,,,,,,,,,,,,,,,,,,,,,,,
thecapitolhoteltokyu,2026-05-09T13:00:31.000Z,196,0,Image,母の日,ザキャピトルホテル東急,記念日ステイ,TheCapitolHotelTokyu,MothersDay,,,,,,,,,,,,,,,,,,,,,,,,,
thecapitolhoteltokyu,2026-05-13T12:31:27.000Z,184,0,Video,TheCapitolHotelTokyu,CapitolMoments,ザキャピトルホテル東急,中国茶,季節の変わり目,,,,,,,,,,,,,,,,,,,,,,,,,
thecapitolhoteltokyu,2026-05-21T00:52:09.000Z,615,1,Sidecar,ザキャピトルホテル東急,キャピトルアフタヌーンティー,駿河千筋細工,InternationalTeaDay,CapitolMoments,,,,,,,,,,,,,,,,,,,,,,,,,
thecapitolhoteltokyu,2026-04-30T12:00:57.000Z,112,0,Sidecar,ザキャピトルホテル東急,ジャパニーズクラフトジン,大人の時間,TheCapitolHotelTokyu,HotelBar,,,,,,,,,,,,,,,,,,,,,,,,,
thecapitolhoteltokyu,2026-05-07T12:10:18.000Z,178,0,Sidecar,ザキャピトルホテル東急,日本料理水簾,鉄板焼,TheCapitolHotelTokyu,Tokyoteppanyaki,,,,,,,,,,,,,,,,,,,,,,,,,
thecapitolhoteltokyu,2026-05-24T12:00:51.000Z,227,0,Sidecar,ザキャピトルホテル東急,TheCapitolHotelTokyu,SummerStay,LuxuryStay,TokyoEscape,,,,,,,,,,,,,,,,,,,,,,,,,
thecapitolhoteltokyu,2026-05-15T12:05:00.000Z,200,0,Sidecar,ザキャピトルホテル東急,チェックイン,TheCapitolHotelTokyu,QuietLuxury,CapitolMoments,,,,,,,,,,,,,,,,,,,,,,,,,
thecapitolhoteltokyu,2026-05-03T12:01:39.000Z,162,2,Sidecar,ザキャピトルホテル東急,TheCapitolHotelTokyu,,,,,,,,,,,,,,,,,,,,,,,,,,,,
thecapitolhoteltokyu,2026-04-27T12:00:26.000Z,169,1,Image,ザキャピトルホテル東急,ルームサービス,おこもりステイ,InRoomDining,QuietLuxury,,,,,,,,,,,,,,,,,,,,,,,,,
thecapitolhoteltokyu,2026-04-21T12:01:07.000Z,175,0,Sidecar,ザキャピトルホテル東急,ゴールデンウィーク,GoldenWeek,TheCapitolHotelTokyu,TokyoDining,,,,,,,,,,,,,,,,,,,,,,,,,
thecapitolhoteltokyu,2026-05-21T22:01:02.000Z,279,2,Sidecar,ザキャピトルホテル東急,ホテル朝食,たまご料理の日,TheCapitolHotelTokyu,LuxuryBreakfast,,,,,,,,,,,,,,,,,,,,,,,,,
thecapitolhoteltokyu,2026-04-24T12:01:33.000Z,174,0,Sidecar,フィットネス,ウェルネス,ザキャピトルホテル東急,TheCapitolHotelTokyu,CapitolMoments,,,,,,,,,,,,,,,,,,,,,,,,,
thecapitolhoteltokyu,2026-05-26T12:00:04.000Z,153,0,Image,ザキャピトルホテル東急,中国料理星ヶ岡,トンポーロー,TheCapitolHotelTokyu,ChineseCuisine,,,,,,,,,,,,,,,,,,,,,,,,,
thepeninsulatokyo,2025-12-18T06:40:33.000Z,338,7,Sidecar,,,,,,,,,,,,,,,,,,,,,,,,,,,,,,
thepeninsulatokyo,2025-12-22T10:40:27.000Z,303,3,Sidecar,,,,,,,,,,,,,,,,,,,,,,,,,,,,,,
thecapitolhoteltokyu,2026-04-25T12:01:32.000Z,319,1,Image,ザキャピトルホテル東急,ホテルラウンジ,ラウンジORIGAMI,TheCapitolHotelTokyu,AfternoonMoments,,,,,,,,,,,,,,,,,,,,,,,,,
thepeninsulatokyo,2025-12-23T09:56:25.000Z,1096,7,Sidecar,,,,,,,,,,,,,,,,,,,,,,,,,,,,,,
thepeninsulatokyo,2025-12-24T10:16:16.000Z,617,8,Sidecar,,,,,,,,,,,,,,,,,,,,,,,,,,,,,,
thecapitolhoteltokyu,2026-05-04T04:30:00.000Z,125,2,Video,みどりの日,ザキャピトルホテル東急,TheCapitolHotelTokyu,GreeneryDay,CapitolMoments,,,,,,,,,,,,,,,,,,,,,,,,,
thecapitolhoteltokyu,2026-04-22T08:33:23.000Z,136,0,Video,アースデイ。,WorldEarthDay,TheCapitolHotelTokyu,SustainableLiving,ザキャピトルホテル東急,,,,,,,,,,,,,,,,,,,,,,,,,
thepeninsulatokyo,2025-12-20T07:27:14.000Z,851,7,Sidecar,,,,,,,,,,,,,,,,,,,,,,,,,,,,,,
thepeninsulatokyo,2025-12-19T11:26:32.000Z,530,4,Sidecar,,,,,,,,,,,,,,,,,,,,,,,,,,,,,,
thepeninsulatokyo,2025-12-05T13:44:20.000Z,371,3,Sidecar,,,,,,,,,,,,,,,,,,,,,,,,,,,,,,
thepeninsulatokyo,2025-12-05T23:19:11.000Z,311,4,Sidecar,,,,,,,,,,,,,,,,,,,,,,,,,,,,,,
thepeninsulatokyo,2025-12-11T09:46:15.000Z,527,4,Sidecar,,,,,,,,,,,,,,,,,,,,,,,,,,,,,,
thepeninsulatokyo,2025-11-27T10:11:10.000Z,399,3,Sidecar,,,,,,,,,,,,,,,,,,,,,,,,,,,,,,
thepeninsulatokyo,2025-12-07T03:00:00.000Z,283,2,Sidecar,,,,,,,,,,,,,,,,,,,,,,,,,,,,,,
thepeninsulatokyo,2025-12-09T10:44:14.000Z,281,2,Sidecar,,,,,,,,,,,,,,,,,,,,,,,,,,,,,,
thecapitolhoteltokyu,2026-03-30T11:00:18.000Z,289,0,Sidecar,ザキャピトルホテル東急,桜,TheCapitolHotelTokyu,CherryBlossoms,SpringInTokyo,,,,,,,,,,,,,,,,,,,,,,,,,
thepeninsulatokyo,2025-12-13T01:35:12.000Z,962,4,Sidecar,,,,,,,,,,,,,,,,,,,,,,,,,,,,,,
thepeninsulatokyo,2025-12-02T11:36:15.000Z,833,7,Sidecar,,,,,,,,,,,,,,,,,,,,,,,,,,,,,,
thecapitolhoteltokyu,2026-03-27T04:00:13.000Z,522,1,Sidecar,さくらの日,ザキャピトルホテル東急,キャピトルバー,桜カクテル,SpringInTokyo,,,,,,,,,,,,,,,,,,,,,,,,,
thepeninsulatokyo,2025-12-16T11:07:18.000Z,404,4,Sidecar,,,,,,,,,,,,,,,,,,,,,,,,,,,,,,
thepeninsulatokyo,2025-11-30T02:14:33.000Z,238,2,Video,,,,,,,,,,,,,,,,,,,,,,,,,,,,,,
thepeninsulatokyo,2025-11-21T00:25:22.000Z,353,2,Sidecar,,,,,,,,,,,,,,,,,,,,,,,,,,,,,,
thecapitolhoteltokyu,2026-02-27T12:00:20.000Z,306,0,Sidecar,ザキャピトルホテル東急,桜,ホテルバー,TheCapitolHotelTokyu,,,,,,,,,,,,,,,,,,,,,,,,,,
thepeninsulatokyo,2025-11-12T11:22:15.000Z,354,2,Sidecar,,,,,,,,,,,,,,,,,,,,,,,,,,,,,,
thepeninsulatokyo,2025-11-14T11:47:16.000Z,721,5,Sidecar,,,,,,,,,,,,,,,,,,,,,,,,,,,,,,
thepeninsulatokyo,2025-11-06T03:37:39.000Z,2095,21,Video,,,,,,,,,,,,,,,,,,,,,,,,,,,,,,
thepeninsulatokyo,2025-11-08T10:17:15.000Z,358,3,Sidecar,,,,,,,,,,,,,,,,,,,,,,,,,,,,,,
thecapitolhoteltokyu,2026-03-04T12:00:00.000Z,521,4,Sidecar,ザキャピトルホテル東急,ロビー装花,TheCapitolHotelTokyu,SogetsuIkebana,flowerstagram,,,,,,,,,,,,,,,,,,,,,,,,,
thecapitolhoteltokyu,2026-03-03T07:34:55.000Z,225,0,Image,TheCapitolHotelTokyu,TraditionalJapaneseCulture,ザキャピトルホテル東急,ひなまつり,雛人形,,,,,,,,,,,,,,,,,,,,,,,,,
thepeninsulatokyo,2025-11-18T11:42:16.000Z,509,6,Sidecar,,,,,,,,,,,,,,,,,,,,,,,,,,,,,,
thepeninsulatokyo,2025-11-23T02:00:12.000Z,283,2,Image,,,,,,,,,,,,,,,,,,,,,,,,,,,,,,
thepeninsulatokyo,2025-11-09T03:12:13.000Z,612,6,Sidecar,,,,,,,,,,,,,,,,,,,,,,,,,,,,,,
thepeninsulatokyo,2025-11-22T04:45:00.000Z,294,0,Sidecar,,,,,,,,,,,,,,,,,,,,,,,,,,,,,,
thepeninsulatokyo,2025-11-05T09:59:12.000Z,302,2,Sidecar,,,,,,,,,,,,,,,,,,,,,,,,,,,,,,
thepeninsulatokyo,2025-11-19T09:12:03.000Z,206,3,Video,,,,,,,,,,,,,,,,,,,,,,,,,,,,,,
thecapitolhoteltokyu,2026-03-01T12:05:00.000Z,426,0,Sidecar,ザキャピトルホテル東急,ラウンジORIGAMI,アフタヌーンティー巡り,TheCapitolHotelTokyu,afternoontea,,,,,,,,,,,,,,,,,,,,,,,,,
thepeninsulatokyo,2025-11-14T23:43:08.000Z,628,3,Image,,,,,,,,,,,,,,,,,,,,,,,,,,,,,,
thecapitolhoteltokyu,2026-03-13T12:00:35.000Z,201,0,Sidecar,ザキャピトルホテル東急,世界睡眠デー,東京ホテル,TheCapitolHotelTokyu,WorldSleepDay,,,,,,,,,,,,,,,,,,,,,,,,,
thecapitolhoteltokyu,2026-03-10T12:01:40.000Z,402,1,Sidecar,ザキャピトルホテル東急,ホテル朝食,和朝食,TheCapitolHotelTokyu,JapaneseBreakfast,,,,,,,,,,,,,,,,,,,,,,,,,
thecapitolhoteltokyu,2026-03-06T12:00:52.000Z,175,1,Sidecar,ザキャピトルホテル東急,ホワイトデー,TheCapitolHotelTokyu,WhiteDay,ORIGAMI,,,,,,,,,,,,,,,,,,,,,,,,,
thecapitolhoteltokyu,2026-03-08T01:35:09.000Z,234,0,Sidecar,国際女性デー,ザキャピトルホテル東急,TheCapitolHotelTokyu,InternationalWomensDay,IWD2026,,,,,,,,,,,,,,,,,,,,,,,,,
thecapitolhoteltokyu,2026-03-16T12:00:17.000Z,334,3,Sidecar,ザキャピトルホテル東急,オールデイダイニングORIGAMI,ナシゴレン,ORIGAMI伝統の味,TheCapitolHotelTokyu,,,,,,,,,,,,,,,,,,,,,,,,,
thepeninsulatokyo,2025-10-25T01:17:12.000Z,241,2,Sidecar,,,,,,,,,,,,,,,,,,,,,,,,,,,,,,
thepeninsulatokyo,2025-10-27T10:42:16.000Z,915,2,Sidecar,,,,,,,,,,,,,,,,,,,,,,,,,,,,,,
thepeninsulatokyo,2025-10-15T08:55:12.000Z,356,5,Sidecar,,,,,,,,,,,,,,,,,,,,,,,,,,,,,,
thepeninsulatokyo,2025-10-23T05:49:12.000Z,324,2,Sidecar,,,,,,,,,,,,,,,,,,,,,,,,,,,,,,
thepeninsulatokyo,2025-10-09T11:55:10.000Z,255,2,Sidecar,,,,,,,,,,,,,,,,,,,,,,,,,,,,,,
thepeninsulatokyo,2025-10-17T10:04:06.000Z,1042,12,Image,,,,,,,,,,,,,,,,,,,,,,,,,,,,,,
thepeninsulatokyo,2025-10-29T09:29:34.000Z,220,3,Video,,,,,,,,,,,,,,,,,,,,,,,,,,,,,,
thepeninsulatokyo,2025-11-01T10:21:10.000Z,827,7,Sidecar,,,,,,,,,,,,,,,,,,,,,,,,,,,,,,
thecapitolhoteltokyu,2026-01-24T12:00:13.000Z,376,2,Sidecar,ザキャピトルホテル東急,ストロベリーパフェ,苺パフェ,TheCapitolHotelTokyu,,,,,,,,,,,,,,,,,,,,,,,,,,
thecapitolhoteltokyu,2026-02-03T09:42:35.000Z,233,0,Sidecar,TheCapitolHotelTokyu,Setsubun,ザキャピトルホテル東急,節分祭,日枝神社,豆まき,,,,,,,,,,,,,,,,,,,,,,,,
thecapitolhoteltokyu,2026-01-26T12:00:21.000Z,300,0,Image,ザキャピトルホテル東急,バレンタインクッキー,TheCapitolHotelTokyu,Valentine2026,CapitolMoments,,,,,,,,,,,,,,,,,,,,,,,,,
thecapitolhoteltokyu,2026-01-28T12:00:00.000Z,156,0,Sidecar,TheCapitolHotelTokyu,ザキャピトルホテル東急,キャピトルバー,ホテルバー,,,,,,,,,,,,,,,,,,,,,,,,,,
thepeninsulatokyo,2025-10-13T11:45:00.000Z,310,1,Sidecar,,,,,,,,,,,,,,,,,,,,,,,,,,,,,,
thecapitolhoteltokyu,2026-02-07T12:00:13.000Z,158,0,Image,ザキャピトルホテル東急,鹿児島フェア,星ヶ岡,TheCapitolHotelTokyu,Chineserestaurant,,,,,,,,,,,,,,,,,,,,,,,,,
thecapitolhoteltokyu,2026-02-17T12:30:00.000Z,231,0,Sidecar,ザキャピトルホテル東急,春節,旧正月,TheCapitolHotelTokyu,LunarNewYear,,,,,,,,,,,,,,,,,,,,,,,,,
thecapitolhoteltokyu,2026-02-05T12:00:19.000Z,259,0,Sidecar,CapitolMoments,ザキャピトルホテル東急,バレンタイン2026,TheCapitolHotelTokyu,ValentinesStay,,,,,,,,,,,,,,,,,,,,,,,,,
thecapitolhoteltokyu,2026-02-09T12:00:14.000Z,246,1,Image,ザキャピトルホテル東急,東京ラグジュアリーホテル,東京の夜景,TheCapitolHotelTokyu,TokyoNightView,,,,,,,,,,,,,,,,,,,,,,,,,
thepeninsulatokyo,2025-11-02T08:56:34.000Z,650,4,Video,,,,,,,,,,,,,,,,,,,,,,,,,,,,,,
thecapitolhoteltokyu,2026-02-04T12:00:00.000Z,311,0,Video,キャピトルホテル東急,草月流,ロビー装花,TheCapitolHotelTokyu,flowerstagram,,,,,,,,,,,,,,,,,,,,,,,,,
thepeninsulatokyo,2025-10-11T03:05:04.000Z,193,2,Video,,,,,,,,,,,,,,,,,,,,,,,,,,,,,,
thecapitolhoteltokyu,2026-05-02T12:04:49.000Z,389,2,Video,ザキャピトルホテル東急,草月,TheCapitolHotelTokyu,,,,,,,,,,,,,,,,,,,,,,,,,,,
thecapitolhoteltokyu,2026-02-15T12:31:37.000Z,169,1,Video,ザキャピトルホテル東急,TheCapitolHotelTokyu,琴演奏,日本のおもてなし,,,,,,,,,,,,,,,,,,,,,,,,,,
thepeninsulatokyo,2025-10-24T11:15:14.000Z,242,2,Sidecar,,,,,,,,,,,,,,,,,,,,,,,,,,,,,,
thepeninsulatokyo,2025-09-26T10:49:10.000Z,285,2,Sidecar,,,,,,,,,,,,,,,,,,,,,,,,,,,,,,
thepeninsulatokyo,2025-09-30T11:00:00.000Z,254,1,Sidecar,,,,,,,,,,,,,,,,,,,,,,,,,,,,,,
thecapitolhoteltokyu,2026-04-01T06:59:39.000Z,133,0,Video,ジャパニーズウイスキーの日,ホテルバー,ウィスキー,JapaneseWhisky,TheCapitolHotelTokyu,,,,,,,,,,,,,,,,,,,,,,,,,
thecapitolhoteltokyu,2026-03-24T12:00:38.000Z,230,0,Video,ホテルアフタヌーンティー,ザキャピトルホテル東急,贅沢ステイ,TheCapitolHotelTokyu,CapitolMoments,,,,,,,,,,,,,,,,,,,,,,,,,
thepeninsulatokyo,2025-11-28T02:59:34.000Z,4273,54,Video,,,,,,,,,,,,,,,,,,,,,,,,,,,,,,
thepeninsulatokyo,2025-09-17T10:54:13.000Z,300,1,Sidecar,,,,,,,,,,,,,,,,,,,,,,,,,,,,,,
thepeninsulatokyo,2025-09-29T11:44:33.000Z,252,3,Video,,,,,,,,,,,,,,,,,,,,,,,,,,,,,,
thepeninsulatokyo,2025-10-08T09:10:18.000Z,346,1,Sidecar,,,,,,,,,,,,,,,,,,,,,,,,,,,,,,
thepeninsulatokyo,2025-09-22T08:35:30.000Z,340,2,Sidecar,,,,,,,,,,,,,,,,,,,,,,,,,,,,,,
thecapitolhoteltokyu,2026-03-20T12:00:27.000Z,196,0,Sidecar,TheCapitolHotelTokyu,ClubLounge,ザキャピトルホテル東急,クラブラウンジSaRyoh,都内夜景,,,,,,,,,,,,,,,,,,,,,,,,,
thepeninsulatokyo,2025-09-24T10:48:15.000Z,558,5,Sidecar,,,,,,,,,,,,,,,,,,,,,,,,,,,,,,
thepeninsulatokyo,2025-10-04T03:06:10.000Z,286,1,Sidecar,,,,,,,,,,,,,,,,,,,,,,,,,,,,,,
thepeninsulatokyo,2025-11-25T11:52:24.000Z,1051,6,Sidecar,,,,,,,,,,,,,,,,,,,,,,,,,,,,,,
thepeninsulatokyo,2025-09-19T10:17:10.000Z,366,2,Sidecar,,,,,,,,,,,,,,,,,,,,,,,,,,,,,,
thepeninsulatokyo,2025-09-16T12:59:11.000Z,1162,2,Sidecar,,,,,,,,,,,,,,,,,,,,,,,,,,,,,,
thecapitolhoteltokyu,2026-02-20T08:40:42.000Z,203,0,Sidecar,歌舞伎の日,ザキャピトルホテル東急,江戸切子,TheCapitolHotelTokyu,CapitolBar,EdoKiriko,,,,,,,,,,,,,,,,,,,,,,,,
thecapitolhoteltokyu,2026-03-22T02:00:56.000Z,160,0,Sidecar,世界水の日,WorldWaterDay,SustainableStay,TheCapitolHotelTokyu,ザキャピトルホテル東急,グリーンカード,,,,,,,,,,,,,,,,,,,,,,,,
thecapitolhoteltokyu,2026-04-06T12:01:26.000Z,281,0,Image,東京散策,日枝神社,TheCapitolHotelTokyu,SpringInTokyo,TokyoMoments,,,,,,,,,,,,,,,,,,,,,,,,,
thepeninsulatokyo,2025-09-20T02:40:08.000Z,311,3,Sidecar,,,,,,,,,,,,,,,,,,,,,,,,,,,,,,
thepeninsulatokyo,2025-10-02T11:54:04.000Z,247,2,Video,,,,,,,,,,,,,,,,,,,,,,,,,,,,,,
thecapitolhoteltokyu,2026-03-18T12:00:00.000Z,376,4,Video,TheCapitolHotelTokyu,TokyoluxuaryHotel,Omotenashi,ザキャピトルホテル東急,POV,,,,,,,,,,,,,,,,,,,,,,,,,
thecapitolhoteltokyu,2026-02-26T09:04:13.000Z,130,0,Video,ザキャピトルホテル東急,寿司カウンター,水簾,TheCapitolHotelTokyu,Sushi,,,,,,,,,,,,,,,,,,,,,,,,,
thecapitolhoteltokyu,2026-04-03T12:00:00.000Z,215,0,Video,ザキャピトルホテル東急,草月,sakura,TheCapitolHotelTokyu,Sogetsu,,,,,,,,,,,,,,,,,,,,,,,,,
thepeninsulatokyo,2025-08-23T02:40:10.000Z,262,1,Sidecar,,,,,,,,,,,,,,,,,,,,,,,,,,,,,,
thecapitolhoteltokyu,2026-04-10T12:18:24.000Z,234,3,Sidecar,ザキャピトルホテル東急,中国料理星ヶ岡,山口県フェア,TheCapitolHotelTokyu,ChineseCuisine,,,,,,,,,,,,,,,,,,,,,,,,,
thecapitolhoteltokyu,2026-04-14T12:00:52.000Z,194,0,Image,ザキャピトルホテル東急,篠田桃紅,ホテル館内アート,TheCapitolHotelTokyu,JapaneseArt,,,,,,,,,,,,,,,,,,,,,,,,,
thepeninsulatokyo,2025-09-05T14:05:14.000Z,211,1,Sidecar,,,,,,,,,,,,,,,,,,,,,,,,,,,,,,
thepeninsulatokyo,2025-09-13T02:41:04.000Z,471,3,Image,,,,,,,,,,,,,,,,,,,,,,,,,,,,,,
thepeninsulatokyo,2025-08-29T09:58:09.000Z,246,1,Sidecar,,,,,,,,,,,,,,,,,,,,,,,,,,,,,,
thepeninsulatokyo,2025-08-25T12:00:43.000Z,414,3,Sidecar,,,,,,,,,,,,,,,,,,,,,,,,,,,,,,
thecapitolhoteltokyu,2026-04-12T12:17:06.000Z,139,2,Video,ザキャピトルホテル東急,TheCapitolHotelTokyu,CoffeeTime,TokyoStay,CapitolMoments,,,,,,,,,,,,,,,,,,,,,,,,,
thecapitolhoteltokyu,2026-04-17T10:59:29.000Z,315,1,Video,ザキャピトルホテル東急,ホテルアフタヌーンティー,TheCapitolHotelTokyu,CapitolafternoonTea,CapitolMoment,,,,,,,,,,,,,,,,,,,,,,,,,
thepeninsulatokyo,2025-09-01T11:37:10.000Z,313,1,Sidecar,,,,,,,,,,,,,,,,,,,,,,,,,,,,,,
thecapitolhoteltokyu,2026-04-07T12:01:17.000Z,526,5,Image,桜スイーツ,ザキャピトルホテル東急,ORIGAMIスイーツ,TheCapitolHotelTokyu,SpringInTokyo,,,,,,,,,,,,,,,,,,,,,,,,,
thepeninsulatokyo,2025-09-03T12:41:12.000Z,464,2,Sidecar,,,,,,,,,,,,,,,,,,,,,,,,,,,,,,
thepeninsulatokyo,2025-12-28T00:50:00.000Z,361,0,Sidecar,,,,,,,,,,,,,,,,,,,,,,,,,,,,,,
thepeninsulatokyo,2025-12-31T23:46:12.000Z,539,3,Sidecar,,,,,,,,,,,,,,,,,,,,,,,,,,,,,,
thepeninsulatokyo,2025-08-01T14:01:53.000Z,672,4,Sidecar,,,,,,,,,,,,,,,,,,,,,,,,,,,,,,
thepeninsulatokyo,2025-12-30T10:44:18.000Z,308,4,Sidecar,,,,,,,,,,,,,,,,,,,,,,,,,,,,,,
thepeninsulatokyo,2025-09-08T11:55:09.000Z,436,2,Sidecar,,,,,,,,,,,,,,,,,,,,,,,,,,,,,,
thepeninsulatokyo,2026-01-03T02:24:16.000Z,307,4,Sidecar,,,,,,,,,,,,,,,,,,,,,,,,,,,,,,
thecapitolhoteltokyu,2026-05-29T12:00:50.000Z,196,0,Sidecar,ORIGAMIカレー,ホテルカレー,夏グルメ,TheCapitolHotelTokyu,JapaneseCurry,,,,,,,,,,,,,,,,,,,,,,,,,
thepeninsulatokyo,2025-09-09T09:25:09.000Z,190,1,Sidecar,,,,,,,,,,,,,,,,,,,,,,,,,,,,,,
thepeninsulatokyo,2025-12-31T09:57:15.000Z,339,8,Sidecar,,,,,,,,,,,,,,,,,,,,,,,,,,,,,,
thepeninsulatokyo,2025-09-14T01:09:06.000Z,604,5,Image,,,,,,,,,,,,,,,,,,,,,,,,,,,,,,
thepeninsulatokyo,2025-08-27T12:46:07.000Z,285,3,Video,,,,,,,,,,,,,,,,,,,,,,,,,,,,,,
thepeninsulatokyo,2025-12-25T01:10:37.000Z,247,3,Video,,,,,,,,,,,,,,,,,,,,,,,,,,,,,,
thepeninsulatokyo,2026-02-13T11:16:52.000Z,405,2,Video,,,,,,,,,,,,,,,,,,,,,,,,,,,,,,
thepeninsulatokyo,2025-08-04T11:41:09.000Z,525,2,Sidecar,,,,,,,,,,,,,,,,,,,,,,,,,,,,,,
thecapitolhoteltokyu,2026-06-04T12:05:02.000Z,170,0,Sidecar,ザキャピトルホテル東急,冷麺,冷やし麺,TheCapitolHotelTokyu,SummerDining,,,,,,,,,,,,,,,,,,,,,,,,,
thecapitolhoteltokyu,2026-06-06T12:00:35.000Z,238,0,Sidecar,山王祭,日枝神社,日本文化,TheCapitolHotelTokyu,JapaneseCulture,,,,,,,,,,,,,,,,,,,,,,,,,
thepeninsulatokyo,2025-08-20T14:02:12.000Z,707,6,Sidecar,,,,,,,,,,,,,,,,,,,,,,,,,,,,,,
thecapitolhoteltokyu,2026-06-05T02:01:15.000Z,174,0,Sidecar,WorldEnvironmentDay,SakuraQualityGreen,TheCapitolHotelTokyu,世界環境デー,サクラクオリティグリーン,,,,,,,,,,,,,,,,,,,,,,,,,
thepeninsulatokyo,2025-08-05T13:20:15.000Z,439,2,Sidecar,,,,,,,,,,,,,,,,,,,,,,,,,,,,,,
thepeninsulatokyo,2025-08-09T03:07:08.000Z,275,3,Sidecar,,,,,,,,,,,,,,,,,,,,,,,,,,,,,,
thepeninsulatokyo,2025-08-22T10:22:10.000Z,1047,2,Sidecar,,,,,,,,,,,,,,,,,,,,,,,,,,,,,,
thepeninsulatokyo,2025-08-07T12:15:14.000Z,441,3,Sidecar,,,,,,,,,,,,,,,,,,,,,,,,,,,,,,
thecapitolhoteltokyu,2026-05-31T12:00:13.000Z,370,1,Video,ザキャピトルホテル東急,草月,紫陽花,Sogetsu,Hydrangea,,,,,,,,,,,,,,,,,,,,,,,,,
thepeninsulatokyo,2025-08-16T02:45:34.000Z,159,1,Video,,,,,,,,,,,,,,,,,,,,,,,,,,,,,,
thepeninsulatokyo,2025-08-12T09:28:35.000Z,250,3,Video,,,,,,,,,,,,,,,,,,,,,,,,,,,,,,
thepeninsulatokyo,2025-08-18T11:42:13.000Z,347,3,Sidecar,,,,,,,,,,,,,,,,,,,,,,,,,,,,,,
thepeninsulatokyo,2026-01-16T09:31:21.000Z,241,4,Sidecar,,,,,,,,,,,,,,,,,,,,,,,,,,,,,,
thepeninsulatokyo,2025-08-11T01:10:11.000Z,545,1,Sidecar,,,,,,,,,,,,,,,,,,,,,,,,,,,,,,
thepeninsulatokyo,2026-01-15T09:39:07.000Z,621,9,Image,,,,,,,,,,,,,,,,,,,,,,,,,,,,,,
thepeninsulatokyo,2026-01-22T12:04:12.000Z,281,2,Sidecar,,,,,,,,,,,,,,,,,,,,,,,,,,,,,,
thepeninsulatokyo,2026-01-27T10:54:16.000Z,347,3,Sidecar,,,,,,,,,,,,,,,,,,,,,,,,,,,,,,
thecapitolhoteltokyu,2026-06-26T12:00:12.000Z,108,0,Sidecar,ザキャピトルホテル東急,琴,TheCapitolHotelTokyu,JapaneseCulture,CapitolMoments,,,,,,,,,,,,,,,,,,,,,,,,,
thepeninsulatokyo,2025-08-15T02:13:03.000Z,503,2,Sidecar,,,,,,,,,,,,,,,,,,,,,,,,,,,,,,
thepeninsulatokyo,2025-07-11T09:16:08.000Z,390,3,Sidecar,,,,,,,,,,,,,,,,,,,,,,,,,,,,,,
thepeninsulatokyo,2025-07-07T01:32:10.000Z,280,2,Sidecar,,,,,,,,,,,,,,,,,,,,,,,,,,,,,,
thepeninsulatokyo,2026-01-30T11:26:12.000Z,304,1,Sidecar,,,,,,,,,,,,,,,,,,,,,,,,,,,,,,
thepeninsulatokyo,2025-07-16T01:01:34.000Z,237,2,Sidecar,,,,,,,,,,,,,,,,,,,,,,,,,,,,,,
thepeninsulatokyo,2026-01-25T07:40:32.000Z,416,4,Sidecar,,,,,,,,,,,,,,,,,,,,,,,,,,,,,,
thepeninsulatokyo,2026-01-18T06:00:26.000Z,459,5,Sidecar,,,,,,,,,,,,,,,,,,,,,,,,,,,,,,
thecapitolhoteltokyu,2026-06-30T12:00:13.000Z,112,0,Video,ザキャピトルホテル東急,癒しの時間,TheCapitolHotelTokyu,BathTime,QuietLuxury,,,,,,,,,,,,,,,,,,,,,,,,,
thepeninsulatokyo,2026-01-28T11:41:21.000Z,356,3,Sidecar,,,,,,,,,,,,,,,,,,,,,,,,,,,,,,
thepeninsulatokyo,2026-03-27T11:38:04.000Z,364,6,Video,,,,,,,,,,,,,,,,,,,,,,,,,,,,,,
thepeninsulatokyo,2025-07-09T13:09:07.000Z,342,3,Sidecar,,,,,,,,,,,,,,,,,,,,,,,,,,,,,,
thepeninsulatokyo,2025-07-13T05:03:10.000Z,419,3,Sidecar,,,,,,,,,,,,,,,,,,,,,,,,,,,,,,
thecapitolhoteltokyu,2026-07-02T12:10:17.000Z,346,0,Sidecar,ザキャピトルホテル東急,ロビー装花,ひまわり,Sogetsu,SummerInTokyo,,,,,,,,,,,,,,,,,,,,,,,,,
thecapitolhoteltokyu,2026-07-29T12:00:13.000Z,161,0,Image,ザキャピトルホテル東急,クラブラウンジSaRyoh,夏のホテルステイ,TheCapitolHotelTokyu,CapitolMoments,,,,,,,,,,,,,,,,,,,,,,,,,
thecapitolhoteltokyu,2026-07-24T12:03:20.000Z,153,0,Sidecar,ザキャピトルホテル東急,ウェルネス,TheCapitolHotelTokyu,Summerstay,CapitolMoments,,,,,,,,,,,,,,,,,,,,,,,,,
thecapitolhoteltokyu,2026-06-09T12:18:53.000Z,162,0,Video,ローストビーフの日,ザキャピトルホテル東急,ORIGAMI受け継がれた味,TheCapitolHotelTokyu,RoastBeef,,,,,,,,,,,,,,,,,,,,,,,,,
thepeninsulatokyo,2025-07-28T13:39:20.000Z,342,20,Video,,,,,,,,,,,,,,,,,,,,,,,,,,,,,,
aman_tokyo,2026-08-16T09:04:05.000Z,2143,20,Video,AmanResorts,AmanTokyo,アマン東京,大手町の森,ザカフェbyアマン,,,,,,,,,,,,,,,,,,,,,,,,,
thepeninsulatokyo,2025-07-26T02:41:10.000Z,355,5,Sidecar,,,,,,,,,,,,,,,,,,,,,,,,,,,,,,
thepeninsulatokyo,2025-07-23T12:40:13.000Z,301,1,Sidecar,,,,,,,,,,,,,,,,,,,,,,,,,,,,,,
thecapitolhoteltokyu,2026-08-04T10:00:03.000Z,373,0,Sidecar,TheCapitolHotelTokyu,ザキャピトルホテル東急,Sogetsu,草月,Ikebana,,,,,,,,,,,,,,,,,,,,,,,,,
thepeninsulatokyo,2025-07-30T09:54:23.000Z,456,6,Sidecar,,,,,,,,,,,,,,,,,,,,,,,,,,,,,,
thepeninsulatokyo,2025-07-19T02:41:13.000Z,613,2,Sidecar,,,,,,,,,,,,,,,,,,,,,,,,,,,,,,
thecapitolhoteltokyu,2026-09-02T02:10:57.000Z,161,0,Sidecar,TheCapitolHotelTokyu,ザキャピトルホテル東急,Sogetsu,草月,Ikebana,いけばな,JapaneseArt,,,,,,,,,,,,,,,,,,,,,,,
thecapitolhoteltokyu,2026-06-28T07:02:50.000Z,438,0,Sidecar,ザキャピトルホテル東急,パフェの日,季節のパフェ,TheCapitolHotelTokyu,ORIGAMI,ParfaitDay,,,,,,,,,,,,,,,,,,,,,,,,
thecapitolhoteltokyu,2026-08-24T10:00:48.000Z,160,0,Sidecar,TheCapitolHotelTokyu,ザキャピトルホテル東急,KengoKuma,JapaneseArchitecture,TokyoDesign,JapaneseDesign,LuxuryHotel,Tokyo,,,,,,,,,,,,,,,,,,,,,,
thecapitolhoteltokyu,2026-08-31T10:00:24.000Z,157,1,Sidecar,TheCapitolHotelTokyu,ザキャピトルホテル東急,TokyoHotel,東京ホテル,TeaTime,ティータイム,,,,,,,,,,,,,,,,,,,,,,,,
thepeninsulatokyo,2025-07-31T11:57:12.000Z,458,3,Sidecar,,,,,,,,,,,,,,,,,,,,,,,,,,,,,,
fstokyo,2026-08-24T10:37:22.000Z,47,1,Image,,,,,,,,,,,,,,,,,,,,,,,,,,,,,,
fstokyo,2026-08-17T09:06:07.000Z,232,3,Sidecar,,,,,,,,,,,,,,,,,,,,,,,,,,,,,,
fstokyo,2026-08-18T09:45:28.000Z,141,0,Sidecar,,,,,,,,,,,,,,,,,,,,,,,,,,,,,,
thecapitolhoteltokyu,2026-08-20T10:00:25.000Z,150,0,Image,TheCapitolHotelTokyu,ザキャピトルホテル東急,TheCapitolBar,ザキャピトルバー,SeasonalMojito,モヒート,SummerCocktails,サマーカクテル,,,,,,,,,,,,,,,,,,,,,,
thepeninsulatokyo,2025-07-21T01:33:09.000Z,624,3,Sidecar,,,,,,,,,,,,,,,,,,,,,,,,,,,,,,
fstokyo,2026-08-14T08:28:55.000Z,139,0,Sidecar,,,,,,,,,,,,,,,,,,,,,,,,,,,,,,
thecapitolhoteltokyu,2026-08-27T10:00:44.000Z,165,0,Sidecar,TheCapitolHotelTokyu,ザキャピトルホテル東急,Akasaka,赤坂,Tokyo,東京,,,,,,,,,,,,,,,,,,,,,,,,
fstokyo,2026-08-19T08:54:54.000Z,179,2,Sidecar,,,,,,,,,,,,,,,,,,,,,,,,,,,,,,
thecapitolhoteltokyu,2025-10-10T01:40:49.000Z,258,4,Video,TheCapitolHotelTokyu,,,,,,,,,,,,,,,,,,,,,,,,,,,,,
thecapitolhoteltokyu,2026-02-12T01:45:53.000Z,343,1,Video,ザキャピトルホテル東急,TheCapitolHotelTokyu,ForbesTravelGuide,FTG5Star,フォーブストラベルガイド,,,,,,,,,,,,,,,,,,,,,,,,,
fstokyo,2026-08-26T09:55:19.000Z,174,0,Sidecar,,,,,,,,,,,,,,,,,,,,,,,,,,,,,,
fstokyo,2026-08-03T19:35:18.000Z,92,2,Image,,,,,,,,,,,,,,,,,,,,,,,,,,,,,,
fstokyo,2026-08-07T08:20:52.000Z,155,2,Sidecar,,,,,,,,,,,,,,,,,,,,,,,,,,,,,,
fstokyo,2026-07-27T08:24:13.000Z,181,0,Sidecar,,,,,,,,,,,,,,,,,,,,,,,,,,,,,,
aman,2026-06-19T15:01:25.000Z,6925,31,Video,,,,,,,,,,,,,,,,,,,,,,,,,,,,,,
fstokyo,2026-08-27T09:52:27.000Z,143,1,Sidecar,,,,,,,,,,,,,,,,,,,,,,,,,,,,,,
fstokyo,2026-08-25T09:08:37.000Z,113,0,Sidecar,,,,,,,,,,,,,,,,,,,,,,,,,,,,,,
sezannetokyo,2026-08-11T08:15:58.000Z,429,3,Sidecar,,,,,,,,,,,,,,,,,,,,,,,,,,,,,,
fstokyo,2026-08-31T09:00:13.000Z,72,4,Sidecar,,,,,,,,,,,,,,,,,,,,,,,,,,,,,,
fstokyo,2026-08-05T09:08:48.000Z,395,7,Sidecar,,,,,,,,,,,,,,,,,,,,,,,,,,,,,,
fstokyo,2026-08-06T08:19:23.000Z,175,5,Sidecar,,,,,,,,,,,,,,,,,,,,,,,,,,,,,,
fstokyo,2026-09-02T08:57:55.000Z,67,1,Sidecar,,,,,,,,,,,,,,,,,,,,,,,,,,,,,,
maisonmarunouchi,2026-09-01T08:15:13.000Z,399,3,Sidecar,,,,,,,,,,,,,,,,,,,,,,,,,,,,,,
fstokyo,2026-07-22T09:09:15.000Z,349,6,Sidecar,,,,,,,,,,,,,,,,,,,,,,,,,,,,,,
thepeninsulatokyo,2026-08-26T09:40:08.000Z,148,2,Image,,,,,,,,,,,,,,,,,,,,,,,,,,,,,,
fstokyo,2026-07-24T08:58:56.000Z,139,1,Sidecar,,,,,,,,,,,,,,,,,,,,,,,,,,,,,,
fstokyo,2026-07-28T08:44:44.000Z,147,1,Sidecar,,,,,,,,,,,,,,,,,,,,,,,,,,,,,,
fstokyo,2026-07-23T08:30:34.000Z,283,2,Image,,,,,,,,,,,,,,,,,,,,,,,,,,,,,,
fstokyo,2026-08-20T07:49:48.000Z,338,10,Sidecar,,,,,,,,,,,,,,,,,,,,,,,,,,,,,,
fstokyo,2026-08-10T08:26:31.000Z,226,3,Sidecar,,,,,,,,,,,,,,,,,,,,,,,,,,,,,,
fstokyo,2026-08-12T08:30:29.000Z,131,1,Sidecar,,,,,,,,,,,,,,,,,,,,,,,,,,,,,,
thepeninsulatokyo,2026-08-28T08:31:23.000Z,175,2,Sidecar,,,,,,,,,,,,,,,,,,,,,,,,,,,,,,
thepeninsulatokyo,2026-09-01T01:38:37.000Z,718,12,Sidecar,,,,,,,,,,,,,,,,,,,,,,,,,,,,,,
thepeninsulatokyo,2026-06-23T12:25:16.000Z,768,12,Sidecar,,,,,,,,,,,,,,,,,,,,,,,,,,,,,,
thepeninsulatokyo,2026-08-12T02:55:20.000Z,360,5,Sidecar,PenMoments,,,,,,,,,,,,,,,,,,,,,,,,,,,,,
janutokyo,2026-02-04T23:15:37.000Z,282,26,Video,WelcometoJanu,JanuTokyo,,,,,,,,,,,,,,,,,,,,,,,,,,,,
ritzcarltontokyo,2026-06-02T10:00:03.000Z,322,1,Sidecar,リッツカールトン東京,RitzCarltonTokyo,RitzCarlton,tokyostay,RCMemories,,,,,,,,,,,,,,,,,,,,,,,,,
janutokyo,2026-05-20T18:01:50.000Z,143,1,Sidecar,JanuTokyo,,,,,,,,,,,,,,,,,,,,,,,,,,,,,
janutokyo,2026-04-21T13:32:25.000Z,485,4,Sidecar,,,,,,,,,,,,,,,,,,,,,,,,,,,,,,
janutokyo,2025-09-08T08:35:05.000Z,240,1,Image,WelcomeToJanu,JanuTokyo,,,,,,,,,,,,,,,,,,,,,,,,,,,,
ritzcarltontokyo,2023-12-05T12:00:24.000Z,950,2,Image,RitzCarltonTokyo,RCMemories,RCTokyo,FestiveBrunch,FestiveFlavors,HolidayIndulgence,リッツカールトン東京,ホリデーデザート,ブランチ,,,,,,,,,,,,,,,,,,,,,
ritzcarltontokyo,2024-04-27T13:12:57.000Z,778,0,Sidecar,RitzCarltonTokyo,Ritzcarlton,RCMemories,heritagebykeikobayashi,keikobayashi,リッツカールトン東京,東京ミッドタウン,小林圭,フレンチダイニング,ホテルレストラン,ホテルディナー,ホテルランチ,,,,,,,,,,,,,,,,,,
parkhyatttokyo,2025-05-16T09:00:30.000Z,1583,17,Image,ParkHyattTokyo,ParkHyatt,LuxuryIsPersonal,パークハイアット東京⁠,,,,,,,,,,,,,,,,,,,,,,,,,,
janutokyo,2026-03-26T12:47:24.000Z,497,2,Sidecar,,,,,,,,,,,,,,,,,,,,,,,,,,,,,,
ritzcarltontokyo,2024-03-16T12:00:28.000Z,330,1,Sidecar,RitzCarltonTokyo,RCMemories,リッツカールトン東京,BartenderTakeover,,,,,,,,,,,,,,,,,,,,,,,,,,
aman_tokyo,2026-05-05T11:17:17.000Z,2382,10,Sidecar,AmanResorts,AmanTokyo,アマン東京,ザラウンジbyアマン,アフタヌーンティー,,,,,,,,,,,,,,,,,,,,,,,,,
ritzcarltontokyo,2025-02-07T08:00:00.000Z,299,0,Sidecar,RitzCarltonTokyo,Ritzcarlton,リッツカールトン東京,東京ミッドタウン,ホテルレストラン,ホテルディナー,亀泉,寿司,日本料理,高知県,sushi,和食,,,,,,,,,,,,,,,,,,
thepeninsulatokyo,2026-08-31T12:47:08.000Z,293,3,Image,,,,,,,,,,,,,,,,,,,,,,,,,,,,,,
ritzcarltontokyo,2023-12-03T12:00:38.000Z,416,0,Image,HolidayCocktails,DisaronnoMagic,RitzCarltonTokyo,RCMemories,リッツカールトン東京,cocktails,HotelBar,ホテルバー,,,,,,,,,,,,,,,,,,,,,,
ritzcarltontokyo,2023-11-25T11:00:51.000Z,1873,2,Image,StrawberryShortcake,DessertLove,SweetTreats,FamilyDessert,DeliciousDesserts,CakeDecorating,HolidayDesserts,InstaDessert,RItzCarltonTokyo,RCMemories,リッツカールトン東京,クリスマスケーキ,ストロベリーショートケーキ,,,,,,,,,,,,,,,,,
ritzcarltontokyo,2023-11-10T09:01:57.000Z,967,0,Image,RitzCarltonTokyo,RCMemories,Getaway,Relaxation,SereneMoments,UrbanEscape,リッツカールトン東京,,,,,,,,,,,,,,,,,,,,,,,
peninsulahotels,2026-06-03T03:40:19.000Z,1486,27,Sidecar,,,,,,,,,,,,,,,,,,,,,,,,,,,,,,
ritzcarltontokyo,2023-11-23T11:01:00.000Z,567,0,Image,ChristmasDesserts,GourmetCakes,DecadentTreats,HolidayBaking,FruitCake,ChristmasFlavors,DessertLovers,SweetTooth,RItzCarltonTokyo,RCMemories,リッツカールトン東京,クリスマスケーキ,,,,,,,,,,,,,,,,,,
ritzcarltontokyo,2023-11-28T11:00:34.000Z,362,0,Image,WinterGifts,LuxuryPampering,RitzCarltonTokyo,RCMemories,RCTokyo,リッツカールトン東京,ホテルスパ,スパギフト,スキンケア,ホリデーギフト,ギフトアイテム,,,,,,,,,,,,,,,,,,,
ritzcarltontokyo,2023-11-24T11:54:22.000Z,655,1,Image,ChristmasCakes,HolidayDesserts,FestiveTreats,SweetIndulgence,ChristmasFlavors,CakeArt,HolidaySweets,SeasonsEatings,RItzCarltonTokyo,RCMemories,リッツカールトン東京,クリスマスケーキ,,,,,,,,,,,,,,,,,,
ritzcarltontokyo,2023-11-16T03:42:38.000Z,817,1,Sidecar,ChristmasSweets,HolidayDelights,RitzCarltonTokyo,RCMemories,リッツカールトン東京,クリスマススウイーツ,,,,,,,,,,,,,,,,,,,,,,,,
ritzcarltontokyo,2023-11-19T03:00:57.000Z,589,1,Sidecar,リッツカールトン東京,ジェニュインウエディング,ホテルウェディング,RitzCarltonTokyo,GenuineWedding,wedding,結婚式,リッツ婚,プレ花嫁,ウェディングフェア,,,,,,,,,,,,,,,,,,,,
ritzcarltontokyo,2023-12-01T10:14:27.000Z,1446,0,Image,WinterWarmth,HotChocolateDelights,RitzCarltonTokyo,RCMemories,Foodtruck,東京ミッドタウン,ホットチョコレート,フードトラック,,,,,,,,,,,,,,,,,,,,,,
ritzcarltontokyo,2023-12-01T03:15:49.000Z,2661,3,Image,FestiveRitzCarlton,HolidayMagic,RitzCarltonTokyo,RCMemories,ChristmasTree,リッツカールトン東京,クリスマスツリー,Buccellati,ブチェラッティ,,,,,,,,,,,,,,,,,,,,,
fstokyo,2026-07-08T02:14:09.000Z,98,0,Image,,,,,,,,,,,,,,,,,,,,,,,,,,,,,,
fstokyo,2026-07-07T01:42:17.000Z,68,0,Sidecar,,,,,,,,,,,,,,,,,,,,,,,,,,,,,,
aman_tokyo,2025-07-26T11:43:04.000Z,581,3,Image,AmanWellness,AmanTokyo,Japan,アマンスパ,シーズナルジャーニー,夏,,,,,,,,,,,,,,,,,,,,,,,,
fstokyo,2026-07-08T23:30:09.000Z,152,0,Image,,,,,,,,,,,,,,,,,,,,,,,,,,,,,,
ritzcarltontokyo,2023-10-13T13:01:38.000Z,831,5,Sidecar,,,,,,,,,,,,,,,,,,,,,,,,,,,,,,
ritzcarltontokyo,2023-10-20T09:31:03.000Z,1201,3,Image,RCMemories,RitzCarltonTokyo,SpecialOccasions,LuxuryCelebration,リッツカールトン東京,RCTokyo,,,,,,,,,,,,,,,,,,,,,,,,
aman_tokyo,2025-07-29T10:00:18.000Z,1300,4,Sidecar,AmanResorts,AmanTokyo,AfternoonTea,アマン東京,アフタヌーンティー,,,,,,,,,,,,,,,,,,,,,,,,,
aman_tokyo,2025-07-19T10:00:14.000Z,843,3,Sidecar,AmanFoodie,AmanTokyo,MusashibyAman,アマン東京,武蔵byアマン,江戸前鮨,新子,,,,,,,,,,,,,,,,,,,,,,,
ritzcarltontokyo,2023-10-14T09:00:33.000Z,743,3,Image,HalloweenTreats,SpookySweets,TowersRestaurant,RitzCarltonTokyo,リッツカールトン東京,RCMemories,ハロウィーンデザート,,,,,,,,,,,,,,,,,,,,,,,
fstokyo,2026-07-06T01:51:08.000Z,69,0,Image,,,,,,,,,,,,,,,,,,,,,,,,,,,,,,
aman_tokyo,2025-07-24T11:03:20.000Z,739,7,Video,AmanFoodie,AmanTokyo,ArvabyAman,アマン東京,アルヴァ,,,,,,,,,,,,,,,,,,,,,,,,,
ritzcarltontokyo,2023-12-02T12:00:29.000Z,2286,5,Sidecar,ChristmasSplendor,Buccellati,RitzCarltonTokyo,RCMemories,AfternoonTea,リッツカールトン東京,アフタヌーンティー,クリスマスツリー,ブチェラッティ,,,,,,,,,,,,,,,,,,,,,
ritzcarltontokyo,2023-10-21T09:54:42.000Z,993,4,Sidecar,,,,,,,,,,,,,,,,,,,,,,,,,,,,,,
aman_tokyo,2025-08-03T09:00:17.000Z,582,0,Sidecar,AmanFoodie,AmanTokyo,ArvabyAman,アマン東京,アルヴァ,,,,,,,,,,,,,,,,,,,,,,,,,
ritzcarltontokyo,2023-11-02T09:00:47.000Z,2183,5,Sidecar,RitzCarltonTokyo,RCMemories,AfternoonTea,WinterAfternoonTea,LobbyLounge,SeasonalDelights,リッツカールトン東京,アフタヌーンティー,,,,,,,,,,,,,,,,,,,,,,
ritzcarltontokyo,2023-10-24T12:00:48.000Z,410,0,Sidecar,RitzCarltonTokyo,RCMemories,HotelSpa,リッツカールトン東京,,,,,,,,,,,,,,,,,,,,,,,,,,
ritzcarltontokyo,2023-10-31T12:00:27.000Z,419,1,Sidecar,リッツカールトン東京,ジェニュインウエディング,ホテルウェディング,RitzCarltonTokyo,GenuineWedding,wedding,結婚式,リッツ婚,プレ花嫁,ウェディングフェア,,,,,,,,,,,,,,,,,,,,
ritzcarltontokyo,2023-10-29T09:29:19.000Z,1030,5,Sidecar,,,,,,,,,,,,,,,,,,,,,,,,,,,,,,
ritzcarltontokyo,2023-11-08T09:28:55.000Z,731,2,Sidecar,,,,,,,,,,,,,,,,,,,,,,,,,,,,,,
ritzcarltontokyo,2023-10-23T11:01:04.000Z,356,1,Image,TheBarTakeover,BartenderAkiWang,ExclusiveEvent,RitzCarltonTokyo,RCMemories,RCTokyo,リッツカールトン東京,,,,,,,,,,,,,,,,,,,,,,,
ritzcarltontokyo,2023-11-06T08:00:53.000Z,744,2,Image,RitzCarltonTokyo,RCTokyo,RCMemories,リッツカールトン東京,HotelBar,ホテルバー,Sunset,,,,,,,,,,,,,,,,,,,,,,,
aman_tokyo,2025-08-01T10:38:04.000Z,1003,0,Sidecar,AmanWellness,AmanTokyo,Japan,アマン東京,アマンスパ,,,,,,,,,,,,,,,,,,,,,,,,,
thecapitolhoteltokyu,2025-12-06T12:00:00.000Z,186,0,Sidecar,ザキャピトルホテル東急,クリスマスステイ,TheCapitolHotelTokyu,,,,,,,,,,,,,,,,,,,,,,,,,,,
thecapitolhoteltokyu,2025-11-20T12:00:43.000Z,191,0,Sidecar,ザキャピトルホテル東急,東京ラグジュアリー,赤坂,芸術の秋,館内アート,TheCapitolHotelTokyu,TokyoluxuaryHotel,ArtInHotel,AutumnArts,FineDiningTokyo,,,,,,,,,,,,,,,,,,,,
thecapitolhoteltokyu,2025-12-02T12:01:22.000Z,191,0,Image,ザキャピトルホテル東急,クリスマスブレッド,シュトーレン,東京クリスマス,東京ラグジュアリーホテル,赤坂,TheCapitolHotelTokyu,TokyoluxuaryHotel,FiveStarHotelTokyo,Christmas2025,Stollen,ChristmasSweets,,,,,,,,,,,,,,,,,,
ritzcarltontokyo,2023-11-05T12:00:25.000Z,1540,2,Image,RitzCarltonTokyo,RCMemories,LuxuryDining,ClubLounge,GourmetBreakfast,PersonalizedService,リッツカールトン東京,,,,,,,,,,,,,,,,,,,,,,,
thecapitolhoteltokyu,2025-11-21T06:00:32.000Z,348,0,Image,ザキャピトルホテル東急,キャピトル東急,東京ラグジュアリー,赤坂,チキンの日,チキンバスケット,ホテルグルメ,TheCapitolHotelTokyu,TokyoluxuaryHotel,FineDiningTokyo,TokyoGourmet,,,,,,,,,,,,,,,,,,,
thecapitolhoteltokyu,2025-11-18T12:10:00.000Z,195,0,Sidecar,CapitolMoments,ザキャピトルホテル東急,日本料理水簾,水簾,東京ラグジュアリー,東京鉄板焼き,赤坂鉄板,鉄板カウンター,TheCapitolHotelTokyu,TokyoLuxury,TokyoluxuaryHotel,TeppanYaki,JapaneseCuisine,Suiren,FineDiningTokyo,,,,,,,,,,,,,,,
thecapitolhoteltokyu,2025-11-15T06:31:29.000Z,135,0,Sidecar,七五三の日,TheCapitolHotelTokyu,TokyoluxuaryHotel,FiveStarHotelTokyo,JapanesesShrine,JapaneseTradition,ザキャピトルホテル東急,東京ラグジュアリーホテル,赤坂,七五三,日枝神社,日本の伝統,,,,,,,,,,,,,,,,,,
thecapitolhoteltokyu,2025-11-28T12:00:00.000Z,200,1,Sidecar,ザキャピトルホテル東急,贅沢な朝,TheCapitolHotelTokyu,,,,,,,,,,,,,,,,,,,,,,,,,,,
thecapitolhoteltokyu,2025-12-01T12:00:00.000Z,298,2,Sidecar,ザキャピトルホテル東急,クリスマスツリー,開業15周年,,,,,,,,,,,,,,,,,,,,,,,,,,,
aman_tokyo,2025-08-07T10:00:15.000Z,835,5,Image,TheSpiritofAman,AmanTokyo,,,,,,,,,,,,,,,,,,,,,,,,,,,,
fstokyo,2026-06-17T01:55:07.000Z,170,0,Image,,,,,,,,,,,,,,,,,,,,,,,,,,,,,,
aman_tokyo,2025-08-05T09:00:22.000Z,1009,7,Sidecar,AmanResorts,AmanTokyo,OtemachiForest,アマン東京,大手町の森,,,,,,,,,,,,,,,,,,,,,,,,,
thecapitolhoteltokyu,2025-11-25T12:00:00.000Z,262,0,Sidecar,ザキャピトルホテル東急,クリスマス2025,フェスティブシーズン,,,,,,,,,,,,,,,,,,,,,,,,,,,
thecapitolhoteltokyu,2025-11-26T11:17:50.000Z,165,0,Video,ザキャピトルホテル東急,風呂の日,ご褒美ステイ,,,,,,,,,,,,,,,,,,,,,,,,,,,
maisonmarunouchi,2026-06-15T08:26:10.000Z,373,4,Sidecar,,,,,,,,,,,,,,,,,,,,,,,,,,,,,,
fstokyo,2026-06-24T02:15:13.000Z,97,0,Sidecar,,,,,,,,,,,,,,,,,,,,,,,,,,,,,,
fstokyo,2026-06-30T08:00:10.000Z,197,2,Sidecar,,,,,,,,,,,,,,,,,,,,,,,,,,,,,,
thecapitolhoteltokyu,2025-12-04T12:00:17.000Z,250,0,Sidecar,TheCapitolHotelTokyu,TokyoluxuaryHotel,FiveStarHotelTokyo,SustainableHotel,SDGs,ザキャピトルホテル東急,キャピトルクリスマス,東京ラグジュアリーホテル,赤坂,5つ星ホテル,サステナブル,,,,,,,,,,,,,,,,,,,
fstokyo,2026-07-02T08:43:13.000Z,75,0,Image,,,,,,,,,,,,,,,,,,,,,,,,,,,,,,
fstokyo,2026-07-03T04:23:07.000Z,213,0,Image,,,,,,,,,,,,,,,,,,,,,,,,,,,,,,
fstokyo,2026-06-29T08:43:19.000Z,96,0,Sidecar,,,,,,,,,,,,,,,,,,,,,,,,,,,,,,
fstokyo,2026-06-26T04:02:09.000Z,115,5,Image,,,,,,,,,,,,,,,,,,,,,,,,,,,,,,
fstokyo,2026-07-01T01:50:02.000Z,285,1,Sidecar,,,,,,,,,,,,,,,,,,,,,,,,,,,,,,
thepeninsulatokyo,2025-06-11T10:39:42.000Z,567,3,Sidecar,,,,,,,,,,,,,,,,,,,,,,,,,,,,,,
thecapitolhoteltokyu,2025-11-30T12:00:04.000Z,555,3,Sidecar,ザキャピトルホテル東急,TheCapitolHotelTokyu,ガレットデロワ,,,,,,,,,,,,,,,,,,,,,,,,,,,
thecapitolhoteltokyu,2025-10-02T12:01:04.000Z,279,3,Sidecar,キャピトルホテル東急,溜池山王,生け花,草月,秋の実り,東京ホテル,ラグジュアリーホテル,フラワーアレンジメント,ロビー装花,TheCapitolHotelTokyu,CapitolHotel,Ikebana,JapaneseArt,TokyoLuxury,Japaneseautumn,LuxuryInTokyo,TokyoLuxuryHotel,LobbyFlowers,Sogetsu,SogetsuIkebana,flowerstagram,,,,,,,,,
thecapitolhoteltokyu,2025-10-09T12:00:24.000Z,181,0,Image,ザキャピトルホテル東,東京ラグジュアリーホテル,季節限定スイーツ,ホテルスイーツ,いちじくロールケーキ,TheCapitolHotelTokyu,TokyoluxuaryHotel,FiveStarHotelTokyo,,,,,,,,,,,,,,,,,,,,,,
thecapitolhoteltokyu,2025-10-05T12:00:51.000Z,204,0,Sidecar,中秋節,ザキャピトルホテル東急,中国料理,月餅,赤坂,TheCapitolHotelTokyu,MidAutumnFestival,mooncake,,,,,,,,,,,,,,,,,,,,,,
thecapitolhoteltokyu,2025-11-29T13:21:44.000Z,701,5,Sidecar,ザキャピトルホテル東急,TheCapitolHotelTokyu,草月,,,,,,,,,,,,,,,,,,,,,,,,,,,
thecapitolhoteltokyu,2025-10-07T12:00:14.000Z,334,5,Sidecar,ハロウィンスイーツ,ハロウィン,ハロウィーン,ザキャピトルホテル東急,赤坂,ホテルスイーツ,HalloweenSweets,PhantomGhost,TheCapitolHotelTokyu,ORIGAMI,,,,,,,,,,,,,,,,,,,,
thecapitolhoteltokyu,2025-09-30T09:38:22.000Z,241,0,Sidecar,ザキャピトルホテル東急,ORIGAMI,開業記念メニュー,東京ラグジュアリー,ラグジュアリーホテル,美食体験,東京ダイニング,TheCapitolHotelTokyu,TokyoLuxury,LuxuryHotelTokyo,GastronomicExperience,TokyoDining,Omotenashi,,,,,,,,,,,,,,,,,
fstokyo,2026-06-23T13:47:17.000Z,97,0,Sidecar,,,,,,,,,,,,,,,,,,,,,,,,,,,,,,
thecapitolhoteltokyu,2025-10-16T12:01:36.000Z,204,0,Image,CapitolMoments,CapitolMoments.,ザキャピトルホテル東急,キャピトルホテル,東京ラグジュアリー,大人の東京旅,ホテル開業15周年記念,アニバーサリープラン,TheCapitolHotelTokyu,TokyoLuxury,LuxuryHotelTokyo,TokyoExperience,,,,,,,,,,,,,,,,,,
fstokyo,2026-06-19T04:05:02.000Z,110,6,Sidecar,,,,,,,,,,,,,,,,,,,,,,,,,,,,,,
thepeninsulatokyo,2025-06-09T11:58:40.000Z,368,2,Sidecar,,,,,,,,,,,,,,,,,,,,,,,,,,,,,,
fstokyo,2026-06-25T14:48:08.000Z,89,2,Image,,,,,,,,,,,,,,,,,,,,,,,,,,,,,,
thepeninsulatokyo,2025-06-15T00:57:03.000Z,276,2,Image,,,,,,,,,,,,,,,,,,,,,,,,,,,,,,
thepeninsulatokyo,2025-05-01T04:33:10.000Z,285,3,Sidecar,,,,,,,,,,,,,,,,,,,,,,,,,,,,,,
thepeninsulatokyo,2025-05-12T10:53:31.000Z,468,6,Sidecar,,,,,,,,,,,,,,,,,,,,,,,,,,,,,,
thepeninsulatokyo,2025-05-09T09:11:10.000Z,655,4,Sidecar,,,,,,,,,,,,,,,,,,,,,,,,,,,,,,
thepeninsulatokyo,2025-05-10T01:10:04.000Z,956,4,Image,,,,,,,,,,,,,,,,,,,,,,,,,,,,,,
thepeninsulatokyo,2025-05-14T05:08:10.000Z,436,3,Sidecar,,,,,,,,,,,,,,,,,,,,,,,,,,,,,,
thepeninsulatokyo,2025-05-04T00:45:19.000Z,822,7,Sidecar,,,,,,,,,,,,,,,,,,,,,,,,,,,,,,
thepeninsulatokyo,2025-05-22T08:55:10.000Z,304,2,Sidecar,,,,,,,,,,,,,,,,,,,,,,,,,,,,,,
thepeninsulatokyo,2025-04-30T08:58:13.000Z,826,6,Sidecar,,,,,,,,,,,,,,,,,,,,,,,,,,,,,,
thecapitolhoteltokyu,2025-10-17T12:01:23.000Z,277,0,Sidecar,CapitolMoments,CapitolMoments.,ザキャピトルホテル東急,ホテル開業15周年記念,東京ラグジュアリー,ラグジュアリーホテル,記念コース,日本料理,水簾,ファインダイニング東京,TheCapitolHotelTokyu,TokyoLuxury,LuxuryHotelTokyo,Kaiseki,JapaneseCuisine,AnniversaryCourse,FineDiningTokyo,omotenashi,,,,,,,,,,,,
thepeninsulatokyo,2025-04-22T10:50:36.000Z,300,4,Sidecar,,,,,,,,,,,,,,,,,,,,,,,,,,,,,,
peninsulahotels,2025-04-19T00:05:22.000Z,2870,7,Sidecar,,,,,,,,,,,,,,,,,,,,,,,,,,,,,,
thepeninsulatokyo,2025-04-21T08:20:43.000Z,674,9,Sidecar,,,,,,,,,,,,,,,,,,,,,,,,,,,,,,
kenmsaito,2025-04-21T14:31:29.000Z,3125,18,Sidecar,Lexus,LFA,PenMoments,PeninsulaHotels,ThePeninsulaTokyo,ThePenSet,,,,,,,,,,,,,,,,,,,,,,,,
thecapitolhoteltokyu,2025-09-07T12:01:02.000Z,173,0,Sidecar,CapitolMoments,CapitolMoments.,ザキャピトルホテル東急,キャピトルホテル,東京ラグジュアリー,ラグジュアリーホテル,日本のおもてなし,お部屋で休憩,大人の東京旅,TheCapitolHotelTokyu,TokyoLuxury,LuxuryHotelTokyo,JapaneseHospitality,Omotenashi,TokyoExperience,coffeebreak,,,,,,,,,,,,,,
thecapitolhoteltokyu,2025-09-08T09:00:24.000Z,210,2,Sidecar,ザキャピトルホテル東急,キャピトルホテル,キャピトルウエディング,ウエディングフェア,和婚,神前式,溜池山王,赤坂,日枝神社,東京ウエディング,TheCapitolHotelTokyu,Hotel_wedding,Capitol_,Bridalfair,Hieshrine,VisitJapan,LuxuryHotelTokyo,Omotenashi,DiscoveryTokyo,,,,,,,,,,,
thecapitolhoteltokyu,2025-09-05T12:00:00.000Z,216,2,Video,ザキャピトルホテル東急,CapitolMoments,CapitolMoments.,,,,,,,,,,,,,,,,,,,,,,,,,,,
thecapitolhoteltokyu,2025-09-14T04:01:20.000Z,226,0,Sidecar,ザキャピトルホテル東急,中国料理星ヶ岡,溜池山王,赤坂,おもてなし,東京ラグジュアリー,日本のおもてなし,敬老の日,TheCapitolHotelTokyu,StarHill,LuxuryCapitolHotel,VisitJapan,LuxuryTokyo,LuxuryJapan,JapaneseHospitality,Omotenashi,Family,,,,,,,,,,,,,
thecapitolhoteltokyu,2025-09-10T12:01:15.000Z,199,0,Image,CapitolMoments,CapitolMoments.,ザキャピトルホテル東急,キャピトルホテル,東京ラグジュアリー,ラグジュアリーホテル,日本のおもてなし,大人の東京旅,和モダン,寝る準備,TheCapitolHotelTokyu,TokyoLuxury,LuxuryHotelTokyo,JapaneseHospitality,Omotenashi,TokyoExperience,,,,,,,,,,,,,,
thecapitolhoteltokyu,2025-09-24T12:00:58.000Z,121,0,Image,ザキャピトルホテル東急,東京ラグジュアリー,ラグジュアリーホテル,グリーンコイン,サステナビリティ,エコフレンドリー,SDGs,TheCapitolHotelTokyu,TokyoLuxury,LuxuryHotelTokyo,GreenCoin,Sustainability,EcoFriendly,,,,,,,,,,,,,,,,,
thecapitolhoteltokyu,2025-09-16T12:00:00.000Z,160,2,Video,TheCapitolHotelTokyu,,,,,,,,,,,,,,,,,,,,,,,,,,,,,
thecapitolhoteltokyu,2025-09-17T12:00:43.000Z,228,0,Image,CapitolMoments,CapitolMoments.,ザキャピトルホテル東急,キャピトルホテル,ラグジュアリーホテル,日本のおもてなし,大人の東京旅,ホテルエントランス,TheCapitolHotelTokyu,TokyoLuxury,LuxuryHotelTokyo,JapaneseHospitality,Omotenashi,DiscoverTokyo,TokyoExperience,,,,,,,,,,,,,,,
thecapitolhoteltokyu,2025-09-29T12:00:51.000Z,252,0,Sidecar,ザキャピトルホテル東急,ホテル開業記念,東京ラグジュアリー,ラグジュアリーホテル,ORIGAMI,クッキー缶,クッキーアソート,特別な贈り物,アニバーサリースイーツ,TheCapitolHotelTokyu,TokyoLuxury,LuxuryHotelTokyo,Cookie,,,,,,,,,,,,,,,,,
thecapitolhoteltokyu,2025-08-09T12:00:22.000Z,203,0,Sidecar,ザキャピトルホテル東急,溜池山王,赤坂,ホテルプール,東京リゾート,TheCapitolHotelTokyu,LuxuryCapitolHotel,VisitJapan,LuxuryTokyo,LuxuryJapan,Omotenashi,,,,,,,,,,,,,,,,,,,
thecapitolhoteltokyu,2025-09-23T08:01:53.000Z,171,0,Sidecar,CapitolMoments,ザキャピトルホテル東急,七五三,七五三のお祝い,東京ラグジュアリー,ラグジュアリーホテル,日本のおもてなし,日枝神社,TheCapitolHotelTokyu,TokyoLuxury,LuxuryHotelTokyo,JapaneseHospitality,Japaneseshrine,,,,,,,,,,,,,,,,,
thecapitolhoteltokyu,2025-10-19T12:00:00.000Z,64,0,Image,ザキャピトルホテル東急,15周年記念,東京ラグジュアリーホテル,赤坂,5つ星ホテル,戸河内ウイスキー,桜尾蒸留所,ウイスキー,TheCapitolHotelTokyu,TheCapitolBar,TokyoluxuaryHotel,StarBarAward,WhiskyLovers,JapaneseWhisky,TogouchiWhisky,SakuraoDistillery,,,,,,,,,,,,,,
thecapitolhoteltokyu,2025-08-14T12:02:03.000Z,354,0,Image,CapitolMoments,CapitolMoments.,ザキャピトルホテル東急,キャピトルホテル東急,溜池山王,赤坂,ラグジュアリーホテル,ホテルスイーツ,パフェ,メロンデザート,TheCapitolHotelTokyu,LuxuryCapitolHotel,VisitJapan,LuxuryJapan,Omotenashi,LuxuryDessert,,,,,,,,,,,,,,
thepeninsulatokyo,2025-05-17T01:00:13.000Z,329,2,Sidecar,,,,,,,,,,,,,,,,,,,,,,,,,,,,,,
thecapitolhoteltokyu,2025-08-18T12:00:54.000Z,188,0,Image,ザキャピトルホテル東急,溜池山王,赤坂,ヴィーガンブレックファスト,ヴィーガン朝食,ホテル朝食,ウェルビーイング,ラグジュアリーホテル,おもてなし,TheCapitolHotelTokyu,LuxuryCapitolHotel,VisitJapan,LuxuryTokyo,LuxuryJapan,Omotenashi,VeganBreakfast,,,,,,,,,,,,,,
thepeninsulatokyo,2025-04-26T00:18:09.000Z,676,2,Sidecar,,,,,,,,,,,,,,,,,,,,,,,,,,,,,,
thepeninsulatokyo,2025-04-27T08:53:07.000Z,828,1,Sidecar,,,,,,,,,,,,,,,,,,,,,,,,,,,,,,
thecapitolhoteltokyu,2025-08-28T12:02:23.000Z,201,0,Sidecar,ザキャピトルホテル東急,中国料理星ヶ岡,溜池山王,赤坂,おもてなし,ラグジュアリーホテル,小樽,中国料理,TheCapitolHotelTokyu,StarHill,LuxuryCapitolHotel,VisitJapan,LuxuryTokyo,LuxuryJapan,Omotenashi,,,,,,,,,,,,,,,
thecapitolhoteltokyu,2025-08-24T02:00:53.000Z,266,2,Image,ザキャピトルホテル東急,溜池山王,赤坂,ラグジュアリーホテル,ホテルスイーツ,シャインマスカット,TheCapitolHotelTokyu,VisitJapan,LuxuryTokyo,LuxuryJapan,Omotenashi,,,,,,,,,,,,,,,,,,,
thepeninsulatokyo,2025-04-29T00:57:10.000Z,433,3,Sidecar,,,,,,,,,,,,,,,,,,,,,,,,,,,,,,
thecapitolhoteltokyu,2025-08-30T11:45:35.000Z,153,1,Video,ザキャピトルホテル東急,CapitolMoments,CapitolMoments.,,,,,,,,,,,,,,,,,,,,,,,,,,,
thecapitolhoteltokyu,2025-09-01T02:16:17.000Z,117,1,Video,TheCapitolHotelTokyu,,,,,,,,,,,,,,,,,,,,,,,,,,,,,
thecapitolhoteltokyu,2025-08-12T09:56:00.000Z,265,2,Video,CapitolMoments,CapitolMoments.,ザキャピトルホテル東急,TheCapitolHotelTokyu,,,,,,,,,,,,,,,,,,,,,,,,,,
thecapitolhoteltokyu,2025-08-15T10:41:58.000Z,156,2,Video,TheCapitolHotelTokyu,,,,,,,,,,,,,,,,,,,,,,,,,,,,,
thecapitolhoteltokyu,2025-08-16T09:00:42.000Z,205,0,Sidecar,CapitolMoments,CapitolMoments.,ザキャピトルホテル東急,溜池山王,赤坂,和の風情,夏の日差し,ラグジュアリーホテル,おもてなし,TheCapitolHotelTokyu,JapaneseStyleRoom,TokyoGetaway,Omotenashi,VisitJapan,LuxuryTokyo,LuxuryJapan,,,,,,,,,,,,,,
peninsulahotels,2025-04-25T17:20:03.000Z,323609,9,Video,,,,,,,,,,,,,,,,,,,,,,,,,,,,,,
peninsulahotels,2025-04-23T01:15:34.000Z,92060,10,Video,,,,,,,,,,,,,,,,,,,,,,,,,,,,,,
peninsulahotels,2025-04-20T12:16:44.000Z,143450,21,Video,,,,,,,,,,,,,,,,,,,,,,,,,,,,,,
peninsulahotels,2025-04-16T03:01:08.000Z,2084,9,Video,,,,,,,,,,,,,,,,,,,,,,,,,,,,,,
thepeninsulatokyo,2025-03-27T07:23:48.000Z,579,1,Image,,,,,,,,,,,,,,,,,,,,,,,,,,,,,,
thepeninsulatokyo,2025-04-07T04:44:12.000Z,313,3,Sidecar,,,,,,,,,,,,,,,,,,,,,,,,,,,,,,
thepeninsulatokyo,2025-04-12T02:00:10.000Z,686,4,Sidecar,,,,,,,,,,,,,,,,,,,,,,,,,,,,,,
thepeninsulatokyo,2025-04-06T03:11:07.000Z,730,6,Sidecar,,,,,,,,,,,,,,,,,,,,,,,,,,,,,,
thepeninsulatokyo,2025-03-26T09:45:50.000Z,330,2,Sidecar,,,,,,,,,,,,,,,,,,,,,,,,,,,,,,
thepeninsulatokyo,2025-04-14T00:30:10.000Z,578,4,Sidecar,,,,,,,,,,,,,,,,,,,,,,,,,,,,,,
thepeninsulatokyo,2025-04-04T07:30:13.000Z,945,3,Sidecar,,,,,,,,,,,,,,,,,,,,,,,,,,,,,,
thecapitolhoteltokyu,2025-07-15T12:00:26.000Z,94,0,Sidecar,VisitJapan,LuxuryTokyo,LuxuryJapan,TheCapitolHotelTokyu,Kagurazaka,DiscoverTokyo,ザキャピトルホテル東急,溜池山王,赤坂,神楽坂,東京観光,,,,,,,,,,,,,,,,,,,
thecapitolhoteltokyu,2025-07-22T12:01:22.000Z,196,2,Image,ザキャピトルホテル東急,溜池山王,赤坂,ラグジュアリーホテル,フロート,TheCapitolHotelTokyu,CapitolHotel,VisitJapan,LuxuryTokyo,LuxuryJapan,omotenashi,,,,,,,,,,,,,,,,,,,
thecapitolhoteltokyu,2025-07-20T12:00:46.000Z,277,0,Image,ザキャピトルホテル東急,溜池山王,赤坂,ラグジュアリーホテル,東京ビュー,ビューバス,TheCapitolHotelTokyu,CapitolHotel,VisitJapan,LuxuryTokyo,LuxuryJapan,Omotenashi,,,,,,,,,,,,,,,,,,
thecapitolhoteltokyu,2025-07-26T12:00:55.000Z,225,0,Sidecar,ザキャピトルホテル東急,溜池山王,赤坂,水簾,懐石,5つ星ホテル,鮎,ラグジュアリーホテル,おもてなし,TheCapitolHotelTokyu,VisitJapan,LuxuryTokyo,LuxuryJapan,Omotenashi,Suiren,Kaiseki,Washoku,,,,,,,,,,,,,
thecapitolhoteltokyu,2025-08-04T12:00:38.000Z,208,0,Image,ザキャピトルホテル東急,溜池山王,赤坂,ラグジュアリーホテル,ホテルルームサービス,ルームサービス,TheCapitolHotelTokyu,CapitolHotel,VisitJapan,LuxuryTokyo,LuxuryJapan,Omotenashi,roomservice,InRoomDining,,,,,,,,,,,,,,,,
thecapitolhoteltokyu,2025-08-07T12:00:49.000Z,204,1,Sidecar,ザキャピトルホテル東急,溜池山王,赤坂,ラグジュアリーホテル,おもてなし,TheCapitolHotelTokyu,VisitJapan,LuxuryTokyo,LuxuryJapan,Omotenashi,Summerstay,,,,,,,,,,,,,,,,,,,
thecapitolhoteltokyu,2025-09-12T12:02:06.000Z,219,0,Sidecar,CapitolMoments,CapitolMoments.,ザキャピトルホテル東急,キャピトルホテル,東京ラグジュアリー,ラグジュアリーホテル,日本のおもてなし,大人の東京旅,ホテル開業15周年記念,アニバーサリープラン,TheCapitolHotelTokyu,TokyoLuxury,LuxuryHotelTokyo,JapaneseHospitality,Omotenashi,TokyoExperience,,,,,,,,,,,,,,
thecapitolhoteltokyu,2025-07-17T12:00:45.000Z,224,0,Sidecar,ザキャピトルホテル東急,溜池山王,赤坂,ラグジュアリーホテル,TheCapitolHotelTokyu,CapitolHotel,VisitJapan,LuxuryTokyo,LuxuryJapan,Omotenashi,,,,,,,,,,,,,,,,,,,,
thecapitolhoteltokyu,2025-07-29T13:16:08.000Z,189,0,Image,ザキャピトルホテル東急,キャピトルホテル,溜池山王,赤坂,TheCapitolHotelTokyu,VisitJapan,LuxuryTokyo,LuxuryJapan,Omotenashi,,,,,,,,,,,,,,,,,,,,,
thecapitolhoteltokyu,2025-08-02T11:51:23.000Z,329,1,Sidecar,キャピトルホテル東急,溜池山王,赤坂,生け花,草月,フラワーアレンジメント,ロビー装花,TheCapitolHotelTokyu,CapitolHotel,LuxuryTokyo,LuxuryJapan,SeasonalArt,sogetsu,SogetsuIkebana,flowerstagram,,,,,,,,,,,,,,,
thepeninsulatokyo,2025-04-03T08:43:21.000Z,314,6,Sidecar,,,,,,,,,,,,,,,,,,,,,,,,,,,,,,
thecapitolhoteltokyu,2025-09-21T12:00:00.000Z,139,1,Image,ザキャピトルホテル東急,キャピトルホテル東急,東京ラグジュアリー,ラグジュアリーホテル,ORIGAMI,トリュフ,大人のご褒美,サステナブルスイーツ,TheCapitolHotelTokyu,TokyoLuxury,LuxuryHotelTokyo,Truffle,GourmetTreats,SDGs週間,,,,,,,,,,,,,,,,
thepeninsulatokyo,2025-03-30T01:52:17.000Z,546,7,Video,,,,,,,,,,,,,,,,,,,,,,,,,,,,,,
thecapitolhoteltokyu,2025-07-25T04:46:32.000Z,217,0,Image,かき氷の日」。,ザキャピトルホテル東急,溜池山王,赤坂,かき氷の日,かき氷,ホテルスイーツ,星ヶ岡,ひんやりスイーツ,TheCapitolHotelTokyu,VisitJapan,LuxuryTokyo,LuxuryJapan,Omotenashi,Japanesesummer,kakigori,shavedice,🍧,,,,,,,,,,,,
thecapitolhoteltokyu,2025-07-23T08:56:32.000Z,211,1,Video,TheCapitolHotelTokyu,Omotenashi,ザキャピトルホテル東急,キャピトルホテル東急,ロンドン,,,,,,,,,,,,,,,,,,,,,,,,,
thecapitolhoteltokyu,2025-07-06T12:15:19.000Z,131,0,Video,ザキャピトルホテル東急,TheCapitolHotel,中国料理星ヶ岡,,,,,,,,,,,,,,,,,,,,,,,,,,,
thepeninsulatokyo,2025-03-29T11:07:11.000Z,661,4,Sidecar,,,,,,,,,,,,,,,,,,,,,,,,,,,,,,
thecapitolhoteltokyu,2025-06-26T12:28:39.000Z,294,0,Image,ザキャピトルホテル東急,溜池山王,赤坂,ラグジュアリーホテル,5つ星ホテル,おもてなし,TheCapitolHotelTokyu,LuxuryCapitolHotel,VisitJapan,LuxuryTokyo,LuxuryJapan,Omotenashi,,,,,,,,,,,,,,,,,,
thepeninsulatokyo,2025-03-05T08:59:03.000Z,407,3,Image,,,,,,,,,,,,,,,,,,,,,,,,,,,,,,
thecapitolhoteltokyu,2025-07-09T12:01:03.000Z,269,0,Sidecar,ザキャピトルホテル東急,溜池山王,赤坂,ORIGAMI,冷麺,夏グルメ,TheCapitolHotelTokyu,VisitJapan,LuxuryTokyo,Omotenashi,,,,,,,,,,,,,,,,,,,,
thepeninsulatokyo,2025-03-07T09:16:07.000Z,748,3,Sidecar,,,,,,,,,,,,,,,,,,,,,,,,,,,,,,
thecapitolhoteltokyu,2025-06-29T12:15:00.000Z,254,0,Image,ザキャピトルホテル東急,溜池山王,赤坂,ホテルバー,キャピトルバー,モヒート,VisitJapan,LuxuryTokyo,LuxuryJapan,thecapitolhoteltokyu,,,,,,,,,,,,,,,,,,,,
thepeninsulatokyo,2025-03-09T01:00:07.000Z,743,3,Image,,,,,,,,,,,,,,,,,,,,,,,,,,,,,,
thepeninsulatokyo,2025-03-08T02:00:15.000Z,394,5,Image,国際女性デー,,,,,,,,,,,,,,,,,,,,,,,,,,,,,
thecapitolhoteltokyu,2025-07-02T12:00:00.000Z,302,1,Sidecar,ザキャピトルホテル東急,溜池山王,赤坂,生け花,草月,ロビー装花,TheCapitolHotelTokyu,CapitolHotel,visitjapan,LuxuryTokyo,Ikebana,Sougetsu,hotellobby,,,,,,,,,,,,,,,,,
thepeninsulatokyo,2025-03-15T05:07:11.000Z,839,5,Sidecar,,,,,,,,,,,,,,,,,,,,,,,,,,,,,,
thecapitolhoteltokyu,2025-07-12T12:00:01.000Z,210,0,Image,ザキャピトルホテル東急,溜池山王,赤坂,ラグジュアリーホテル,持続可能,木製カードキー,SDGs,TheCapitolHotelTokyu,CapitolHotel,VisitJapan,LuxuryTokyo,LuxuryJapan,Omotenashi,,,,,,,,,,,,,,,,,
thepeninsulatokyo,2025-02-27T09:55:09.000Z,672,3,Sidecar,,,,,,,,,,,,,,,,,,,,,,,,,,,,,,
thepeninsulatokyo,2025-03-19T09:50:12.000Z,622,8,Sidecar,,,,,,,,,,,,,,,,,,,,,,,,,,,,,,
thecapitolhoteltokyu,2025-06-27T12:01:29.000Z,99,0,Sidecar,VisitJapan,LuxuryTokyo,LuxuryJapan,TheCapitolHotelTokyu,Sensoji,DiscoverTokyo,ザキャピトルホテル東急,溜池山王,赤坂,浅草寺,浅草,東京観光,,,,,,,,,,,,,,,,,,
thecapitolhoteltokyu,2025-07-07T12:00:29.000Z,433,0,Sidecar,ザキャピトルホテル東急,溜池山王,赤坂,ホテルスイーツ,かき氷,TheCapitolHotelTokyu,LuxuryCapitolHotel,VisitJapan,LuxuryTokyo,Omotenashi,,,,,,,,,,,,,,,,,,,,
thepeninsulatokyo,2025-03-13T03:38:47.000Z,335,2,Image,,,,,,,,,,,,,,,,,,,,,,,,,,,,,,
thecapitolhoteltokyu,2025-07-10T12:00:15.000Z,158,0,Image,ザキャピトルホテル東急,溜池山王,赤坂,ラグジュアリーホテル,梅雨,雨の日,TheCapitolHotelTokyu,LuxuryCapitolHotel,VisitJapan,LuxuryTokyo,LuxuryJapan,Omotenashi,fivestarhotel,Japanesehospitality,,,,,,,,,,,,,,,,
thepeninsulatokyo,2025-03-24T07:48:10.000Z,403,2,Sidecar,,,,,,,,,,,,,,,,,,,,,,,,,,,,,,
thecapitolhoteltokyu,2025-07-14T09:58:43.000Z,184,0,Video,ザキャピトルホテル東急,溜池山王,赤坂,中国料理,星ヶ岡,TheCapitolHotelTokyu,CapitolHotel,VisitJapan,LuxuryTokyo,LuxuryJapan,Omotenashi,Hoshigaoka,,,,,,,,,,,,,,,,,,
thecapitolhoteltokyu,2025-07-31T10:38:25.000Z,158,3,Video,TheCapitolHotelTokyu,,,,,,,,,,,,,,,,,,,,,,,,,,,,,
thepeninsulatokyo,2025-04-05T02:00:00.000Z,287,3,Video,,,,,,,,,,,,,,,,,,,,,,,,,,,,,,
thecapitolhoteltokyu,2025-09-30T12:03:34.000Z,114,2,Video,増上寺,ザキャピトルホテル東急,,,,,,,,,,,,,,,,,,,,,,,,,,,,
thecapitolhoteltokyu,2025-10-13T12:01:10.000Z,195,0,Video,GoodMorningTokyo,ザキャピトルホテル東急,CapitolMoments,CapitolMoments.,,,,,,,,,,,,,,,,,,,,,,,,,,
thecapitolhoteltokyu,2025-10-03T10:30:10.000Z,265,0,Image,クリスマスケーキ,クリスマス2025,ザキャピトルホテル東急,東京ホテル,赤坂,TheCapitolHotelTokyu,JapaneseChristmasCake,TokyoLuxuryHotel,Christmascake2025,ChristmasInTokyo,,,,,,,,,,,,,,,,,,,,
thecapitolhoteltokyu,2025-05-30T12:00:00.000Z,178,0,Sidecar,VisitJapan,LuxuryTokyo,LuxuryJapan,TheCapitolHotelTokyu,TokyoShrine,ザキャピトルホテル東急,溜池山王,赤坂,ラグジュアリーホテル,あじさい,紫陽花,東京観光,白山神社,,,,,,,,,,,,,,,,,
thecapitolhoteltokyu,2025-09-04T12:02:54.000Z,342,0,Image,ザキャピトルホテル東急,星に願いを,東京ラグジュアリー,ラグジュアリーホテル,日本のおもてなし,大人の東京旅,TheCapitolHotelTokyu,TokyoLuxury,LuxuryHotelTokyo,JapaneseHospitality,Omotenashi,DiscoverTokyo,TokyoExperience,,,,,,,,,,,,,,,,,
thecapitolhoteltokyu,2025-06-05T03:15:07.000Z,122,0,Sidecar,TheCapitolHotelTokyu,CapitolHotel,LuxuryCapitolHotel,VisitJapan,LuxuryTokyo,LuxuryJapan,WorldEnvironmentDay,ザキャピトルホテル東急,溜池山王,赤坂,世界環境デー,,,,,,,,,,,,,,,,,,,
thecapitolhoteltokyu,2025-06-13T12:00:16.000Z,273,0,Sidecar,ザキャピトルホテル東急,溜池山王,赤坂,ホテル中華,冷麺,星ヶ岡冷麺,星ヶ岡,TheCapitolHotelTokyu,VisitJapan,LuxuryTokyo,LuxuryJapan,Hoshigaoka,,,,,,,,,,,,,,,,,,
thecapitolhoteltokyu,2025-06-24T12:00:57.000Z,220,1,Sidecar,ザキャピトルホテル東急,溜池山王,赤坂,クッキー缶,ホテルクッキー缶,ホテルスイーツ,5つ星ホテル,TheCapitolHotelTokyu,VisitJapan,LuxuryTokyo,LuxuryJapan,fivestarhotel,Omotenashi,,,,,,,,,,,,,,,,,
thecapitolhoteltokyu,2025-09-02T12:00:00.000Z,311,1,Sidecar,キャピトルホテル東急,溜池山王,赤坂,生け花,草月,東京ホテル,日本の美,大人の東京旅,フラワーアレンジメント,ロビー装花,TheCapitolHotelTokyu,CapitolHotel,Ikebana,JapaneseArt,TokyoLuxury,Japaneseautumn,DiscoverTokyo,SeasonalArt,Sogetsu,SogetsuIkebana,flowerstagram,,,,,,,,,
thepeninsulatokyo,2025-03-20T01:17:10.000Z,667,3,Sidecar,,,,,,,,,,,,,,,,,,,,,,,,,,,,,,
thecapitolhoteltokyu,2025-06-10T12:00:29.000Z,234,0,Sidecar,ザキャピトルホテル東急,溜池山王,赤坂,石川フェア,能登のために,東急ホテルズ,能登豚,TheCapitolHotelTokyu,CapitolHotel,VisitJapan,LuxuryTokyo,Omotenashi,Ishikawa,Noto,,,,,,,,,,,,,,,,
thepeninsulatokyo,2025-05-24T06:14:04.000Z,452,3,Image,,,,,,,,,,,,,,,,,,,,,,,,,,,,,,
thecapitolhoteltokyu,2025-06-07T12:00:00.000Z,148,0,Sidecar,ザキャピトルホテル東急,キャピトルホテル,溜池山王,赤坂,家族旅行,子連れ旅行,サマートリップ,TheCapitolHotelTokyu,VisitJapan,LuxuryTokyo,LuxuryJapan,Omotenashi,SummerVacation,,,,,,,,,,,,,,,,,
thecapitolhoteltokyu,2025-06-22T12:00:23.000Z,283,0,Sidecar,ザキャピトルホテル東急,溜池山王,赤坂,ラグジュアリーホテル,5つ星ホテル,ホテルラウンジ,おもてなし,TheCapitolHotelTokyu,LuxuryCapitolHotel,VisitJapan,LuxuryTokyo,fivestarhotel,hotellounge,Japanesehospitality,Omotenashi,,,,,,,,,,,,,,,
thecapitolhoteltokyu,2025-09-26T12:06:02.000Z,179,0,Sidecar,ザキャピトルホテル東急,ホテル開業記念メニュー,東京ラグジュアリー,ラグジュアリーホテル,北京ダック,中国料理,星ヶ岡,TheCapitolHotelTokyu,TokyoLuxury,LuxuryHotelTokyo,PekingDuck,ChineseCuisine,,,,,,,,,,,,,,,,,,
thepeninsulatokyo,2025-06-02T10:27:19.000Z,413,3,Sidecar,,,,,,,,,,,,,,,,,,,,,,,,,,,,,,
thecapitolhoteltokyu,2025-06-03T12:10:00.000Z,368,0,Sidecar,ザキャピトルホテル東急,溜池山王,赤坂,生け花,紫陽花,草月,ロビー装花,TheCapitolHotelTokyu,CapitolHotel,VisitJapan,LuxuryTokyo,LuxuryCapitolHotel,Ikebana,Sougetsu,JapaneseFlower,,,,,,,,,,,,,,,
thecapitolhoteltokyu,2025-06-01T05:34:06.000Z,274,2,Sidecar,真珠の日,ザキャピトルホテル東急,溜池山王,赤坂,5つ星ホテル,宴会場鳳凰,TheCapitolHotelTokyu,VisitJapan,LuxuryTokyo,LuxuryJapan,PearlDay,,,,,,,,,,,,,,,,,,,
thepeninsulatokyo,2025-03-22T02:57:50.000Z,573,7,Video,,,,,,,,,,,,,,,,,,,,,,,,,,,,,,
thepeninsulatokyo,2025-03-16T03:46:03.000Z,520,11,Video,,,,,,,,,,,,,,,,,,,,,,,,,,,,,,
thepeninsulatokyo,2025-03-14T10:06:07.000Z,543,5,Image,,,,,,,,,,,,,,,,,,,,,,,,,,,,,,
thecapitolhoteltokyu,2025-06-20T12:00:09.000Z,404,0,Image,ザキャピトルホテル東急,溜池山王,赤坂,フルーツパフェ,ホテルパフェ,TheCapitolHotelTokyu,VisitJapan,LuxuryTokyo,LuxuryJapan,parfaitstagram,fivestarhotel,Omotenashi,,,,,,,,,,,,,,,,,,
thecapitolhoteltokyu,2025-06-18T01:00:17.000Z,232,0,Image,持続可能な食文化の日,ザキャピトルホテル東急,溜池山王,赤坂,フェアトレード,SDGs,TheCapitolHotelTokyu,VisitJapan,LuxuryTokyo,Sustainable,GastronomyDay,Omotenashi,,,,,,,,,,,,,,,,,,
fstokyo,2026-05-29T10:13:03.000Z,311,8,Sidecar,,,,,,,,,,,,,,,,,,,,,,,,,,,,,,
fstokyo,2026-06-03T03:04:02.000Z,213,3,Sidecar,,,,,,,,,,,,,,,,,,,,,,,,,,,,,,
fstokyo,2026-05-22T03:10:00.000Z,188,3,Image,,,,,,,,,,,,,,,,,,,,,,,,,,,,,,
thepeninsulatokyo,2025-06-07T02:00:16.000Z,560,2,Sidecar,,,,,,,,,,,,,,,,,,,,,,,,,,,,,,
fstokyo,2026-04-28T12:05:00.000Z,1237,29,Sidecar,,,,,,,,,,,,,,,,,,,,,,,,,,,,,,
fstokyo,2026-05-18T08:15:00.000Z,225,8,Sidecar,,,,,,,,,,,,,,,,,,,,,,,,,,,,,,
thecapitolhoteltokyu,2025-06-15T00:00:18.000Z,227,1,Image,ザキャピトルホテル東急,溜池山王,赤坂,父の日,ホテルレストラン,TheCapitolHotelTokyu,VisitJapan,LuxuryTokyo,LuxuryJapan,FathersDay,Omotenashi,,,,,,,,,,,,,,,,,,,
thecapitolhoteltokyu,2025-10-24T22:00:11.000Z,121,1,Image,ザキャピトルホテル東急,東京ラグジュアリーホテル,赤坂,5つ星ホテル,モーニングコーヒー,ホテルステイ,TheCapitolHotelTokyu,TokyoluxuaryHotel,FiveStarHotelTokyo,TokyoStay,HotelLife,,,,,,,,,,,,,,,,,,,
thecapitolhoteltokyu,2025-10-26T12:00:37.000Z,206,1,Sidecar,ザキャピトルホテル東急,東京ラグジュアリーホテル,赤坂,5つ星ホテル,クリスマスステイ,クリスマス2025,TheCapitolHotelTokyu,TokyoluxuaryHotel,FiveStarHotelTokyo,ChristmasStay,AnniversaryChristmas,,,,,,,,,,,,,,,,,,,
fstokyo,2026-06-02T11:50:02.000Z,101,0,Sidecar,,,,,,,,,,,,,,,,,,,,,,,,,,,,,,
fstokyo,2026-06-09T02:45:01.000Z,106,4,Sidecar,,,,,,,,,,,,,,,,,,,,,,,,,,,,,,
maisonmarunouchi,2026-05-14T23:52:04.000Z,285,2,Sidecar,,,,,,,,,,,,,,,,,,,,,,,,,,,,,,
thecapitolhoteltokyu,2025-10-22T01:08:21.000Z,242,2,Video,ザキャピトルホテル東急,TheCapitolHotelTokyu,,,,,,,,,,,,,,,,,,,,,,,,,,,,
thepeninsulatokyo,2025-05-31T02:17:05.000Z,237,1,Image,,,,,,,,,,,,,,,,,,,,,,,,,,,,,,
fstokyo,2026-04-29T00:00:00.000Z,571,34,Sidecar,,,,,,,,,,,,,,,,,,,,,,,,,,,,,,
fstokyo,2026-05-27T01:11:04.000Z,157,0,Sidecar,,,,,,,,,,,,,,,,,,,,,,,,,,,,,,
fstokyo,2026-05-03T11:35:00.000Z,126,1,Sidecar,,,,,,,,,,,,,,,,,,,,,,,,,,,,,,
thecapitolhoteltokyu,2025-10-28T12:00:12.000Z,208,0,Sidecar,CapitolMoments,CapitolMoments.,ザキャピトルホテル東急,東京ラグジュアリー,ラグジュアリーホテル,松茸懐石,日本料理,水簾,赤坂,秋の味覚,TheCapitolHotelTokyu,TokyoLuxury,LuxuryHotelTokyo,Kaiseki,JapaneseCuisine,FineDiningTokyo,,,,,,,,,,,,,,
thepeninsulatokyo,2025-06-17T05:15:24.000Z,374,0,Sidecar,,,,,,,,,,,,,,,,,,,,,,,,,,,,,,
thecapitolhoteltokyu,2025-10-27T12:00:11.000Z,174,1,Sidecar,ザキャピトルホテル東急,東京ラグジュアリー,中国料理,星ヶ岡,赤坂中華,上海蟹,赤坂ディナーコース,TheCapitolHotelTokyu,TokyoluxuaryHotel,Hoshigaoka,ShanghaiCrab,ChineseFineDining,LuxuryDinner,FineDiningTokyo,,,,,,,,,,,,,,,,
thecapitolhoteltokyu,2025-10-30T12:00:35.000Z,209,1,Sidecar,CapitolMoments,CapitolMoments.,ザキャピトルホテル東急,赤坂,ホテルステイ,ラグジュアリーホテル,おもてなし,TheCapitolHotelTokyu,TokyoluxuaryHotel,TokyoLuxury,Omotenashi,VisitJapan,LuxuryTokyo,LuxuryJapan,,,,,,,,,,,,,,,,
thecapitolhoteltokyu,2025-11-11T12:01:36.000Z,119,0,Image,TheCapitolHotelTokyu,TokyoluxuaryHotel,FiveStarHotelTokyo,AroundTokyo,TokyoWalks,ザキャピトルホテル東急,東京ラグジュアリーホテル,赤坂,街歩き,夜景散策,,,,,,,,,,,,,,,,,,,,
fstokyo,2026-05-11T08:20:00.000Z,319,8,Sidecar,,,,,,,,,,,,,,,,,,,,,,,,,,,,,,
thecapitolhoteltokyu,2025-11-13T12:01:18.000Z,772,2,Image,ザキャピトルホテル東急,クリスマスパフェ,ホテルパフェ,東京ラグジュアリーホテル,赤坂,冬限定スイーツ,TheCapitolHotelTokyu,TokyoluxuaryHotel,FiveStarHotelTokyo,FestiveDessert,SeasonalSweets,,,,,,,,,,,,,,,,,,,
thecapitolhoteltokyu,2025-11-01T02:30:06.000Z,443,1,Sidecar,クリスマスケーキ,クリスマス2025,ザキャピトルホテル東急,クリスマススイーツ,ホリデーシーズン,東京ラグジュアリーホテル,赤坂,TheCapitolHotelTokyu,ChristmasCake,ORIGAMI,FestiveSweets,HolidaySeason,Christmascake2025,ChristmasInTokyo,,,,,,,,,,,,,,,,
thecapitolhoteltokyu,2025-10-21T12:01:44.000Z,185,2,Sidecar,ザキャピトルホテル東急,東京ラグジュアリーホテル,SaRyoh,クラブラウンジ,カクテルタイム,赤坂,5つ星ホテル,東京夜景,TheCapitolHotelTokyu,ClubLounge,TokyoluxuaryHotel,TokyoNightView,,,,,,,,,,,,,,,,,,
thecapitolhoteltokyu,2025-11-07T05:07:55.000Z,210,0,Image,立冬,ザキャピトルホテル東急,東京ラグジュアリーホテル,立冬の日,赤坂,5つ星ホテル,TheCapitolHotelTokyu,TokyoluxuaryHotel,JapaneseSeasons,TokyoInAutumn,,,,,,,,,,,,,,,,,,,,
thecapitolhoteltokyu,2025-06-30T08:43:18.000Z,142,2,Video,PreferredPineappleWeek,ThePreferredLife,,,,,,,,,,,,,,,,,,,,,,,,,,,,
fstokyo,2026-03-02T07:35:00.000Z,112,0,Sidecar,,,,,,,,,,,,,,,,,,,,,,,,,,,,,,
fstokyo,2026-03-13T12:25:00.000Z,122,4,Sidecar,fstokyorelaunch,,,,,,,,,,,,,,,,,,,,,,,,,,,,,
fstokyo,2026-03-24T14:30:00.000Z,90,0,Sidecar,,,,,,,,,,,,,,,,,,,,,,,,,,,,,,
sezannetokyo,2026-03-25T14:24:32.000Z,-1,12,Image,asias50best,asias50bestrestaurants,,,,,,,,,,,,,,,,,,,,,,,,,,,,
fstokyo,2026-04-02T03:35:00.000Z,152,1,Sidecar,,,,,,,,,,,,,,,,,,,,,,,,,,,,,,
fstokyo,2026-04-01T09:10:00.000Z,403,15,Image,,,,,,,,,,,,,,,,,,,,,,,,,,,,,,
thepeninsulatokyo,2025-06-26T09:55:18.000Z,545,2,Sidecar,,,,,,,,,,,,,,,,,,,,,,,,,,,,,,
fstokyo,2026-03-30T03:19:49.000Z,196,2,Sidecar,fstokyorelaunch,,,,,,,,,,,,,,,,,,,,,,,,,,,,,
thepeninsulatokyo,2025-06-23T11:09:06.000Z,899,5,Sidecar,,,,,,,,,,,,,,,,,,,,,,,,,,,,,,
fstokyo,2026-04-22T05:38:10.000Z,254,3,Sidecar,fstokyorelaunch,,,,,,,,,,,,,,,,,,,,,,,,,,,,,
thepeninsulatokyo,2025-07-02T10:16:12.000Z,264,4,Sidecar,,,,,,,,,,,,,,,,,,,,,,,,,,,,,,
thepeninsulatokyo,2025-07-04T10:47:05.000Z,362,2,Sidecar,,,,,,,,,,,,,,,,,,,,,,,,,,,,,,
fstokyo,2026-04-26T11:35:00.000Z,203,3,Sidecar,fstokyo,,,,,,,,,,,,,,,,,,,,,,,,,,,,,
thepeninsulatokyo,2025-06-19T07:59:40.000Z,483,6,Image,,,,,,,,,,,,,,,,,,,,,,,,,,,,,,
thepeninsulatokyo,2025-06-30T12:05:10.000Z,225,3,Video,,,,,,,,,,,,,,,,,,,,,,,,,,,,,,
ritzcarltontokyo,2023-08-09T12:01:01.000Z,372,0,Image,RitzCarltonTokyo,RCMemories,リッツカールトン東京,suites,hotelstay,,,,,,,,,,,,,,,,,,,,,,,,,
ritzcarltontokyo,2023-09-05T11:09:13.000Z,783,2,Sidecar,RitzCarltonTokyo,RCMemories,リッツカールトン東京,夜景,スイートルーム,ホテルスイート,,,,,,,,,,,,,,,,,,,,,,,,
ritzcarltontokyo,2023-08-29T11:36:00.000Z,586,1,Sidecar,RitzCarltonTokyo,RCMemories,ClubLounge,リッツカールトン東京,,,,,,,,,,,,,,,,,,,,,,,,,,
thepeninsulatokyo,2025-06-28T06:59:08.000Z,546,2,Sidecar,,,,,,,,,,,,,,,,,,,,,,,,,,,,,,
fstokyo,2026-04-15T01:27:10.000Z,163,1,Sidecar,fstokyorelaunch,,,,,,,,,,,,,,,,,,,,,,,,,,,,,
ritzcarltontokyo,2023-08-31T10:00:51.000Z,1623,3,Image,アフタヌーンティー,RitzCarltonTokyo,RCMemories,RCTokyo,Afternoontea,,,,,,,,,,,,,,,,,,,,,,,,,
ritzcarltontokyo,2023-08-26T03:19:38.000Z,301,1,Sidecar,BartenderTakeover,MixologyMastery,CocktailDelights,TropicCity,ChivasCocktails,,,,,,,,,,,,,,,,,,,,,,,,,
ritzcarltontokyo,2023-08-11T12:12:21.000Z,594,5,Sidecar,アジュールフォーティーファイブ,RitzCarltonTokyo,RCMemories,リッツカールトン東京,azure45,フレンチダイニング,,,,,,,,,,,,,,,,,,,,,,,,
ritzcarltontokyo,2023-09-06T11:00:17.000Z,1706,4,Sidecar,芸術の秋,RitzCarltonTokyo,RCMemories,リッツカールトン東京,,,,,,,,,,,,,,,,,,,,,,,,,,
ritzcarltontokyo,2023-08-15T09:16:40.000Z,1651,2,Sidecar,RitzCarltonTokyo,RCMemories,リッツカールトン東京,インルームダイニング,ホテルステイ,,,,,,,,,,,,,,,,,,,,,,,,,
ritzcarltontokyo,2023-08-25T09:42:36.000Z,738,2,Image,サンセット。本日も1日お疲れ様でした。,RitzCarltonTokyo,RCMemories,sunset,,,,,,,,,,,,,,,,,,,,,,,,,,
ritzcarltontokyo,2023-08-10T12:03:22.000Z,284,1,Sidecar,RCmemories,RitzCarltonTokyo,RitzKids,リッツキッズ,リッツカールトン東京,,,,,,,,,,,,,,,,,,,,,,,,,
ritzcarltontokyo,2023-09-12T11:45:44.000Z,390,4,Image,RitzCarltonTokyo,RCMemories,リッツカールトン東京,,,,,,,,,,,,,,,,,,,,,,,,,,,
fstokyo,2026-04-24T11:15:00.000Z,338,6,Sidecar,fstokyorelaunch,,,,,,,,,,,,,,,,,,,,,,,,,,,,,
ritzcarltontokyo,2023-08-19T03:00:30.000Z,1837,7,Image,スイートルーム,RitzCarltonTokyo,RCMemories,LuxuryAccommodation,CornerSuite,PanoramicViews,TokyoCityscape,リッツカールトン東京,,,,,,,,,,,,,,,,,,,,,,
thecapitolhoteltokyu,2025-05-06T12:00:00.000Z,892,2,Image,ザキャピトルホテル東急,溜池山王,赤坂,ホテルスィーツ,パフェ,抹茶スィーツ,ホテルパフェ,TheCapitolHotelTokyu,CapitolHotel,VisitJapan,LuxuryTokyo,parfaitstagram,,,,,,,,,,,,,,,,,,
fstokyo,2026-02-18T11:14:41.000Z,229,5,Video,fstokyorelaunch,,,,,,,,,,,,,,,,,,,,,,,,,,,,,
fstokyo,2026-02-24T08:14:28.000Z,707,2,Sidecar,,,,,,,,,,,,,,,,,,,,,,,,,,,,,,
thecapitolhoteltokyu,2025-05-04T06:00:00.000Z,306,1,Sidecar,ザキャピトルホテル東急,溜池山王,赤坂,スイートルーム,みどりの日,TheCapitolHotelTokyu,CapitolHotel,VisitJapan,LuxuryTokyo,LuxuryJapan,,,,,,,,,,,,,,,,,,,,
fstokyo,2026-04-05T12:35:00.000Z,181,0,Sidecar,,,,,,,,,,,,,,,,,,,,,,,,,,,,,,
fstokyo,2026-02-26T03:45:00.000Z,127,5,Video,fstokyorelaunch,,,,,,,,,,,,,,,,,,,,,,,,,,,,,
thecapitolhoteltokyu,2025-04-30T12:00:18.000Z,222,1,Sidecar,TokyoStation,KITTEMarunouchi,KengoKuma,TokyoArchitecture,LuxuryTokyo,TheCapitolHotelTokyu,ザキャピトルホテル東急,東京駅,辰野金吾,KITTE丸の内,隈研吾,東京観光,,,,,,,,,,,,,,,,,,
thecapitolhoteltokyu,2025-04-22T04:00:24.000Z,162,0,Sidecar,EarthDay,TheCapitolHotelTokyu,VisitJapan,LuxuryTokyo,LuxuryJapan,アースデイ,ザキャピトルホテル東急,溜池山王,赤坂,サステナブル,,,,,,,,,,,,,,,,,,,,
thecapitolhoteltokyu,2025-04-11T12:00:26.000Z,151,0,Image,ResponsibleHospitality,TheVERIFIEDResponsibleHospitality,ForbesTravelGuide,TheCapitolHotelTokyu,ザキャピトルホテル東急,,,,,,,,,,,,,,,,,,,,,,,,,
thecapitolhoteltokyu,2025-04-25T12:00:25.000Z,312,1,Image,ザキャピトルホテル東急,溜池山王,赤坂,ホテルスィーツ,ロールケーキ,TheCapitolHotelTokyu,CapitolHotel,VisitJapan,LuxuryTokyo,LuxuryJapan,,,,,,,,,,,,,,,,,,,,
thecapitolhoteltokyu,2025-04-29T12:00:18.000Z,273,2,Sidecar,ザキャピトルホテル東急,溜池山王,赤坂,日本料理,水簾,東京天婦羅,TheCapitolHotelTokyu,CapitolHotel,LuxuryTokyo,LuxuryJapan,Washoku,Tempura,,,,,,,,,,,,,,,,,,
ritzcarltontokyo,2023-07-18T12:00:14.000Z,545,5,Image,グラスホッパー,RitzCarltonTokyo,RCMemories,HotelBar,リッツカールトン東京,ホテルバー,,,,,,,,,,,,,,,,,,,,,,,,
thecapitolhoteltokyu,2025-04-27T12:00:37.000Z,199,1,Sidecar,ザキャピトルホテル東急,溜池山王,赤坂,ラグジュアリーホテル,静寂な空間,TheCapitolHotelTokyu,CapitolHotel,VisitJapan,LuxuryTokyo,LuxuryJapan,,,,,,,,,,,,,,,,,,,,
thecapitolhoteltokyu,2025-04-18T12:00:51.000Z,477,2,Image,ザキャピトルホテル東急,溜池山王,赤坂,排骨拉麺,パーコー麺,キャピトルメニュー,TheCapitolHotelTokyu,CapitolHotel,VisitJapan,LuxuryTokyo,LuxuryJapan,TokyoRamen,,,,,,,,,,,,,,,,,,
thecapitolhoteltokyu,2025-05-07T22:35:16.000Z,236,1,Sidecar,ザキャピトルホテル東急,溜池山王,赤坂,ラグジュアリーホテル,母の日,ホテルスイーツ,TheCapitolHotelTokyu,CapitolHotel,VisitJapan,LuxuryTokyo,LuxuryJapan,MothersDay,,,,,,,,,,,,,,,,,,
ritzcarltontokyo,2023-07-24T09:29:51.000Z,767,6,Image,RitzCarltonTokyo,RCMemories,リッツカールトン東京,ロビーラウンジ,,,,,,,,,,,,,,,,,,,,,,,,,,
thecapitolhoteltokyu,2025-04-07T12:00:00.000Z,221,0,Sidecar,ザキャピトルホテル東急,溜池山王,赤坂,ラグジュアリーホテル,イースターエッグ,ホテルスイーツ,TheCapitolHotelTokyu,VisitJapan,LuxuryTokyo,LuxuryJapan,tokyoeaster,,,,,,,,,,,,,,,,,,,
thecapitolhoteltokyu,2025-04-20T12:00:00.000Z,375,1,Sidecar,ザキャピトルホテル東急,溜池山王,赤坂,東京夜景,TheCapitolHotelTokyu,CapitolHotel,LuxuryTokyo,LuxuryJapan,TokyoSunset,,,,,,,,,,,,,,,,,,,,,
ritzcarltontokyo,2023-07-31T09:16:21.000Z,846,6,Sidecar,RitzCarltonTokyo,RCMemories,SummerVibes,RefreshingDelights,リッツカールトン東京,RCTokyo,パフェ,,,,,,,,,,,,,,,,,,,,,,,
ritzcarltontokyo,2023-07-25T12:00:52.000Z,609,3,Image,RitzCarltonTokyo,RCMemories,AfternoonTea,ClubLounge,クラブラウンジ,アフタヌーンティー,リッツカールトン東京,,,,,,,,,,,,,,,,,,,,,,,
ritzcarltontokyo,2023-08-04T11:35:48.000Z,490,0,Sidecar,RitzCarltonTokyo,RCMemories,リッツカールトン東京,,,,,,,,,,,,,,,,,,,,,,,,,,,
ritzcarltontokyo,2023-08-06T01:16:15.000Z,942,5,Sidecar,RitzCarltonTokyo,RCMemories,リッツカールトン東京,,,,,,,,,,,,,,,,,,,,,,,,,,,
thecapitolhoteltokyu,2025-04-13T12:00:03.000Z,545,1,Sidecar,ザキャピトルホテル東急,溜池山王,赤坂,アフタヌーンティー,春のアフタヌーンティー,TheCapitolHotelTokyu,CapitolHotel,VisitJapan,LuxuryTokyo,LuxuryJapan,Spring,cherryblossom,,,,,,,,,,,,,,,,,,
thecapitolhoteltokyu,2025-04-15T12:00:16.000Z,226,0,Image,ザキャピトルホテル東急,溜池山王,赤坂,ラグジュアリーホテル,夜景,ビューバス,TheCapitolHotelTokyu,CapitolHotel,VisitJapan,LuxuryTokyo,LuxuryJapan,TokyoSkyline,,,,,,,,,,,,,,,,,,
ritzcarltontokyo,2023-07-26T12:11:41.000Z,400,1,Sidecar,TeppanyakiExperience,CulinaryArtistry,RitzCarltonTokyo,RCMemories,リッツカールトン東京,鉄板焼きディナー,ウイスキー,,,,,,,,,,,,,,,,,,,,,,,
ritzcarltontokyo,2023-07-30T03:00:54.000Z,491,1,Sidecar,リッツカールトン東京,ジェニュインウエディング,ホテルウェディング,RitzCarltonTokyo,GenuineWedding,wedding,結婚式,リッツ婚,プレ花嫁,ウェディングフェア,,,,,,,,,,,,,,,,,,,,
ritzcarltontokyo,2023-07-29T03:00:51.000Z,805,4,Image,ブランチ。夏ならではの食材が並ぶ前菜の盛り合わせから、トロリーで運ばれてくる6種類のデザートまで、眺望豊かな空間で贅沢な週末をお過ごしください。,Brunch,RitzCarltonTokyo,RCMemories,リッツカールトン東京,,,,,,,,,,,,,,,,,,,,,,,,,
ritzcarltontokyo,2023-08-06T03:24:03.000Z,458,1,Sidecar,RitzCarltonTokyo,RCMemories,リッツカールトン東京,,,,,,,,,,,,,,,,,,,,,,,,,,,
thecapitolhoteltokyu,2025-04-09T12:06:15.000Z,195,5,Video,ザキャピトルホテル東急,TheCapitolHotelTokyu,,,,,,,,,,,,,,,,,,,,,,,,,,,,
thecapitolhoteltokyu,2025-04-16T12:00:22.000Z,229,0,Sidecar,VisitJapan,LuxuryTokyo,LuxuryJapan,TheCapitolHotelTokyu,TokyoMuseum,ザキャピトルホテル東急,溜池山王,赤坂,ラグジュアリーホテル,根津美術館,表参道,,,,,,,,,,,,,,,,,,,
ritzcarltontokyo,2023-07-12T12:27:35.000Z,448,1,Sidecar,RitzCarltonTokyo,RCMemories,リッツカールトン東京,,,,,,,,,,,,,,,,,,,,,,,,,,,
ritzcarltontokyo,2023-07-28T12:00:41.000Z,749,0,Image,LuxuryExperience,MemorableMoments,RCMemories,RitzCarltonTokyo,ClubLounge,クラブラウンジ,,,,,,,,,,,,,,,,,,,,,,,,
ritzcarltontokyo,2023-06-25T08:00:46.000Z,558,0,Sidecar,RitzCarltonTokyo,RCMemories,ホテルプール,hotelpool,,,,,,,,,,,,,,,,,,,,,,,,,,
ritzcarltontokyo,2023-06-29T03:00:36.000Z,658,1,Image,RCMemories.,,,,,,,,,,,,,,,,,,,,,,,,,,,,,
ritzcarltontokyo,2023-06-30T12:00:03.000Z,449,0,Image,RitzCarltonTokyo,RCmemories,clublounge,クラブラウンジフロア,,,,,,,,,,,,,,,,,,,,,,,,,,
ritzcarltontokyo,2023-07-04T12:00:44.000Z,687,1,Sidecar,アフタヌーンティー,afternoontea,RitzCarltonTokyo,RCMemories,ヌン活,ホテルアフタヌーンティー,,,,,,,,,,,,,,,,,,,,,,,,
ritzcarltontokyo,2023-07-16T12:00:50.000Z,408,4,Image,RitzCarltonTokyo,RCMemories,HotelBar,リッツカールトン東京,ホテルバー,,,,,,,,,,,,,,,,,,,,,,,,,
ritzcarltontokyo,2023-06-22T12:00:08.000Z,504,1,Sidecar,リッツカールトン東京,ジェニュインウエディング,ホテルウェディング,RitzCarltonTokyo,GenuineWedding,wedding,結婚式,リッツ婚,プレ花嫁,,,,,,,,,,,,,,,,,,,,,
thecapitolhoteltokyu,2025-03-16T12:00:33.000Z,201,0,Sidecar,RainbowBridge,Odaiba,JapanTravel,VisitTokyo,VisitJapan,LuxuryTokyo,TheCapitolHotelTokyu,ザキャピトルホテル東急,溜池山王,レインボーブリッジ,お台場,ゆりかもめ,東京湾,東京夜景,,,,,,,,,,,,,,,,
ritzcarltontokyo,2023-08-01T12:00:51.000Z,502,1,Sidecar,モヒート,Mojito,RitzCarltonTokyo,RCTokyo,RCMemories,リッツカールトン東京,カクテル,サマーカクテル,ホテルバー,,,,,,,,,,,,,,,,,,,,,
ritzcarltontokyo,2023-07-14T12:00:57.000Z,718,8,Image,カクテル,cocktail,RitzCarltonTokyo,RCMemories,HotelBar,リッツカールトン東京,ホテルバー,,,,,,,,,,,,,,,,,,,,,,,
thecapitolhoteltokyu,2025-03-17T12:00:21.000Z,284,3,Image,ザキャピトルホテル東急,溜池山王,赤坂,ラグジュアリーホテル,ホテルスイーツ,バナナブレッド,フレンチトースト,バナニエ,TheCapitolHotelTokyu,CapitolHotel,LuxuryCapitolHotel,VisitJapan,LuxuryTokyo,TokyoFoodie,,,,,,,,,,,,,,,,
thecapitolhoteltokyu,2025-03-14T12:00:23.000Z,146,0,Image,ザキャピトルホテル東急,溜池山王,赤坂,ラグジュアリーホテル,世界睡眠デー,TheCapitolHotelTokyu,CapitolHotel,VisitJapan,LuxuryTokyo,tokyoskyline,WorldSleepDay,,,,,,,,,,,,,,,,,,,
thecapitolhoteltokyu,2025-03-19T12:00:15.000Z,240,0,Sidecar,ザキャピトルホテル東急,溜池山王,赤坂,スイートルーム,東京絶景,TheCapitolHotelTokyu,CapitolHotel,VisitJapan,LuxuryTokyo,LuxuryJapan,TokyoSkyline,,,,,,,,,,,,,,,,,,,
thecapitolhoteltokyu,2025-05-02T12:00:00.000Z,414,1,Sidecar,ザキャピトルホテル東急,溜池山王,赤坂,生け花,草月,TheCapitolHotelTokyu,CapitolHotel,VisitJapan,LuxuryTokyo,LuxuryJapan,Ikebana,Sougetsu,,,,,,,,,,,,,,,,,,
ritzcarltontokyo,2023-06-23T09:00:24.000Z,1123,5,Image,マカロン『The,RitzCarltonTokyo,RCMemories,手土産スイーツ,ギフトボックス,,,,,,,,,,,,,,,,,,,,,,,,,
thecapitolhoteltokyu,2025-03-21T12:00:31.000Z,274,1,Sidecar,ザキャピトルホテル東急,溜池山王,赤坂,島根県,中国料理,TheCapitolHotelTokyu,CapitolHotel,VisitJapan,LuxuryTokyo,LuxuryJapan,TokyoFoodie,Shimane_food,Chinesefood,,,,,,,,,,,,,,,,,
ritzcarltontokyo,2023-07-06T11:46:23.000Z,217,0,Sidecar,RitzCarltonTokyo,RCMemories,HotelSpa,ホテルスパ,,,,,,,,,,,,,,,,,,,,,,,,,,
thecapitolhoteltokyu,2025-03-23T12:00:23.000Z,241,1,Sidecar,ザキャピトルホテル東急,溜池山王,赤坂,バスソルト,桜,ホテルアメニティー,TheCapitolHotelTokyu,CapitolHotel,VisitJapan,LuxuryTokyo,LuxuryJapan,sakura_tokyo,blossom,,,,,,,,,,,,,,,,,
thecapitolhoteltokyu,2025-03-27T10:00:10.000Z,482,2,Image,ザキャピトルホテル東急,溜池山王,赤坂,ホテルスイーツ,さくらの日,さくらパフェ,ホテルパフェ,TheCapitolHotelTokyu,CapitolHotel,VisitJapan,LuxuryTokyo,TokyuSakura,Sakura,,,,,,,,,,,,,,,,,
ritzcarltontokyo,2023-06-16T13:54:49.000Z,596,0,Sidecar,RitzCarltonTokyo,RCMemories,Afternoontea,アフタヌーンティー,,,,,,,,,,,,,,,,,,,,,,,,,,
thecapitolhoteltokyu,2025-05-10T12:00:00.000Z,243,1,Sidecar,ザキャピトルホテル東急,溜池山王,赤坂,ご当地フェア,島根,ホテル中華,星ヶ岡,TheCapitolHotelTokyu,CapitolHotel,LuxuryCapitolHotel,VisitJapan,LuxuryTokyo,LuxuryJapan,JapanFoodies,,,,,,,,,,,,,,,,
ritzcarltontokyo,2023-06-18T03:00:09.000Z,578,1,Image,国際寿司の日！日本料理を代表するお寿司を自分の手で握ってみませんか？ひのきざかでは、寿司シェフによる寿司クッキングクラスを開催しております。酢飯の作り方から、寿司の握り方、ネタについてなどを直接職人から学ぶ特別な体験をお楽しみください。,InternationalSushiDay!,RitzCarltonTokyo,RCMemories,,,,,,,,,,,,,,,,,,,,,,,,,,
ritzcarltontokyo,2023-05-29T09:00:04.000Z,956,1,Image,アフタヌーンティー。6月末までご提供のグリーン＆シトラス,AfternoonTea.,RitzCarltonTokyo,RCMemories,,,,,,,,,,,,,,,,,,,,,,,,,,
ritzcarltontokyo,2023-06-17T08:00:28.000Z,527,0,Image,WorldMartiniDay！2種類のジンとマンチーノ,RitzCarltonTokyo,RCMemories,,,,,,,,,,,,,,,,,,,,,,,,,,,
ritzcarltontokyo,2023-06-14T12:00:50.000Z,339,0,Sidecar,フットケア,RitzCarltonTokyo,RCMemories,ホテルスパ,,,,,,,,,,,,,,,,,,,,,,,,,,
ritzcarltontokyo,2023-06-20T12:00:13.000Z,2366,4,Image,アフタヌーンティー,afternoontea,RitzCarltonTokyo,RCMemories,,,,,,,,,,,,,,,,,,,,,,,,,,
ritzcarltontokyo,2023-06-08T10:05:48.000Z,686,4,Sidecar,RitzCarltonTokyo,RCMemories,suiteroom,,,,,,,,,,,,,,,,,,,,,,,,,,,
ritzcarltontokyo,2023-05-24T12:00:24.000Z,1045,1,Image,RitzCarltonTokyo,RCMemories,,,,,,,,,,,,,,,,,,,,,,,,,,,,
ritzcarltontokyo,2023-06-21T08:00:54.000Z,1459,4,Image,RitzCarlton,RCMemories,,,,,,,,,,,,,,,,,,,,,,,,,,,,
thecapitolhoteltokyu,2025-03-31T12:00:10.000Z,191,0,Sidecar,Meijishrine,VisitJapan,LuxuryTokyo,LuxuryJapan,TheCapitolHotelTokyu,ザキャピトルホテル東急,溜池山王,赤坂,明治神宮,東京観光,,,,,,,,,,,,,,,,,,,,
thecapitolhoteltokyu,2025-05-19T12:01:54.000Z,266,1,Sidecar,ザキャピトルホテル東急,溜池山王,赤坂,東京ホテル,パノラマビュー,キャピトルホテル,TheCapitolHotelTokyu,CapitolHotel,VisitJapan,LuxuryTokyo,LuxuryJapan,TokyoSkyLine,,,,,,,,,,,,,,,,,,
thecapitolhoteltokyu,2025-04-03T12:43:26.000Z,534,1,Sidecar,ザキャピトルホテル東急,溜池山王,赤坂,生け花,草月,桜,ロビー装花,TheCapitolHotelTokyu,CapitolHotel,VisitJapan,LuxuryTokyo,LuxuryJapan,sogetsu,cherryblossom,flowerstagram,,,,,,,,,,,,,,,
thecapitolhoteltokyu,2025-04-05T12:00:00.000Z,759,3,Image,ザキャピトルホテル東急,溜池山王,赤坂,ラグジュアリーホテル,ホテルスィーツ,桜スィーツ,桜ロールケーキ,TheCapitolHotelTokyu,VisitJapan,LuxuryTokyo,LuxuryJapan,Sakura,cherryblossom,,,,,,,,,,,,,,,,,
thecapitolhoteltokyu,2025-03-30T13:13:13.000Z,340,5,Video,ザキャピトルホテル東急,東京桜スポット,,,,,,,,,,,,,,,,,,,,,,,,,,,,
ritzcarltontokyo,2023-04-24T12:00:18.000Z,809,3,Sidecar,RitzCarltonTokyo,RCMemories,リッツキッズ,,,,,,,,,,,,,,,,,,,,,,,,,,,
ritzcarltontokyo,2023-06-15T08:28:16.000Z,866,2,Image,RitzCarltonTokyo,RCMemories,,,,,,,,,,,,,,,,,,,,,,,,,,,,
thecapitolhoteltokyu,2025-02-19T12:00:17.000Z,276,2,Sidecar,ザキャピトルホテル東急,溜池山王,赤坂,東京ラグジュアリーホテル,コネクティングルーム,TheCapitolHotelTokyu,LuxuryCapitolHotel,CapitolHotel,VisitJapan,LuxuryTokyo,LuxuryJapan,groupstay,,,,,,,,,,,,,,,,,,
thecapitolhoteltokyu,2025-02-23T03:30:09.000Z,213,1,Image,富士山の日,ザキャピトルホテル東急,溜池山王,赤坂,ラグジュアリーホテル,富士,横山操,日本画,キャピトルアート,TheCapitolHotelTokyu,CapitolHotel,LuxuryCapitolHotel,VisitJapan,LuxuryTokyo,LuxuryJapan,,,,,,,,,,,,,,,
thecapitolhoteltokyu,2025-05-23T12:01:08.000Z,235,0,Sidecar,ザキャピトルホテル東急,溜池山王,赤坂,水簾,懐石,ハレの日,お祝い会食,お顔合わせ,結納,TheCapitolHotelTokyu,CapitolHotel,VisitJapan,LuxuryTokyo,LuxuryJapan,JapaneseRestaurant,Suiren,,,,,,,,,,,,,,
ritzcarltontokyo,2023-05-20T02:55:34.000Z,1462,2,Image,RitzCarltonTokyo,RCMemories,,,,,,,,,,,,,,,,,,,,,,,,,,,,
thecapitolhoteltokyu,2025-05-12T12:00:17.000Z,251,1,Sidecar,ザキャピトルホテル東急,溜池山王,赤坂,和モダン,癒しのステイ,TheCapitolHotelTokyu,CapitolHotel,VisitJapan,LuxuryTokyo,LuxuryJapan,JapanBeauty,,,,,,,,,,,,,,,,,,,
thecapitolhoteltokyu,2025-02-16T12:00:16.000Z,223,1,Image,TheCapitolHotelTokyu,LuxuryCapitolHotel,CapitolHotel,VisitJapan,LuxuryTokyo,LuxuryJapan,Ginza,ザキャピトルホテル東急,溜池山王,赤坂,銀座,東京観光,,,,,,,,,,,,,,,,,,
thecapitolhoteltokyu,2025-01-30T12:00:14.000Z,436,1,Sidecar,ザキャピトルホテル東急,溜池山王,赤坂,ホテルラウンジ,クラブラウンジ,北大路魯山人,ラグジュアリーホテル,TheCapitolHotelTokyu,LuxuryCapitolHotel,VisitJapan,LuxuryTokyo,LuxuryJapan,SaRyoh,PreferredRewards,,,,,,,,,,,,,,,,
thecapitolhoteltokyu,2025-02-12T12:00:11.000Z,228,1,Sidecar,ザキャピトルホテル東急,溜池山王,赤坂,星ヶ岡,ホテル中華,歓送迎会,TheCapitolHotelTokyu,LuxuryCapitolHotel,CapitolHotel,VisitJapan,LuxuryTokyo,Starhill,,,,,,,,,,,,,,,,,,
thecapitolhoteltokyu,2025-01-22T12:00:07.000Z,355,0,Image,ザキャピトルホテル東急,溜池山王,赤坂,フレンチディナー,坂井宏行,ラロシェル山王,ホテルフレンチ,TheCapitolHotelTokyu,LuxuryCapitolHotel,VisitJapan,LuxuryTokyo,Valentine2025,LuxuryJapan,tokyofoodiela,rochelle_sannou,,,,,,,,,,,,,,,
thecapitolhoteltokyu,2025-02-10T21:30:06.000Z,295,1,Image,ザキャピトルホテル東急,溜池山王,赤坂,ラグジュアリーホテル,ホテル朝食,ルームサービス,ルームサービス朝食,TheCapitolHotelTokyu,CapitolHotel,LuxuryCapitolHotel,VisitJapan,LuxuryTokyo,LuxuryJapan,Goodmorning,,,,,,,,,,,,,,,,
thecapitolhoteltokyu,2025-02-20T12:00:19.000Z,292,1,Sidecar,ザキャピトルホテル東急,ひな祭り,溜池山王,赤坂,ひなまつりケーキ,ホテルスイーツ,苺スイーツ,TheCapitolHotelTokyu,LuxuryCapitolHotel,VisitJapan,LuxuryTokyo,LuxuryJapan,hinamatsuri,,,,,,,,,,,,,,,,,
thecapitolhoteltokyu,2025-02-05T12:00:18.000Z,337,0,Sidecar,ザキャピトルホテル東急,キャピトルバレンタイン,バレンタインクッキー,溜池山王,赤坂,バレンタインデー,ラグジュアリーホテル,ホテルスイーツ,クッキーアソート,バレンタインチョコレート,TheCapitolHotelTokyu,LuxuryCapitolHotel,VisitJapan,Valentine2025,ValentinesDay,,,,,,,,,,,,,,,
thecapitolhoteltokyu,2025-01-27T12:00:15.000Z,177,0,Image,TheCapitolHotelTokyu,LuxuryCapitolHotel,VisitJapan,LuxuryTokyo,LuxuryJapan,Shishimai,LunarNewYear,ザキャピトルホテル東急,溜池山王,赤坂,獅子舞,新春,旧正月,春節,,,,,,,,,,,,,,,,
thecapitolhoteltokyu,2025-01-24T09:30:37.000Z,185,0,Video,"SannoFestival,",日枝神社,パワースポット,山王祭,TheCapitolHotelTokyu,CapitolHotel,VisitJapan,LuxuryTokyo,ExploreTokyo,discoverjapan,Hie_jinjaShrine,ザキャピトルホテル東急,溜池山王,赤坂,ラグジュアリーホテル,東京観光,,,,,,,,,,,,,,
thecapitolhoteltokyu,2025-02-02T06:04:45.000Z,342,1,Sidecar,ザキャピトルホテル東急,溜池山王,赤坂,日枝神社,山王日枝神社,節分祭,節分,豆まき,パワースポット,TheCapitolHotelTokyu,LuxuryCapitolHotel,VisitJapan,LuxuryTokyo,LuxuryJapan,HieShrine,Setsubun,,,,,,,,,,,,,,
thecapitolhoteltokyu,2025-02-06T02:00:07.000Z,251,1,Sidecar,抹茶の日,ザキャピトルホテル東急,溜池山王,赤坂,ラグジュアリーホテル,ラウンジORIGAMI,一保堂,TheCapitolHotelTokyu,LuxuryCapitolHotel,VisitJapan,LuxuryTokyo,LuxuryJapan,Matcha,,,,,,,,,,,,,,,,,
thecapitolhoteltokyu,2025-02-01T11:56:04.000Z,321,0,Video,ザキャピトルホテル東急,溜池山王,赤坂,生け花,草月,フラワーアレンジメント,ホテルロビー,TheCapitolHotelTokyu,LuxuryCapitolHotel,VisitJapan,LuxuryTokyo,LuxuryJapan,sogetsu,ikebana,flowerstagram,,,,,,,,,,,,,,,
thecapitolhoteltokyu,2025-05-21T12:01:03.000Z,313,0,Sidecar,ザキャピトルホテル東急,溜池山王,赤坂,アメリカンフェア,オールデイダイニングORIGAMI,TheCapitolHotelTokyu,CapitolHotel,VisitJapan,LuxuryTokyo,LuxuryJapan,JapanFoodies,,,,,,,,,,,,,,,,,,,
thecapitolhoteltokyu,2025-04-01T05:00:05.000Z,325,5,Image,ザキャピトルホテル東急,溜池山王,赤坂,ラグジュアリーホテル,桜,新年度,TheCapitolHotelTokyu,VisitJapan,LuxuryTokyo,LuxuryJapan,cherryblossom,,,,,,,,,,,,,,,,,,,
thecapitolhoteltokyu,2025-05-15T12:00:32.000Z,211,0,Image,ザキャピトルホテル東急,溜池山王,赤坂,ラグジュアリーホテル,東京ホテル,キャピトルアート,TheCapitolHotelTokyu,CapitolHotel,VisitJapan,LuxuryTokyo,LuxuryJapan,,,,,,,,,,,,,,,,,,,
thecapitolhoteltokyu,2025-03-06T12:01:14.000Z,224,0,Image,ザキャピトルホテル東急,溜池山王,赤坂,ホテルスイーツ,ホワイトデー,クッキーアソート,TheCapitolHotelTokyu,CapitolHotel,LuxuryCapitolHotel,VisitJapan,LuxuryTokyo,LuxuryJapan,WhiteDay2025,,,,,,,,,,,,,,,,,
thecapitolhoteltokyu,2025-02-25T12:00:29.000Z,138,0,Image,TheCapitolHotelTokyu,LuxuryCapitolHotel,CapitolHotel,VisitJapan,LuxuryTokyo,LuxuryJapan,tokyospring,ザキャピトルホテル東急,溜池山王,小石川後楽園,春,梅まつり,,,,,,,,,,,,,,,,,,
thecapitolhoteltokyu,2025-02-26T12:00:25.000Z,242,0,Sidecar,ザキャピトルホテル東急,溜池山王,赤坂,ラグジュアリーホテル,パノラマビュー,プレミアキング,和モダン,TheCapitolHotelTokyu,CapitolHotel,LuxuryCapitolHotel,VisitJapan,LuxuryTokyo,tokyoskyline,,,,,,,,,,,,,,,,,
thecapitolhoteltokyu,2025-01-02T04:00:16.000Z,478,0,Image,ザキャピトルホテル東急,溜池山王,赤坂,ホテルスイーツ,縁起物,新春,開運,だるま,TheCapitolHotelTokyu,LuxuryCapitolHotel,CapitolHotel,VisitJapan,LuxuryTokyo,LuxuryJapan,tokyofoodie,,,,,,,,,,,,,,,
thecapitolhoteltokyu,2025-01-03T12:00:19.000Z,412,3,Image,ザキャピトルホテル東急,TheCapitolHotelTokyu,ラグジュアリーホテル,スイーツ,初春,お正月,ケーキ,パティシエ,新年,sweets,HappyNewYearTokyo,RiceCake,CapitolHotelTokyu,Kagamimochi,HotelTokyu,NewYearSweets,TokyoLuxury,CapitolHotelLuxury,,,,,,,,,,,,
thecapitolhoteltokyu,2025-01-01T01:00:26.000Z,470,4,Sidecar,ザキャピトルホテル東急,溜池山王,赤坂,東京ラグジュアリーホテル,新年,TheCapitolHotelTokyu,LuxuryCapitolHotel,CapitolHotel,VisitJapan,LuxuryTokyo,NewYear2025,TokyoNewYear,,,,,,,,,,,,,,,,,,
thecapitolhoteltokyu,2025-03-04T12:01:25.000Z,307,1,Sidecar,ザキャピトルホテル東急,溜池山王,赤坂,花見,懐石,日本料理,TheCapitolHotelTokyu,CapitolHotel,VisitJapan,LuxuryTokyo,LuxuryJapan,washoku,kaiseki,,,,,,,,,,,,,,,,,
thecapitolhoteltokyu,2024-12-31T02:50:08.000Z,282,4,Image,ザキャピトルホテル東急,ラグジュアリーホテル,東京ホテル,TheCapitolHotelTokyu,LuxuryCapitolHotel,CapitolHotel,VisitJapan,LuxuryTokyo,NewYear2025,TokyoNewYear,Omotenashi,,,,,,,,,,,,,,,,,,,
thecapitolhoteltokyu,2025-03-02T02:30:00.000Z,302,5,Video,ザキャピトルホテル東急,3月の活け花,TheCapitolHotelTokyu,,,,,,,,,,,,,,,,,,,,,,,,,,,
thecapitolhoteltokyu,2025-02-13T02:27:01.000Z,382,10,Video,ザキャピトルホテル東急,TheCapitolHotelTokyu,,,,,,,,,,,,,,,,,,,,,,,,,,,,
thecapitolhoteltokyu,2025-01-25T12:00:15.000Z,248,0,Sidecar,ザキャピトルホテル東急,溜池山王,赤坂,節分,豆まき,福まめ,TheCapitolHotelTokyu,LuxuryCapitolHotel,VisitJapan,LuxuryTokyo,LuxuryJapan,setsubun,fukumame,,,,,,,,,,,,,,,,,
thecapitolhoteltokyu,2025-01-13T12:00:31.000Z,704,0,Sidecar,ザキャピトルホテル東急,キャピトルストロベリーフェア,溜池山王,赤坂,ラグジュアリーホテル,アフタヌーンティー,ホテルスイーツ,ストロベリーデザート,TheCapitolHotelTokyu,CapitolHotel,VisitJapan,LuxuryTokyo,LuxuryJapan,tokyofoodie,,,,,,,,,,,,,,,,
thecapitolhoteltokyu,2025-03-08T01:10:05.000Z,190,0,Sidecar,IWD2025,AccelerateAction,TheCapitolHotelTokyu,VisitJapan,LuxuryTokyo,LuxuryJapan,ザキャピトルホテル東急,溜池山王,赤坂,ラグジュアリーホテル,国際女性デー,,,,,,,,,,,,,,,,,,,
thecapitolhoteltokyu,2025-03-12T12:00:16.000Z,186,0,Sidecar,ザキャピトルホテル東急,溜池山王,赤坂,ホテルフィットネス,ラグジュアリーホテル,ホテルプール,TheCapitolHotelTokyu,LuxuryCapitolHotel,VisitJapan,LuxuryTokyo,LuxuryJapan,hotelfitness,PreferredRewards,,,,,,,,,,,,,,,,,
thecapitolhoteltokyu,2025-01-11T12:00:22.000Z,370,1,Sidecar,ザキャピトルホテル東急,溜池山王,赤坂,ラグジュアリーホテル,ラグジュアリーツーリズム,TheCapitolHotelTokyu,LuxuryCapitolHotel,CapitolHotel,VisitJapan,LuxuryTokyo,LuxuryJapan,serandipians,,,,,,,,,,,,,,,,,,
thecapitolhoteltokyu,2025-01-18T12:00:20.000Z,426,2,Sidecar,ザキャピトルホテル東急,キャピトルストロベリーフェア,溜池山王,赤坂,ラグジュアリーホテル,ホテル朝食,ルームサービス,TheCapitolHotelTokyu,LuxuryCapitolHotel,VisitJapan,LuxuryTokyo,LuxuryJapan,,,,,,,,,,,,,,,,,,
thecapitolhoteltokyu,2025-01-05T12:00:00.000Z,498,3,Sidecar,ザキャピトルホテル東急,ロビー装花,溜池山王,赤坂,生け花,草月,お正月,LuxuryCapitolHotel,CapitolHotel,VisitJapan,LuxuryTokyo,LuxuryJapan,Ikebana,TheCapitolHotelTokyu,,,,,,,,,,,,,,,,
thecapitolhoteltokyu,2025-01-10T12:00:30.000Z,744,7,Sidecar,ザキャピトルホテル東急,ジャーマンストロベリーパンケーキ,溜池山王,赤坂,ホテルスィーツ,パンケーキ,苺スイーツ,TheCapitolHotelTokyu,LuxuryCapitolHotel,CapitolHotel,VisitJapan,LuxuryTokyo,LuxuryJapan,tokyofoodie,🍓,,,,,,,,,,,,,,,
ritzcarltontokyo,2023-05-23T12:00:42.000Z,443,0,Sidecar,RitzCarltonTokyo,RCMemories,,,,,,,,,,,,,,,,,,,,,,,,,,,,
ritzcarltontokyo,2023-04-30T09:00:53.000Z,1048,1,Image,RitzCarltonTokyo,RCMemories,,,,,,,,,,,,,,,,,,,,,,,,,,,,
ritzcarltontokyo,2023-05-02T12:00:13.000Z,891,2,Sidecar,RitzCarltonTokyo,RCMemories,,,,,,,,,,,,,,,,,,,,,,,,,,,,
ritzcarltontokyo,2023-04-29T03:00:49.000Z,1413,1,Image,RitzCarltonTokyo,RCMemories,afternoontea,アフタヌーンティー,,,,,,,,,,,,,,,,,,,,,,,,,,
ritzcarltontokyo,2023-05-03T09:00:21.000Z,585,1,Image,RitzCarltonTokyo,RCMemories,,,,,,,,,,,,,,,,,,,,,,,,,,,,
thecapitolhoteltokyu,2025-01-08T12:00:29.000Z,264,0,Sidecar,ザキャピトルホテル東急,溜池山王,赤坂,食材フェア,長崎フェア,ホテル中華,新春,TheCapitolHotelTokyu,LuxuryCapitolHotel,CapitolHotel,VisitJapan,LuxuryTokyo,LuxuryJapan,tokyofoodie,,,,,,,,,,,,,,,,
thecapitolhoteltokyu,2025-01-15T12:00:23.000Z,757,1,Sidecar,ザキャピトルホテル東急,キャピトルストロベリーフェア,溜池山王,赤坂,ホテルスィーツ,ストロベリーパフェ,TheCapitolHotelTokyu,CapitolHotel,VisitJapan,LuxuryTokyo,LuxuryJapan,tokyofoodie,,,,,,,,,,,,,,,,,,
thecapitolhoteltokyu,2025-03-10T12:00:38.000Z,295,2,Sidecar,ザキャピトルホテル東急,溜池山王,赤坂,カウンター寿司,鮪,TheCapitolHotelTokyu,CapitolHotel,LuxuryCapitolHotel,VisitJapan,LuxuryTokyo,LuxuryJapan,Omakase,Sushi,,,,,,,,,,,,,,,,,
thecapitolhoteltokyu,2025-01-20T12:00:22.000Z,335,0,Sidecar,ザキャピトルホテル東急,溜池山王,赤坂,バレンタイン,ホテルチョコレート,ホテルスイーツ,キャピトルバレンタイン,TheCapitolHotelTokyu,LuxuryCapitolHotel,VisitJapan,LuxuryTokyo,Valentine2025,,,,,,,,,,,,,,,,,,
ritzcarltontokyo,2023-04-27T03:41:13.000Z,694,2,Image,カクテル,cocktail,RitzCarltonTokyo,RCMemories,,,,,,,,,,,,,,,,,,,,,,,,,,
ritzcarltontokyo,2023-05-09T12:00:13.000Z,342,2,Image,RitzCarltonTokyo,RCMemories,,,,,,,,,,,,,,,,,,,,,,,,,,,,
ritzcarltontokyo,2023-05-10T12:00:52.000Z,690,0,Image,アフタヌーンティー,"afternoontea,",RitzCarltonTokyo,RCMemories,,,,,,,,,,,,,,,,,,,,,,,,,,
ritzcarltontokyo,2023-05-05T03:45:58.000Z,429,0,Sidecar,こどもの日！ホテルに隣接する,Children's,RitzCarltonTokyo,RCMemories,,,,,,,,,,,,,,,,,,,,,,,,,,
ritzcarltontokyo,2023-03-27T10:41:00.000Z,332,0,Image,さくらの日！ザ・リッツ・カールトン,RitzCarltonTokyo,RCMemories,ホテルスパ,,,,,,,,,,,,,,,,,,,,,,,,,,
ritzcarltontokyo,2023-04-07T12:00:52.000Z,483,1,Image,バカルディ,RitzCarltonTokyo,RCMemories,BartenderTakeover,,,,,,,,,,,,,,,,,,,,,,,,,,
ritzcarltontokyo,2023-10-03T11:54:09.000Z,343,0,Sidecar,リッツカールトン東京,RCTokyo,RitzCarltonTokyo,RCMemories,FineDiningExperience,GourmetEvening,WinePairing,FrenchCuisine,FoodAndWine,ExclusiveDinner,CulinaryDelights,,,,,,,,,,,,,,,,,,,
ritzcarltontokyo,2023-03-30T09:00:08.000Z,1649,24,Image,RCMemories,RitzCarltonTokyo,,,,,,,,,,,,,,,,,,,,,,,,,,,,
ritzcarltontokyo,2023-09-26T12:01:03.000Z,815,5,Sidecar,芸術の秋。ザ・リッツ・カールトン東京の,アフタヌーンティー,野原邦彦,"AfternoonTea""",KunihikoNohara.,RitzCarltonTokyo,RCMemories,リッツカールトン東京,,,,,,,,,,,,,,,,,,,,,,
ritzcarltontokyo,2023-05-18T05:27:07.000Z,720,2,Sidecar,国際博物館の日！ザ・リッツ・カールトン東京は、国立新美術館、サントリー美術館、森美術館を繋げた六本木アート・トライアングル内に位置しています。3館とも徒歩圏内なので、宿泊の際には、素晴らしいアートに浸る時間を過ごしてみては？,InternationalMuseumDay!,,,,,,,,,,,,,,,,,,,,,,,,,,,,
ritzcarltontokyo,2023-04-05T06:08:05.000Z,1278,5,Sidecar,テラス席,RitzCarltonTokyo,RCMemories,,,,,,,,,,,,,,,,,,,,,,,,,,,
ritzcarltontokyo,2023-09-20T11:05:32.000Z,290,0,Sidecar,RitzCarltonTokyo,Ritzcarlton,RCMemories,リッツカールトン東京,Azure45,keikobayashi,restaurantkei,フレンチダイニング,ホテルレストラン,ホテルディナー,ホテルランチ,東京ミッドタウン,Roppongi,,,,,,,,,,,,,,,,,
ritzcarltontokyo,2023-09-15T12:00:50.000Z,1431,8,Sidecar,ClubLounge,CulinaryDelight,TheRitzCarltonTokyo,BusinessTravel,RCMemories,リッツカールトン東京,クラブラウンジ,,,,,,,,,,,,,,,,,,,,,,,
ritzcarltontokyo,2023-04-12T08:57:58.000Z,582,0,Image,RitzCarltonTokyo,RCMemories,BlossomLounge,ブロッサムラウンジ,,,,,,,,,,,,,,,,,,,,,,,,,,
thecapitolhoteltokyu,2025-05-28T12:01:04.000Z,282,0,Sidecar,ザキャピトルホテル東急,溜池山王,赤坂,隈研吾,TheCapitolHotelTokyu,LuxuryCapitolHotel,CapitolHotel,VisitJapan,LuxuryTokyo,LuxuryJapan,KengoKuma,东急凯彼德大酒店,,,,,,,,,,,,,,,,,,
ritzcarltontokyo,2023-05-16T12:00:06.000Z,687,0,Image,RitzCarltonTokyo,RCMemories,,,,,,,,,,,,,,,,,,,,,,,,,,,,
ritzcarltontokyo,2023-09-19T12:00:20.000Z,478,0,Image,RitzCarltonTokyo,RCMemories,リッツカールトン東京,寿司クラス,SushiClass,SakePairing,JapaneseCuisine,SushiWorkshop,SushiMaking,FoodieExperience,JapaneseCulture,FoodEvent,SushiLovers,GourmetExperience,,,,,,,,,,,,,,,,
ritzcarltontokyo,2023-10-01T09:35:00.000Z,943,1,Sidecar,RitzCarltonTokyo,RCMemories,RCtokyo,リッツカールトン東京,クリスマスケーキ,ChristmasCake,おせち,,,,,,,,,,,,,,,,,,,,,,,
ritzcarltontokyo,2023-09-25T10:12:45.000Z,383,0,Sidecar,RCMemories,RitzCarltonHongKong,HongKong,,,,,,,,,,,,,,,,,,,,,,,,,,,
ritzcarltontokyo,2023-09-22T00:26:50.000Z,823,3,Sidecar,RitzCarltonTokyo,RCMemories,リッツカールトン東京,ホテル朝食,,,,,,,,,,,,,,,,,,,,,,,,,,
ritzcarltontokyo,2023-04-09T04:31:18.000Z,637,4,Image,イースター！,Easter!,,,,,,,,,,,,,,,,,,,,,,,,,,,,
ritzcarltontokyo,2023-04-02T00:00:22.000Z,734,1,Image,RitzCarltonTokyo,RCMemories,,,,,,,,,,,,,,,,,,,,,,,,,,,,
ritzcarltontokyo,2023-05-11T10:14:16.000Z,380,1,Image,RitzCarltonTokyo,RCMemories,,,,,,,,,,,,,,,,,,,,,,,,,,,,
ritzcarltontokyo,2023-09-14T11:03:35.000Z,326,1,Sidecar,RitzCarltonTokyo,Ritzcarlton,RCMemories,リッツカールトン東京,Azure45,keikobayashi,restaurantkei,フレンチダイニング,ホテルレストラン,ホテルディナー,ホテルランチ,東京ミッドタウン,Roppongi,,,,,,,,,,,,,,,,,
ritzcarltontokyo,2023-04-14T03:00:39.000Z,886,1,Image,リッツカールトン東京,RCTokyo,RitzCarltonTokyo,RCMemories,,,,,,,,,,,,,,,,,,,,,,,,,,
thecapitolhoteltokyu,2025-12-09T12:00:09.000Z,227,0,Image,ザキャピトルホテル東急,クリスマスディナー,TheCapitolHotelTokyu,,,,,,,,,,,,,,,,,,,,,,,,,,,
thecapitolhoteltokyu,2025-12-12T12:00:34.000Z,167,0,Sidecar,ザキャピトルホテル東急,クリスマスカクテル,キャピトルバー,TheCapitolHotelTokyu,,,,,,,,,,,,,,,,,,,,,,,,,,
ritzcarltontokyo,2023-10-04T09:30:08.000Z,467,3,Sidecar,CocktailArtistry,MixologyMasters,BartenderTakeover,ExclusiveDrinks,CraftCocktails,NightlifeExperience,SipAndSavor,CocktailCulture,リッツカールトン東京,RitzCarltonTokyo,RCMemories,RCTokyo,ホテルバー,,,,,,,,,,,,,,,,,
thecapitolhoteltokyu,2025-12-22T12:00:26.000Z,200,0,Image,TheCapitolHotelTokyu,丸の内イルミネーション,ChristmasInTokyo,,,,,,,,,,,,,,,,,,,,,,,,,,,
thecapitolhoteltokyu,2025-12-19T12:00:00.000Z,133,0,Sidecar,ザキャピトルホテル東急,TheCapitolHotelTokyu,水簾,,,,,,,,,,,,,,,,,,,,,,,,,,,
thecapitolhoteltokyu,2025-12-16T12:00:00.000Z,265,0,Image,ザキャピトルホテル東急,TheCapitolHotelTokyu,,,,,,,,,,,,,,,,,,,,,,,,,,,,
thecapitolhoteltokyu,2025-12-08T12:00:16.000Z,158,0,Image,ザキャピトルホテル東急,TheCapitolHotelTokyu,紅葉,,,,,,,,,,,,,,,,,,,,,,,,,,,
thecapitolhoteltokyu,2025-12-20T12:00:00.000Z,179,2,Video,TheCapitolHotelTokyu,TokyoIllumination,ChristmasInTokyo,,,,,,,,,,,,,,,,,,,,,,,,,,,
ritzcarltontokyo,2023-10-11T13:01:21.000Z,318,0,Video,,,,,,,,,,,,,,,,,,,,,,,,,,,,,,
thecapitolhoteltokyu,2025-12-24T12:05:00.000Z,83,0,Image,TheCapitolHotelTokyu,TokyoIllumination,都内イルミネーション,,,,,,,,,,,,,,,,,,,,,,,,,,,
thecapitolhoteltokyu,2026-01-05T12:00:12.000Z,487,0,Image,TheCapitolHotelTokyu,ザキャピトルホテル東急,パーコー麺,ORIGAMI,,,,,,,,,,,,,,,,,,,,,,,,,,
thecapitolhoteltokyu,2025-12-27T12:00:00.000Z,233,0,Sidecar,ザキャピトルホテル東急,TheCapitolHotelTokyu,星ヶ岡,,,,,,,,,,,,,,,,,,,,,,,,,,,
aman_tokyo,2025-08-15T20:00:15.000Z,958,0,Image,AmanTokyo,アマン東京,インテリア,,,,,,,,,,,,,,,,,,,,,,,,,,,
thecapitolhoteltokyu,2025-12-31T02:58:40.000Z,658,13,Sidecar,TheCapitolHotelTokyu,ザキャピトルホテル東急,年末のご挨拶,,,,,,,,,,,,,,,,,,,,,,,,,,,
thecapitolhoteltokyu,2026-01-20T12:00:19.000Z,151,0,Image,キャピトルホテル東急,河豚料理,水簾,TheCapitolHotelTokyu,,,,,,,,,,,,,,,,,,,,,,,,,,
thecapitolhoteltokyu,2026-01-21T12:00:14.000Z,321,0,Sidecar,キャピトルホテル東急,ルームサービス,ストロベリー朝食,TheCapitolHotelTokyu,CapitolMoments,,,,,,,,,,,,,,,,,,,,,,,,,
thecapitolhoteltokyu,2026-01-16T12:00:17.000Z,348,0,Sidecar,キャピトルホテル東急,ホテルバレンタイン,TheCapitolHotelTokyu,Valentine2026,,,,,,,,,,,,,,,,,,,,,,,,,,
aman_tokyo,2025-08-20T11:19:04.000Z,1580,6,Image,AmanTokyo,TheLoungebyAman,AfternoonTea,Autumn,アマン東京,ザラウンジbyアマン,アフタヌーンティー,秋,,,,,,,,,,,,,,,,,,,,,,
thecapitolhoteltokyu,2026-01-14T12:00:14.000Z,171,0,Image,ザキャピトルホテル東急,和のモダン,TheCapitolHotelTokyu,TokyoHotel,JapaneseRoom,,,,,,,,,,,,,,,,,,,,,,,,,
thecapitolhoteltokyu,2026-01-12T02:30:09.000Z,455,6,Sidecar,TheCapitolHotelTokyu,日枝神社,御朱印帳巡り,,,,,,,,,,,,,,,,,,,,,,,,,,,
aman_tokyo,2025-08-18T17:18:10.000Z,438,0,Sidecar,AmanTokyo,AmanEssentials,Boutique,アマン東京,ブティック,アマンエッセンシャルズ,,,,,,,,,,,,,,,,,,,,,,,,
thecapitolhoteltokyu,2026-01-18T12:00:00.000Z,232,1,Sidecar,TheCapitolHotelTokyu,キャピトルホテル東急,,,,,,,,,,,,,,,,,,,,,,,,,,,,
fstokyo,2026-07-10T04:28:11.000Z,99,0,Sidecar,,,,,,,,,,,,,,,,,,,,,,,,,,,,,,
thecapitolhoteltokyu,2026-01-02T03:01:28.000Z,677,8,Image,ザキャピトルホテル東急,TheCapitolHotelTokyu,迎春,,,,,,,,,,,,,,,,,,,,,,,,,,,
thecapitolhoteltokyu,2026-01-08T12:00:12.000Z,258,4,Sidecar,TheCapitolHotelTokyu,ザキャピトルホテル東急,クラブラウンジ,CapitolMoments,CapitolMoments.,,,,,,,,,,,,,,,,,,,,,,,,,
fstokyo,2026-07-13T01:46:21.000Z,98,0,Sidecar,,,,,,,,,,,,,,,,,,,,,,,,,,,,,,
fstokyo,2026-07-14T01:35:14.000Z,92,0,Sidecar,,,,,,,,,,,,,,,,,,,,,,,,,,,,,,
thecapitolhoteltokyu,2026-01-06T12:03:01.000Z,106,0,Video,TheCapitolHotelTokyu,ザキャピトルホテル東急,ウェルネス,TokyoHotelAkasaka,,,,,,,,,,,,,,,,,,,,,,,,,,
thecapitolhoteltokyu,2025-12-29T12:09:21.000Z,139,0,Video,ザキャピトルホテル東急,TheCapitolHotelTokyu,日枝神社,,,,,,,,,,,,,,,,,,,,,,,,,,,
thecapitolhoteltokyu,2025-12-25T02:48:19.000Z,193,2,Video,ザキャピトルホテル東急,TheCapitolHotelTokyu,TokyoChristmas,,,,,,,,,,,,,,,,,,,,,,,,,,,
thecapitolhoteltokyu,2026-01-10T12:00:00.000Z,375,0,Video,ザキャピトルホテル東急,客室アフタヌーンティー,ホテルアフタヌーンティー,CapitolMoments,,,,,,,,,,,,,,,,,,,,,,,,,,
fstokyo,2026-07-17T04:29:08.000Z,76,0,Image,,,,,,,,,,,,,,,,,,,,,,,,,,,,,,
aman,2025-08-10T16:01:54.000Z,3656,29,Video,,,,,,,,,,,,,,,,,,,,,,,,,,,,,,
fstokyo,2026-07-20T07:05:20.000Z,351,2,Sidecar,,,,,,,,,,,,,,,,,,,,,,,,,,,,,,
ritzcarltontokyo,2023-06-26T03:00:42.000Z,948,3,Image,RitzCarltonTokyo,RCMemories,sushitakeout,寿司テイクアウト,,,,,,,,,,,,,,,,,,,,,,,,,,
ritzcarltontokyo,2023-09-07T12:13:32.000Z,354,0,Sidecar,rcmemories,RitzCarltonTokyo,Ritzcarlton,リッツカールトン東京,Azure45,keikobayashi,restaurantkei,フレンチダイニング,ホテルレストラン,ホテルディナー,ホテルランチ,東京ミッドタウン,Roppongi,,,,,,,,,,,,,,,,,
ritzcarltontokyo,2023-11-28T03:05:40.000Z,605,2,Image,紅葉,六本木,UrbanNature,AutumnRetreat,リッツカールトン東京,RCTokyo,RitzCarltonTokyo,RCMemories,,,,,,,,,,,,,,,,,,,,,,
ritzcarltontokyo,2023-07-10T12:31:03.000Z,627,1,Sidecar,神宮外苑花火大会,RitzCarltonTokyo,RCMemories,,,,,,,,,,,,,,,,,,,,,,,,,,,
fstokyo,2026-07-15T23:25:23.000Z,267,2,Sidecar,,,,,,,,,,,,,,,,,,,,,,,,,,,,,,
fstokyo,2026-07-15T01:51:07.000Z,58,0,Image,,,,,,,,,,,,,,,,,,,,,,,,,,,,,,
thepeninsulatokyo,2025-06-21T11:49:07.000Z,354,2,Sidecar,,,,,,,,,,,,,,,,,,,,,,,,,,,,,,
thecapitolhoteltokyu,2026-04-19T12:01:00.000Z,146,0,Sidecar,TheCapitolHotelTokyu,JapaneseRoom,TokyoStay,ザキャピトルホテル東急,和モダン,,,,,,,,,,,,,,,,,,,,,,,,,
thecapitolhoteltokyu,2025-07-03T12:00:18.000Z,274,1,Sidecar,ザキャピトルホテル東急,溜池山王,赤坂,日本料理水簾,水簾,ラグジュアリーホテル,鰻,TheCapitolHotelTokyu,VisitJapan,LuxuryTokyo,Omotenashi,Japaneseeel,,,,,,,,,,,,,,,,,,
thepeninsulatokyo,2025-08-30T02:45:12.000Z,277,1,Sidecar,,,,,,,,,,,,,,,,,,,,,,,,,,,,,,
fstokyo,2026-07-21T08:57:11.000Z,82,0,Sidecar,,,,,,,,,,,,,,,,,,,,,,,,,,,,,,
thecapitolhoteltokyu,2025-11-03T12:00:00.000Z,818,4,Sidecar,キャピトルホテル東急,溜池山王,生け花,草月流,日本の美,東京ラグジュアリーホテル,フラワーアレンジメント,ロビー装花,TheCapitolHotelTokyu,CapitolHotel,Ikebana,JapaneseArt,TokyoluxuaryHotel,JapaneseAesthetics,LobbyFlowers,Sogetsu,SogetsuIkebana,flowerstagram,,,,,,,,,,,,
aman_tokyo,2025-07-08T10:07:05.000Z,1387,1,Image,AmanFoodie,AmanTokyo,アマン東京,ザカフェbyアマン,かき氷,夏,期間限定,,,,,,,,,,,,,,,,,,,,,,,
aman_tokyo,2025-07-16T08:43:11.000Z,1707,1,Sidecar,AmanFoodie,AmanTokyo,LaPâtisseriebyAmanTokyo,アマン東京,ラパティスリーbyアマン東京,ピーチメルバ,,,,,,,,,,,,,,,,,,,,,,,,
aman_tokyo,2025-06-20T09:26:07.000Z,1188,4,Sidecar,AmanWellness,AmanTokyo,Japan,アマン東京,アマンスパ,禊,,,,,,,,,,,,,,,,,,,,,,,,
thecapitolhoteltokyu,2024-12-02T13:28:13.000Z,454,1,Image,ザキャピトルホテル東急,溜池山王,赤坂,ラグジュアリーホテル,クリスマス,LuxuryCapitolHotel,CapitolHotel,VisitJapan,LuxuryTokyo,LuxuryJapan,TokyoChristmas,,,,,,,,,,,,,,,,,,,
aman,2025-06-28T12:07:14.000Z,22148,144,Video,,,,,,,,,,,,,,,,,,,,,,,,,,,,,,
aman_tokyo,2025-06-24T09:11:04.000Z,871,3,Image,AmanFoodie,ArvabyAman,Japan,アマン東京,アルヴァ,夏,限定,,,,,,,,,,,,,,,,,,,,,,,
aman_tokyo,2025-06-19T11:00:29.000Z,1606,2,Sidecar,AmanFoodie,AmanTokyo,TheLoungebyAman,アマン東京,ザラウンジbyアマン,ピーチアフタヌーンティー,,,,,,,,,,,,,,,,,,,,,,,,
thecapitolhoteltokyu,2024-12-07T12:00:00.000Z,224,1,Image,ザキャピトルホテル東急,溜池山王,赤坂,クリスマス,シュトーレン,アドヴェント,LuxuryCapitolHotel,CapitolHotel,Christmas2024,VisitJapan,LuxuryTokyo,LuxuryJapan,TheCapitolHotelTokyu,tokyofoodie,,,,,,,,,,,,,,,,
thecapitolhoteltokyu,2024-12-05T07:36:49.000Z,344,2,Image,ザキャピトルホテル東急,溜池山王,赤坂,クリスマス,草月,生け花,LuxuryCapitolHotel,CapitolHotel,VisitJapan,LuxuryTokyo,LuxuryJapan,thecapitolhoteltokyu,ikebana,,,,,,,,,,,,,,,,,
aman_tokyo,2025-06-14T09:10:10.000Z,753,3,Image,AmanFoodie,AmanTokyo,ArvabyAman,アマン東京,アルヴァ,高知,,,,,,,,,,,,,,,,,,,,,,,,
thecapitolhoteltokyu,2024-12-09T12:00:00.000Z,322,0,Sidecar,ザキャピトルホテル東急,溜池山王,赤坂,クリスマスディナー,ホテルディナー,ブッシュドノエル,LuxuryCapitolHotel,CapitolHotel,Christmas2024,VisitJapan,LuxuryTokyo,LuxuryJapan,TheCapitolHotelTokyu,tokyofoodie,,,,,,,,,,,,,,,,
aman_tokyo,2025-06-22T09:47:05.000Z,1318,2,Image,AmanTokyo,TheCafebyAman,Melon,アマン東京,ザカフェbyアマン,メロン,,,,,,,,,,,,,,,,,,,,,,,,
aman_tokyo,2025-07-12T11:45:11.000Z,1681,3,Sidecar,AmanResorts,AmanTokyo,GardenLounge,アマン東京,ガーデンラウンジ,,,,,,,,,,,,,,,,,,,,,,,,,
thecapitolhoteltokyu,2024-10-29T12:02:04.000Z,290,0,Sidecar,ザキャピトルホテル東急,溜池山王,赤坂,ラグジュアリーホテル,隈研吾,日本建築,LuxuryCapitolHotel,CapitolHotel,VisitJapan,LuxuryTokyo,LuxuryJapan,CapitolTokyuHotel,TokyoArchitecture,,,,,,,,,,,,,,,,,
aman_tokyo,2025-07-10T11:00:15.000Z,2500,8,Sidecar,AmanWellness,AmanTokyo,Detox,NovakDjokovic,アマン東京,アマンスパ,デトックス,ノバクジョコビッチ,,,,,,,,,,,,,,,,,,,,,,
thecapitolhoteltokyu,2024-10-30T12:00:39.000Z,195,0,Sidecar,LuxuryCapitolHotel,CapitolHotel,VisitJapan,LuxuryTokyo,LuxuryJapan,CapitolTokyuHotel,ExploreTokyo,GuidedTokyo,tokyogreattours,ザキャピトルホテル東急,溜池山王,赤坂,ラグジュアリーホテル,東京観光,東京カヤッキングツアー,,,,,,,,,,,,,,,
thecapitolhoteltokyu,2024-11-01T11:00:27.000Z,335,1,Sidecar,ザキャピトルホテル東急,溜池山王,赤坂,ラグジュアリーホテル,生け花,草月,秋,LuxuryCapitolHotel,CapitolHotel,LuxuryTokyo,LuxuryJapan,CapitolTokyuHotel,PreferredRewards,Ikebana,,,,,,,,,,,,,,,,
aman_tokyo,2025-07-02T21:20:07.000Z,1286,13,Sidecar,AmanFoodie,AmanTokyo,アマン東京,ザラウンジbyアマン,中国料理,夏季限定,,,,,,,,,,,,,,,,,,,,,,,,
thecapitolhoteltokyu,2024-11-04T12:00:25.000Z,362,4,Sidecar,ザキャピトルホテル東急,溜池山王,赤坂,ホテルバイキング,中国料理,LuxuryCapitolHotel,VisitJapan,LuxuryTokyo,LuxuryJapan,CapitolhoteltokyuHotel,TokyoFoodie,ChineseCuisine,,,,,,,,,,,,,,,,,,
thecapitolhoteltokyu,2024-11-08T12:00:29.000Z,441,2,Sidecar,ザキャピトルホテル東急,溜池山王,赤坂,ホテルスイーツ,ティラミス,パフェ,LuxuryCapitolHotel,CapitolHotel,visitjapan,LuxuryTokyo,LuxuryJapan,CapitolHotelTokyu,,,,,,,,,,,,,,,,,,
thecapitolhoteltokyu,2024-10-27T10:00:26.000Z,327,0,Sidecar,ザキャピトルホテル東急,溜池山王,赤坂,ラグジュアリーホテル,クリスマスケーキ,ホテルスイーツ,パティシエ,LuxuryCapitolHotel,CapitolHotel,VisitJapan,LuxuryTokyo,LuxuryJapan,CapitolTokyuHotel,TokyoChristmas,,,,,,,,,,,,,,,,
thecapitolhoteltokyu,2024-11-26T12:00:17.000Z,359,1,Sidecar,ザキャピトルホテル東急,溜池山王,赤坂,ラグジュアリーホテル,クリスマススイーツ,ホテルスイーツ,VisitJapan,LuxuryTokyo,LuxuryJapan,TokyoChristmas,thecapitolhoteltokyu,,,,,,,,,,,,,,,,,,,
thecapitolhoteltokyu,2024-11-06T12:00:30.000Z,157,1,Sidecar,ザキャピトルホテル東急,溜池山王,赤坂,ラグジュアリーホテル,ホテルアメニティー,LuxuryCapitolHotel,CapitolHotel,VisitJapan,LuxuryTokyo,LuxuryJapan,TheCapitolHotelTokyu,,,,,,,,,,,,,,,,,,,
aman,2025-07-13T16:29:48.000Z,14802,79,Video,,,,,,,,,,,,,,,,,,,,,,,,,,,,,,
thecapitolhoteltokyu,2024-10-07T12:00:33.000Z,475,0,Sidecar,ザキャピトルホテル東急,溜池山王,赤坂,ラグジュアリーホテル,アフタヌーンティー,東京ホテル,アーリーチェックイン,LuxuryCapitolHotel,CapitolHotel,VisitJapan,LuxuryTokyo,LuxuryJapan,CapitolTokyuHotel,comfortrewards,,,,,,,,,,,,,,,,
thecapitolhoteltokyu,2024-10-24T11:00:31.000Z,312,0,Sidecar,ザキャピトルホテル東急,溜池山王,赤坂,ラグジュアリーホテル,ホテルシェフ,中国料理,LuxuryCapitolHotel,CapitolHotel,VisitJapan,LuxuryTokyo,LuxuryJapan,CapitolTokyuHotel,TokyoFoodie,TokyoGourmet,,,,,,,,,,,,,,,,
thecapitolhoteltokyu,2024-10-16T12:00:25.000Z,312,2,Image,ザキャピトルホテル東急,溜池山王,赤坂,ラグジュアリーホテル,ホテルスィーツ,米粉スィーツ,イチジクスィーツ,ロールケーキ,LuxuryCapitolHotel,CapitolHotel,VisitJapan,LuxuryTokyo,LuxuryJapan,CapitolTokyuHotel,TokyoFoodie,,,,,,,,,,,,,,,
thecapitolhoteltokyu,2024-10-15T12:00:34.000Z,448,8,Sidecar,ザキャピトルホテル東急,溜池山王,赤坂,ラグジュアリーホテル,クリームパン,ホテルスィーツ,LuxuryCapitolHotel,CapitolHotel,VisitJapan,LuxuryTokyo,LuxuryJapan,CapitolTokyuHotel,TokyoFoodie,,,,,,,,,,,,,,,,,
aman_tokyo,2025-05-15T03:37:08.000Z,1029,3,Sidecar,AmanResorts,AmanTokyo,Japan,アマン東京,,,,,,,,,,,,,,,,,,,,,,,,,,
thecapitolhoteltokyu,2024-10-22T01:39:23.000Z,381,14,Image,ザキャピトルホテル東急,TheCapitolHotelTokyu,開業,14周年,anniversary,HotelAnniversary,TokyuHotel,tokyohotel,ThePreferredLife,,,,,,,,,,,,,,,,,,,,,
thecapitolhoteltokyu,2024-10-26T11:00:18.000Z,319,1,Sidecar,ザキャピトルホテル東急,溜池山王,赤坂,東京ホテル,天婦羅,ホテルディナー,日本料理,LuxuryCapitolHotel,CapitolHotel,VisitJapan,LuxuryTokyo,Washoku,luxuryjapan,CapitolTokyuHotel,TokyoFoodie,,,,,,,,,,,,,,,
thecapitolhoteltokyu,2024-10-19T13:27:56.000Z,277,0,Sidecar,ザキャピトルホテル東急,溜池山王,赤坂,ラグジュアリーホテル,マロン,秋の味覚,食欲の秋,栗,LuxuryCapitolHotel,CapitolHotel,VisitJapan,LuxuryTokyo,LuxuryJapan,CapitolTokyuHotel,TokyoFoodie,,,,,,,,,,,,,,,
aman_tokyo,2025-05-17T09:15:16.000Z,1299,1,Sidecar,AmanWellness,AmanEssentials,AmanTokyo,アマン東京,アマンスパ,,,,,,,,,,,,,,,,,,,,,,,,,
thecapitolhoteltokyu,2024-10-13T12:00:23.000Z,375,2,Sidecar,ザキャピトルホテル東急,溜池山王,赤坂,ラグジュアリーホテル,ホテルディナー,クリスマスディナー,トリュフ,北大路魯山人,LuxuryCapitolHotel,CapitolHotel,VisitJapan,LuxuryTokyo,LuxuryJapan,CapitolTokyuHotel,TokyoFoodie,TokyoGourmet,,,,,,,,,,,,,,
thecapitolhoteltokyu,2024-10-10T12:00:25.000Z,272,1,Sidecar,LuxuryCapitolHotel,CapitolHotel,VisitJapan,LuxuryTokyo,LuxuryJapan,CapitolTokyuHotel,TravelJapan,ExploreTokyo,VisitTokyo,,,,,,,,,,,,,,,,,,,,,
aman_tokyo,2025-05-12T09:44:10.000Z,967,3,Sidecar,AmanWellness,AmanTokyo,Japan,アマン東京,アマンスパ,,,,,,,,,,,,,,,,,,,,,,,,,
aman_tokyo,2025-05-05T09:21:04.000Z,3778,9,Image,AmanFoodie,AmanTokyo,TheCafebyAman,アマン東京,ザカフェbyアマン,,,,,,,,,,,,,,,,,,,,,,,,,
aman_tokyo,2025-05-09T03:15:10.000Z,1754,10,Sidecar,AmanWellness,AmanTokyo,Japan,アマン東京,プール,,,,,,,,,,,,,,,,,,,,,,,,,
thecapitolhoteltokyu,2024-10-11T12:00:34.000Z,294,3,Sidecar,ザキャピトルホテル東急,溜池山王,赤坂,ラグジュアリーホテル,上海蟹,中国料理,秋の味覚,ホテルディナー,LuxuryCapitolHotel,CapitolHotel,VisitJapan,LuxuryTokyo,LuxuryJapan,CapitolTokyuHotel,TokyoFoodie,MICHELINKey2024,,,,,,,,,,,,,,
thecapitolhoteltokyu,2024-10-03T12:00:19.000Z,334,1,Image,ザキャピトルホテル東急,溜池山王,赤坂,ラグジュアリーホテル,生け花,フラワーアレンジメント,草月,東京ホテル,LuxuryCapitolHotel,CapitolHotel,VisitJapan,LuxuryTokyo,LuxuryJapan,CapitolTokyuHotel,Ikebana,,,,,,,,,,,,,,,
thecapitolhoteltokyu,2024-10-23T23:57:40.000Z,120,2,Video,,,,,,,,,,,,,,,,,,,,,,,,,,,,,,
aman_tokyo,2025-04-23T10:50:13.000Z,1770,8,Sidecar,AmanResorts,AmanTokyo,アマン東京,,,,,,,,,,,,,,,,,,,,,,,,,,,
aman_tokyo,2025-04-25T08:51:04.000Z,984,8,Image,AmanResorts,AmanTokyo,Japan,,,,,,,,,,,,,,,,,,,,,,,,,,,
aman_tokyo,2025-04-30T10:27:04.000Z,1555,6,Image,AmanResorts,AmanTokyo,Japan,,,,,,,,,,,,,,,,,,,,,,,,,,,
aman_tokyo,2025-04-14T08:07:04.000Z,1135,4,Image,AmanTokyo,Arva,Dolce,アマン東京,アルヴァ,ドルチェ,,,,,,,,,,,,,,,,,,,,,,,,
aman_tokyo,2025-05-21T10:54:04.000Z,2432,5,Image,AmanTokyo,GardenLounge,EnkianthusCampanulatus,アマン東京,ガーデンラウンジ,ドウダンツツジ,,,,,,,,,,,,,,,,,,,,,,,,
aman_tokyo,2025-05-03T10:48:04.000Z,2212,6,Image,AmanResorts,AmanTokyo,Japan,アマン東京,ガーデンラウンジ,,,,,,,,,,,,,,,,,,,,,,,,,
aman_tokyo,2025-04-24T12:45:35.000Z,1427,6,Sidecar,AmanWellness,,,,,,,,,,,,,,,,,,,,,,,,,,,,,
aman,2025-05-19T17:12:12.000Z,9015,45,Sidecar,,,,,,,,,,,,,,,,,,,,,,,,,,,,,,
aman_tokyo,2025-04-07T09:01:06.000Z,1989,9,Image,TheSpiritofAman,AmanTokyo,Japan,,,,,,,,,,,,,,,,,,,,,,,,,,,
aman_tokyo,2025-05-24T11:06:03.000Z,1499,5,Image,AmanResorts,AmanTokyo,Japan,,,,,,,,,,,,,,,,,,,,,,,,,,,
aman_tokyo,2025-04-18T09:17:08.000Z,1851,2,Sidecar,AmanFoodie,AmanTokyo,LaPâtisseriebyAmanTokyo,アマン東京,ラパティスリーbyアマン東京,,,,,,,,,,,,,,,,,,,,,,,,,
aman_tokyo,2025-05-27T08:59:12.000Z,795,1,Sidecar,AmanTokyo,MusashibyAman,アマン東京,武蔵byアマン,,,,,,,,,,,,,,,,,,,,,,,,,,
aman_tokyo,2025-06-01T10:15:11.000Z,1127,8,Sidecar,AmanWellness,AmanTokyo,Japan,アマン東京,アマンスパ,シーズナルジャーニー,,,,,,,,,,,,,,,,,,,,,,,,
aman,2025-04-08T17:00:20.000Z,4466,22,Sidecar,,,,,,,,,,,,,,,,,,,,,,,,,,,,,,
aman_tokyo,2025-04-21T09:21:08.000Z,1299,3,Sidecar,AmanFoodie,AmanTokyo,TheLoungebyAman,アマン東京,ザラウンジbyアマン,マンゴー,,,,,,,,,,,,,,,,,,,,,,,,
aman_tokyo,2025-04-09T08:51:10.000Z,1804,7,Sidecar,AmanFoodie,AmanTokyo,TheCafebyAman,アマン東京,ザカフェbyアマン,,,,,,,,,,,,,,,,,,,,,,,,,
aman_tokyo,2025-04-16T09:00:27.000Z,1286,9,Video,AmanWellness,AmanTokyo,Japan,アマン東京,アマンスパ,,,,,,,,,,,,,,,,,,,,,,,,,
thecapitolhoteltokyu,2024-11-10T12:00:28.000Z,285,0,Sidecar,ザキャピトルホテル東急,溜池山王,赤坂,ラグジュアリーホテル,クリスマスプラン,CapitolHotel,VisitJapan,LuxuryTokyo,LuxuryJapan,TheCapitolHotelTokyu,JapaneseChristmas,ChristmasJapan,TokyoChristmas,,,,,,,,,,,,,,,,,
aman_tokyo,2025-03-11T10:47:03.000Z,3612,16,Image,TheSpiritofAman,AmanTokyo,Sakura,アマン東京,桜,,,,,,,,,,,,,,,,,,,,,,,,,
aman_tokyo,2025-06-13T09:12:05.000Z,1165,2,Image,TheSpiritofAman,AmanTokyo,Japan,アマン東京,プール,,,,,,,,,,,,,,,,,,,,,,,,,
aman_tokyo,2025-03-19T06:34:07.000Z,1950,4,Sidecar,AmanFoodie,AmanTokyo,アマン東京,ザカフェbyアマン,春,,,,,,,,,,,,,,,,,,,,,,,,,
aman_tokyo,2025-06-10T13:00:56.000Z,1536,4,Sidecar,AmanFoodie,AmanTokyo,LaPatisseriebyAmanTokyo,アマン東京,ラパティスリーbyアマン東京,父の日,,,,,,,,,,,,,,,,,,,,,,,,
aman_tokyo,2025-03-13T10:53:14.000Z,1585,4,Sidecar,AmanFoodie,AmanTokyo,ArvabyAman,アマン東京,アルヴァ,春,,,,,,,,,,,,,,,,,,,,,,,,
aman_tokyo,2025-03-27T10:19:04.000Z,1775,4,Image,AmanResorts,AmanTokyo,OtemachiForest,アマン東京,大手町の森,春,,,,,,,,,,,,,,,,,,,,,,,,
aman_tokyo,2025-04-04T09:14:11.000Z,1711,5,Sidecar,AmanResorts,AmanTokyo,アマン東京,桜,,,,,,,,,,,,,,,,,,,,,,,,,,
aman_tokyo,2025-04-02T10:12:10.000Z,738,5,Sidecar,AmanAdventures,AmanTokyo,アマン東京,人力車,,,,,,,,,,,,,,,,,,,,,,,,,,
aman_tokyo,2025-03-21T08:53:04.000Z,1613,9,Image,AmanResorts,AmanTokyo,アマン東京,プール,,,,,,,,,,,,,,,,,,,,,,,,,,
aman_tokyo,2025-03-23T11:00:13.000Z,1359,13,Sidecar,AmanFoodie,AmanTokyo,TheCafebyAman,アマン東京,ザカフェbyアマン,春,季節限定,,,,,,,,,,,,,,,,,,,,,,,
thecapitolhoteltokyu,2024-11-12T12:00:23.000Z,312,0,Sidecar,ザキャピトルホテル東急,溜池山王,赤坂,ラグジュアリーホテル,ホテルディナー,ホテル中華,LuxuryCapitolHotel,VisitJapan,LuxuryTokyo,LuxuryJapan,TheCapitolHotelTokyu,JapaneseFoodie,JapaneseGastronomy,,,,,,,,,,,,,,,,,
thecapitolhoteltokyu,2024-11-14T12:00:26.000Z,240,0,Sidecar,ザキャピトルホテル東急,溜池山王,赤坂,ラグジュアリーホテル,ホテルディナー,日本料理,LuxuryCapitolHotel,CapitolHotel,VisitJapan,LuxuryTokyo,TheCapitolHotelTokyu,LuxuryJapan,JapaneseFoodie,JapaneseGastronomy,,,,,,,,,,,,,,,,
aman_tokyo,2025-03-30T09:59:04.000Z,1471,5,Image,TheSpiritofAman,AmanTokyo,TheLoungebyAman,アマン東京,ザラウンジbyアマン,春,,,,,,,,,,,,,,,,,,,,,,,,
aman_tokyo,2025-02-17T10:00:16.000Z,2382,10,Sidecar,AmanFoodie,AmanTokyo,ArvabyAman,Japan,アマン東京,アルヴァ,イタリアン,,,,,,,,,,,,,,,,,,,,,,,
aman_tokyo,2025-02-07T09:19:11.000Z,1116,1,Sidecar,AmanResorts,AmanTokyo,AmanEssentials,アマン東京,アマンエッセンシャルズ,ブティック,カシミア,ブランケット,ギフト,,,,,,,,,,,,,,,,,,,,,
aman_tokyo,2025-04-06T08:53:04.000Z,1766,3,Image,AmanFoodie,AmanTokyo,TheLoungebyAman,アマン東京,ザラウンジbyアマン,アフタヌーンティー,はちみつ,,,,,,,,,,,,,,,,,,,,,,,
aman_tokyo,2025-02-10T08:40:10.000Z,1499,6,Sidecar,AmanResorts,AmanTokyo,Japan,アマン東京,,,,,,,,,,,,,,,,,,,,,,,,,,
aman_tokyo,2025-02-14T10:35:10.000Z,3203,9,Sidecar,AmanDesign,AmanTokyo,Japan,,,,,,,,,,,,,,,,,,,,,,,,,,,
aman_tokyo,2025-03-14T09:19:23.000Z,3787,17,Sidecar,TheSpiritofAman,AmanTokyo,Japan,,,,,,,,,,,,,,,,,,,,,,,,,,,
aman_tokyo,2025-02-21T11:30:04.000Z,2299,10,Image,TheSpiritofAman,AmanTokyo,Japan,アマン東京,,,,,,,,,,,,,,,,,,,,,,,,,,
thecapitolhoteltokyu,2024-12-19T10:00:18.000Z,354,0,Sidecar,LuxuryCapitolHotel,CapitolHotel,VisitJapan,LuxuryTokyo,LuxuryJapan,TheCapitolHotelTokyu,sustainabletokyo,ザキャピトルホテル東急,溜池山王,持続可能社会,SDGs,サステナビリティ,,,,,,,,,,,,,,,,,,
aman_tokyo,2025-03-09T08:40:03.000Z,1424,3,Image,AmanFoodie,AmanTokyo,Sakura,アマン東京,ザカフェbyアマン,桜,春,,,,,,,,,,,,,,,,,,,,,,,
thecapitolhoteltokyu,2024-12-13T12:00:39.000Z,356,1,Sidecar,ザキャピトルホテル東急,溜池山王,赤坂,クリスマスケーキ,ホテルスイーツ,LuxuryCapitolHotel,CapitolHotel,VisitJapan,LuxuryTokyo,TheCapitolHotelTokyu,tokyofoodie,TokyoChristmas,,,,,,,,,,,,,,,,,,
aman_tokyo,2025-02-26T08:59:08.000Z,2027,11,Sidecar,TheSpiritofAman,AmanTokyo,アマン東京,,,,,,,,,,,,,,,,,,,,,,,,,,,
aman_tokyo,2025-03-04T13:00:21.000Z,652,3,Sidecar,AmanWellness,AmanTokyo,アマンスパ,シーズナルジャーニー,春,,,,,,,,,,,,,,,,,,,,,,,,,
thecapitolhoteltokyu,2024-12-25T00:33:15.000Z,383,0,Sidecar,TheCapitolHotelTokyu,LuxuryCapitolHotel,CapitolHotel,VisitJapan,LuxuryTokyo,LuxuryJapan,tokyoChristmas,ザキャピトルホテル東急,溜池山王,ラグジュアリーホテル,ホテルクリスマス,,,,,,,,,,,,,,,,,,,
thecapitolhoteltokyu,2024-12-27T12:00:17.000Z,280,0,Image,ザキャピトルホテル東急,溜池山王,赤坂,ホテルスィーツ,ガレットデロワ,TheCapitolHotelTokyu,LuxuryCapitolHotel,CapitolHotel,VisitJapan,LuxuryTokyo,LuxuryJapan,tokyofoodie,,,,,,,,,,,,,,,,,,
aman_tokyo,2025-02-24T07:53:05.000Z,1095,7,Image,TheSpiritofAman,AmanTokyo,Japan,,,,,,,,,,,,,,,,,,,,,,,,,,,
thecapitolhoteltokyu,2024-12-28T12:00:16.000Z,186,0,Image,ザキャピトルホテル東急,溜池山王,赤坂,東京パワースポット,日枝神社,御朱印帳,御朱印帳集め,TheCapitolHotelTokyu,LuxuryCapitolHotel,VisitJapan,LuxuryTokyo,HieShrine,NewYear2025,TokyoNewYear,,,,,,,,,,,,,,,,
thecapitolhoteltokyu,2024-11-17T02:00:03.000Z,200,0,Image,ザキャピトルホテル東急,溜池山王,赤坂,ラグジュアリーホテル,クリスマス,パネトーネ,CapitolHotel,VisitJapan,LuxuryTokyo,LuxuryJapan,TheCapitolHotelTokyu,JapaneseFoodie,,,,,,,,,,,,,,,,,,
aman_tokyo,2025-02-23T10:46:05.000Z,1774,3,Image,TheSpiritofAman,AmanTokyo,Sakura,アマン東京,春,桜,,,,,,,,,,,,,,,,,,,,,,,,
thecapitolhoteltokyu,2024-11-22T12:00:35.000Z,257,1,Sidecar,ザキャピトルホテル東急,溜池山王,赤坂,東京ホテル,パンのある暮らし,ホテルグルメ,LuxuryCapitolHotel,VisitJapan,LuxuryTokyo,LuxuryJapan,GourmetJapan,JapaneseFoodie,michelinkey,thecapitolhoteltokyu,,,,,,,,,,,,,,,,
aman_tokyo,2025-03-07T11:00:10.000Z,3329,11,Image,TheSpiritofAman,AmanTokyo,RiverCruise,Sakura,アマン東京,リバークルーズ,桜,お花見,,,,,,,,,,,,,,,,,,,,,,
thecapitolhoteltokyu,2024-12-18T12:00:17.000Z,288,0,Sidecar,TokyoChristmaslights,VisitJapan,LuxuryTokyo,LuxuryJapan,TokyoChristmas,LuxuryCapitolHotel,CapitolHotel,TheCapitolHotelTokyu,ザキャピトルホテル東急,溜池山王,赤坂,クリスマスイルミネーション,東京イルミネーション,東京ミッドタウン日比谷,,,,,,,,,,,,,,,,
aman_tokyo,2025-01-13T03:17:07.000Z,2595,4,Sidecar,AmanFoodie,AmanTokyo,LaPâtisseriebyAman,Japan,アマン東京,ラパティスリーbyアマン東京,バレンタインデー,ホワイトデー,チョコレート,,,,,,,,,,,,,,,,,,,,,
aman_tokyo,2025-01-21T09:19:08.000Z,1443,3,Sidecar,AmanFoodie,AmanTokyo,TheLoungebyAman,アマン東京,ザラウンジbyアマン,中華料理,,,,,,,,,,,,,,,,,,,,,,,,
aman,2025-01-07T15:00:42.000Z,7908,32,Sidecar,TheSpiritofAman,AmanTokyo,Japan,,,,,,,,,,,,,,,,,,,,,,,,,,,
aman_tokyo,2025-01-17T08:56:05.000Z,1574,7,Image,AmanWellness,AmanTokyo,Japan,アマン東京,アマンスパ,プール,,,,,,,,,,,,,,,,,,,,,,,,
aman_tokyo,2025-01-09T09:00:08.000Z,490,2,Image,AmanAdventures,AmanTokyo,Sumo,アマン東京,アマン東京ジャーニー,相撲,,,,,,,,,,,,,,,,,,,,,,,,
aman,2025-02-17T14:42:02.000Z,19277,82,Sidecar,TheSpiritofAman,Tokyo,Japan,,,,,,,,,,,,,,,,,,,,,,,,,,,
aman_tokyo,2025-02-01T09:28:07.000Z,2204,3,Sidecar,AmanResorts,AmanTokyo,LaPâtisseriebyAmanTokyo,BrandyCake,アマン東京,ラパティスリーbyアマン東京,ブランデーケーキ,,,,,,,,,,,,,,,,,,,,,,,
aman_tokyo,2025-01-06T10:00:15.000Z,2174,4,Sidecar,AmanResorts,AmanTokyo,ArvabyAman,Japan,アマン東京,アルヴァ,大手町の森,,,,,,,,,,,,,,,,,,,,,,,
thecapitolhoteltokyu,2024-12-29T12:00:22.000Z,605,2,Sidecar,ザキャピトルホテル東急,溜池山王,赤坂,ホテルスィーツ,苺スィーツ,パフェ巡り,TheCapitolHotelTokyu,LuxuryCapitolHotel,CapitolHotel,VisitJapan,LuxuryTokyo,LuxuryJapan,StrawberryParfait,SeasonalDesserts,,,,,,,,,,,,,,,,
aman_tokyo,2025-01-29T03:08:08.000Z,1972,12,Sidecar,AmanFoodie,ArvabyAman,IseShima,アマン東京,アマネム,アルヴァ,伊勢志摩,イタリアン,,,,,,,,,,,,,,,,,,,,,,
aman_tokyo,2025-01-11T04:00:08.000Z,1700,1,Sidecar,AmanWellness,AmanTokyo,AmanEssentials,Yoga,アマン東京,アマンエッセンシャルズ,アマン東京ブティック,ヨガ,,,,,,,,,,,,,,,,,,,,,,
aman_tokyo,2025-01-26T09:16:04.000Z,1260,4,Image,TheSpiritofAman,AmanTokyo,Japan,,,,,,,,,,,,,,,,,,,,,,,,,,,
aman_tokyo,2024-12-17T11:00:10.000Z,2912,14,Sidecar,AmanFoodie,AmanTokyo,NewYears,アマン東京,御節,新年,輪島塗,,,,,,,,,,,,,,,,,,,,,,,
aman_tokyo,2024-12-13T08:39:04.000Z,1947,2,Image,TheSpiritofAman,Tokyo,Japan,,,,,,,,,,,,,,,,,,,,,,,,,,,
aman_tokyo,2025-01-15T09:35:06.000Z,2272,4,Image,AmanFoodie,AmanTokyo,AfternoonTea,アマン東京,ザラウンジbyアマン,アフタヌーンティー,苺,,,,,,,,,,,,,,,,,,,,,,,
aman_tokyo,2024-12-26T01:00:17.000Z,2606,9,Sidecar,AmanFoodie,AmanTokyo,アマン東京,ザカフェbyアマン,苺,期間限定,,,,,,,,,,,,,,,,,,,,,,,,
aman_tokyo,2024-12-21T06:14:06.000Z,1742,1,Sidecar,AmanResorts,AmanTokyo,アマン東京,アマン東京10周年,,,,,,,,,,,,,,,,,,,,,,,,,,
aman_tokyo,2025-02-05T04:00:06.000Z,1400,3,Image,AmanFoodie,AmanTokyo,TheLoungebyAman,アマン東京,ザラウンジbyアマン,いちご,ピスタチオ,,,,,,,,,,,,,,,,,,,,,,,
aman,2024-12-15T12:51:25.000Z,9562,21,Sidecar,TheSpiritofAman,AmanTokyo,Tokyo,Japan,,,,,,,,,,,,,,,,,,,,,,,,,,
aman_tokyo,2024-12-25T07:00:10.000Z,3463,5,Image,TheSpiritofAman,AmanTokyo,アマン東京,クリスマス,,,,,,,,,,,,,,,,,,,,,,,,,,
aman_tokyo,2024-12-23T03:39:03.000Z,1918,4,Image,AmanTokyo,TheLoungebyAman,AfternoonTea,アマン東京,ザラウンジbyアマン,アマン東京10周年,アフタヌーンティー,,,,,,,,,,,,,,,,,,,,,,,
aman_tokyo,2024-12-18T08:58:12.000Z,1569,3,Sidecar,AmanFoodie,AmanTokyo,TheCafebyAman,アマン東京,ザカフェbyアマン,クリスマス,,,,,,,,,,,,,,,,,,,,,,,,
aman_tokyo,2024-12-22T01:00:20.000Z,3365,9,Sidecar,AmanResorts,AmanTokyo,アマン東京,アマン東京10周年,,,,,,,,,,,,,,,,,,,,,,,,,,
aman_tokyo,2024-11-25T09:00:07.000Z,1531,2,Image,AmanResorts,AmanTokyo,アマン東京,,,,,,,,,,,,,,,,,,,,,,,,,,,
aman_tokyo,2024-12-07T06:18:04.000Z,971,0,Image,AmanResorts,AmanEssentials,Tokyo,アマン東京,アマンエッセンシャルズ,ブティック,クリスマス,ギフト,,,,,,,,,,,,,,,,,,,,,,
aman_tokyo,2024-11-18T03:13:07.000Z,2533,2,Sidecar,AmanResorts,AmanTokyo,GardenLounge,アマン東京,ガーデンラウンジ,和紙,,,,,,,,,,,,,,,,,,,,,,,,
aman_tokyo,2024-11-15T04:20:07.000Z,1575,3,Sidecar,AmanFoodie,TheCafebyAman,Festive,ザカフェbyアマン,フォレデセール,クリスマス,,,,,,,,,,,,,,,,,,,,,,,,
aman_tokyo,2024-11-29T08:22:04.000Z,3163,12,Image,AmanResorts,AmanTokyo,アマン東京,,,,,,,,,,,,,,,,,,,,,,,,,,,
parkhyatttokyo,2022-09-02T10:00:09.000Z,890,3,Image,ParkHyattTokyo,ParkHyatt,Hyatt,Luxuryispersonal,delicatessen,creampuff,CaramelBananaPuff,julienperrinet,キャラメルバナナパフ,ティータイム,シュークリーム,デリカテッセン,パークハイアット東京,ジュリアンペリネ,,,,,,,,,,,,,,,,
aman_tokyo,2024-12-11T08:29:03.000Z,7507,16,Image,AmanResorts,AmanTokyo,アマン東京,クリスマス,,,,,,,,,,,,,,,,,,,,,,,,,,
parkhyatttokyo,2022-11-22T10:00:29.000Z,753,2,Image,ParkHyattTokyo,ParkHyatt,Hyatt,luxuryispersonal,relaxationtime,clubonthepark,spa,wellness,wellbeing,bathtime,hotelbath,パークハイアット東京,クラブオンザパーク,スパ,ホテルバス,ウェルネス,リラクゼーション,,,,,,,,,,,,,
aman_tokyo,2024-12-02T09:08:03.000Z,1342,4,Image,TheSpiritofAman,Tokyo,Japan,,,,,,,,,,,,,,,,,,,,,,,,,,,
aman_tokyo,2024-12-09T03:21:04.000Z,1623,3,Image,TheSpiritofAman,AmanTokyo,MountFuji,アマン東京,ザラウンジbyアマン,冬,富士山,,,,,,,,,,,,,,,,,,,,,,,
aman_tokyo,2024-11-27T08:18:03.000Z,1583,8,Image,AmanTokyo,ArvabyAman,アマン東京,アルヴァ,,,,,,,,,,,,,,,,,,,,,,,,,,
parkhyatttokyo,2023-03-06T09:30:06.000Z,333,1,Image,Japanesecuisine,kozue,parkhyatttokyo,parkhyatt,hyatt,luxuryispersonal,JapaneseRestaurantKozue,nobuhiroyoshida,kanoganicrab,japanesecuine,パークハイアット東京,梢,日本料理,加能ガニ,石川県,吉田展大,,,,,,,,,,,,,,
aman_tokyo,2024-11-22T08:42:04.000Z,2153,2,Image,TheSpiritofAman,Tokyo,Japan,,,,,,,,,,,,,,,,,,,,,,,,,,,
parkhyatttokyo,2022-10-27T09:00:43.000Z,713,4,Image,parkhyatttokyo,ParkHyatt,Hyatt,luxuryispersonal,JapaneseRestaurantKozue,Japanesecuisine,kozue,autumn,inkpainting,NobuhiroYoshida,パークハイアット東京,梢,秋景色,眺望,日本料理,,,,,,,,,,,,,,,
aman_tokyo,2024-11-13T08:43:13.000Z,3389,9,Sidecar,TheSpiritofAman,AmanTokyo,AmanKyoto,Amanemu,アマンジャパンジャーニー,アマン東京,アマン京都,アマネム,,,,,,,,,,,,,,,,,,,,,,
parkhyatttokyo,2023-01-03T10:00:18.000Z,876,5,Image,ParkHyattTokyo,ParkHyatt,Hyatt,Luxuryispersonal,girandole,diningexperience,KojiroTsutsumi,exlibris,パークハイアット東京,ジランドール,ダイニング,堤耕次郎,エクスリブリス,蔵書票,,,,,,,,,,,,,,,,
parkhyatttokyo,2023-09-01T02:38:03.000Z,1099,0,Sidecar,ParkHyattTokyo,ParkHyatt,Hyatt,ThePeakLounge,PeakLounge,AfternoonTea,autumnafternoontea,moonviewing,パークハイアット東京,ピークラウンジ,アフタヌーンティー,期間限定,秋,月見,森田武二,,,,,,,,,,,,,,,
parkhyatttokyo,2023-04-18T10:00:07.000Z,539,2,Image,parkhyatttokyo,parkhyatt,hyatt,newyorkbar,Manhattan,cocktail,Manhattancocktail,luxuryispersonal,パークハイアット東京,ニューヨークバー,カクテル,マンハッタン,マンハッタンカクテル,,,,,,,,,,,,,,,,,
parkhyatttokyo,2023-05-16T10:00:08.000Z,1626,11,Sidecar,ParkHyattTokyo,ParkHyatt,Hyatt,luxuryispersonal,newyorkgrill,diningexperience,newyork,art,CarnegieHall,NewYorkYankees,RockefellerCenter,RainbowRoom,RadioCity,パークハイアット東京,ニューヨークグリル,ホテルアート,ニューヨーク,カーネギーホール,ニューヨークヤンキース,レインボールーム,ラジオシティ,,,,,,,,,
parkhyatttokyo,2023-12-01T10:00:43.000Z,995,0,Image,ParkHyattTokyo,ParkHyatt,Hyatt,luxuryispersonal,holidaydinner,newyorkgrill,girandole,kozue,thepeaklounge,diningexperience,パークハイアット東京,ホリデーディナー,クリスマス,クリスマスディナー,ニューヨークグリル,梢,ピークラウンジ,,,,,,,,,,,,,
parkhyatttokyo,2023-08-22T00:00:08.000Z,583,4,Sidecar,ParkHyattTokyo,ParkHyatt,Hyatt,Luxuryispersonal,viewfromhotel,sunrise,viewfromparkhyatttokyo,goodmorning,goodmorningtokyo,パークハイアット東京,ホテルからの景色,朝焼け,朝日,日の出,おはようございます,,,,,,,,,,,,,,,
parkhyatttokyo,2023-12-29T09:30:12.000Z,457,0,Image,ParkHyattTokyo,ParkHyatt,Hyatt,luxuryispersonal,cocktail,yearend,newyorkbar,パークハイアット東京,カクテル,,,,,,,,,,,,,,,,,,,,,
aman_tokyo,2025-01-01T00:16:04.000Z,2136,5,Image,TheSpiritofAman,AmanTokyo,アマン東京,新年,,,,,,,,,,,,,,,,,,,,,,,,,,
aman_tokyo,2025-01-03T09:00:08.000Z,2416,1,Image,AmanResorts,AmanTokyo,Japan,アマン東京,,,,,,,,,,,,,,,,,,,,,,,,,,
parkhyatttokyo,2022-09-08T09:30:21.000Z,411,2,Sidecar,ParkHyattTokyo,ParkHyatt,Hyatt,Luxuryispersonal,girandole,KojiroTsutsumi,FranceRestaurantWeek,パークハイアット東京,ジランドール,堤耕次郎,フランスレストランウィーク,,,,,,,,,,,,,,,,,,,
parkhyatttokyo,2024-01-16T09:23:32.000Z,1064,2,Image,parkhyatttokyo,LuxuryIsPersonal,roomservice,inroomdining,viewfromhotel,beautifulview,パークハイアット東京,ルームサービス,景色,眺望,インルームダイニング,,,,,,,,,,,,,,,,,,,
parkhyatttokyo,2021-06-19T02:19:54.000Z,2000,14,Sidecar,デリカテッセン,サマーギフト,父の日,delicatessen,パークハイアット東京,パークハイアット東京デリカテッセン,luxuryispersonal,takeout,takeaway,テイクアウト,,,,,,,,,,,,,,,,,,,,
aman_tokyo,2024-12-31T08:00:07.000Z,2331,10,Image,TheSpiritofAman,AmanTokyo,Japan,アマン東京,,,,,,,,,,,,,,,,,,,,,,,,,,
parkhyatttokyo,2023-10-16T09:15:49.000Z,278,2,Video,parkhyatt,parkhyattkyoto,luxuryispersonal,artstagram,artlover,discoverkyoto​,,,,,,,,,,,,,,,,,,,,,,,,
aman_tokyo,2024-10-14T09:00:08.000Z,1331,4,Image,AmanResorts,AmanTokyo,OtemachiForest,Autumn,アマン東京,大手町の森,秋,,,,,,,,,,,,,,,,,,,,,,,
aman_tokyo,2024-11-06T09:26:04.000Z,2519,8,Image,AmanResorts,AmanTokyo,Sunset,アマン東京,夕焼け,高層階,,,,,,,,,,,,,,,,,,,,,,,,
aman_tokyo,2024-10-30T08:55:07.000Z,2248,8,Sidecar,AmanFoodie,AmanTokyo,AfternoonTea,アマン東京,ザラウンジbyアマン,アフタヌーンティー,クリスマス,,,,,,,,,,,,,,,,,,,,,,,
aman_tokyo,2024-11-08T08:23:12.000Z,993,3,Sidecar,AmanWellness,AmanTokyo,アマン東京,スパ,ウェルネス,,,,,,,,,,,,,,,,,,,,,,,,,
aman_tokyo,2024-10-21T08:50:13.000Z,1100,4,Image,TheSpiritofAman,AmanTokyo,GardenLounge,アマン東京,ガーデンラウンジ,玄武岩,,,,,,,,,,,,,,,,,,,,,,,,
aman_tokyo,2024-10-23T08:51:09.000Z,1404,4,Sidecar,AmanResorts,AmanTokyo,アマン東京,アート,ボードルーム,,,,,,,,,,,,,,,,,,,,,,,,,
aman_tokyo,2024-11-11T09:05:04.000Z,1634,2,Image,AmanFoodie,AmanTokyo,アマン東京,ラパティスリーbyアマン東京,クリスマス,クリスマスケーキ,ブッシュドノエル,モンテビアンコ,シュトレン,,,,,,,,,,,,,,,,,,,,,
parkhyatttokyo,2022-03-26T01:01:02.000Z,869,0,Image,parkhyatttokyo,luxuryispersonal,WWF,earthhour,sustainability,sustainable,パークハイアット東京,サステナビリティ,サステナブル,世界自然保護基金,アースアワー,,,,,,,,,,,,,,,,,,,
aman_tokyo,2024-11-04T03:19:07.000Z,2336,4,Sidecar,AmanFoodie,SmokedCuisine,ザラウンジbyアマン,燻製料理,期間限定,,,,,,,,,,,,,,,,,,,,,,,,,
parkhyatttokyo,2021-10-08T10:00:04.000Z,1267,6,Image,parkhyatttokyo,luxuryispersonal,パークハイアット東京,frenchrestaurantweek,フレンチレストランウィーク,girandole,ジランドール,堤耕次郎,,,,,,,,,,,,,,,,,,,,,,
aman_tokyo,2024-10-25T08:51:10.000Z,1273,1,Sidecar,AmanWellness,AmanTokyo,Japan,アマン東京,アマンスパ,プール,秋,,,,,,,,,,,,,,,,,,,,,,,
parkhyatttokyo,2021-11-12T10:00:36.000Z,1344,12,Image,parkhyatttokyo,luxuryispersonal,パークハイアット東京,girandole,ジランドール,gettwomorewithhyatt,welcomedrink,ウェルカムドリンク,complimentarydrinks,ハイアットでget2,worldofhyatt,ワールドオブハイアット,hyatt,堤耕次郎,ハイアット,,,,,,,,,,,,,,,
aman,2024-11-09T23:22:23.000Z,12029,28,Sidecar,TheSpiritofAman,Tokyo,Japan,,,,,,,,,,,,,,,,,,,,,,,,,,,
parkhyatttokyo,2021-09-06T04:02:34.000Z,1933,10,Sidecar,パークハイアット東京,ランチ,ランチコース,ジランドール,梢,ピークラウンジ,parkhyatttokyo,girandole,kozue,thepeaklounge,lunch,lunchcourse,weekday,,,,,,,,,,,,,,,,,
aman_tokyo,2024-10-18T08:56:06.000Z,2745,7,Image,AmanResorts,AmanTokyo,アマン東京,秋,スイート,,,,,,,,,,,,,,,,,,,,,,,,,
aman_tokyo,2024-11-01T08:44:07.000Z,3248,11,Image,AmanResorts,AmanTokyo,Yukata,アマン東京,浴衣,,,,,,,,,,,,,,,,,,,,,,,,,
parkhyatttokyo,2021-12-28T10:00:05.000Z,1273,3,Image,parkhyatttokyo,luxuryispersonal,パークハイアット東京,newyorkgrill,newyorkgrilltokyo,ニューヨークグリル,sunset,夕暮れ,viewfromhotel,,,,,,,,,,,,,,,,,,,,,
aman_tokyo,2024-09-24T10:02:12.000Z,2042,4,Sidecar,AmanDesign,AmanTokyo,アマン東京,,,,,,,,,,,,,,,,,,,,,,,,,,,
parkhyatttokyo,2022-01-07T10:00:44.000Z,1456,10,Image,パークハイアット東京,ホテルステイ,ホテルライフ,スイートルーム,プレジデンシャルスイート,スイート,バスルーム,parkhyatttokyo,suite,suiteroom,presidentialsuite,luxuryispersonal,,,,,,,,,,,,,,,,,,
parkhyatttokyo,2022-02-03T09:00:08.000Z,2367,19,Image,parkhyatttokyo,worldofhyatt,luxuryispersonal,newyorkgrill,newyorkgrilltokyo,girandole,blue,valentinedinner,discovertokyo,パークハイアット東京,ニューヨークグリル,ジランドール,バレンタインディナー,堤耕次郎,,,,,,,,,,,,,,,,
aman_tokyo,2024-12-06T11:29:10.000Z,1898,6,Sidecar,AmanFoodie,AmanTokyo,アマン東京,アルヴァ,クリスマス,ランチ,期間限定,,,,,,,,,,,,,,,,,,,,,,,
aman_tokyo,2024-09-23T11:40:04.000Z,931,3,Image,AmanFoodie,MusashibyAman,AmanTokyo,アマン東京,武蔵byアマン,,,,,,,,,,,,,,,,,,,,,,,,,
aman_tokyo,2024-08-23T03:00:10.000Z,1915,4,Sidecar,AmanFoodie,AmanTokyo,LaPatisserie,アマン東京,ラパティスリーbyアマン東京,,,,,,,,,,,,,,,,,,,,,,,,,
aman_tokyo,2024-09-13T09:12:06.000Z,2113,4,Sidecar,AmanFoodie,AmanTokyo,TheCafebyAman,アマン東京,ザカフェbyアマン,秋,期間限定,,,,,,,,,,,,,,,,,,,,,,,
aman_tokyo,2024-09-09T09:30:03.000Z,1482,3,Image,AmanResorts,AmanTokyo,GardenLounge,アマン東京,ガーデンラウンジ,,,,,,,,,,,,,,,,,,,,,,,,,
aman_tokyo,2024-08-28T09:12:06.000Z,2002,6,Sidecar,AmanWellness,AmanTokyo,Pool,アマン東京,アマンスパ,プール,,,,,,,,,,,,,,,,,,,,,,,,
aman_tokyo,2024-09-25T03:00:05.000Z,1127,1,Image,AmanFoodie,AmanTokyo,Dinner,Musashi,アマン東京,コラボレーション,ディナー,,,,,,,,,,,,,,,,,,,,,,,
aman_tokyo,2024-09-06T10:00:09.000Z,1111,5,Image,AmanFoodie,AmanTokyo,Arva,Autumn,アマン東京,アルヴァ,秋,,,,,,,,,,,,,,,,,,,,,,,
aman_tokyo,2024-08-26T03:10:04.000Z,1008,1,Image,AmanAdventures,AmanTokyo,RiverCruise,アマン東京,エクスペリエンス,リバークルーズ,,,,,,,,,,,,,,,,,,,,,,,,
aman_tokyo,2024-09-29T06:20:08.000Z,1629,2,Sidecar,AmanFoodie,AmanTokyo,Japan,アマン東京,ザカフェbyアマン,栗,季節限定,,,,,,,,,,,,,,,,,,,,,,,
aman,2024-09-19T14:13:17.000Z,4181,16,Sidecar,TheSpiritofAman,Tokyo,Japan,,,,,,,,,,,,,,,,,,,,,,,,,,,
aman_tokyo,2024-09-16T08:52:03.000Z,901,3,Image,AmanDesign,AmanTokyo,アマン東京,,,,,,,,,,,,,,,,,,,,,,,,,,,
aman_tokyo,2024-08-31T06:15:08.000Z,1659,1,Sidecar,AmanWellness,AmanEssentials,AmanTokyo,アマン東京,アマンスパ,,,,,,,,,,,,,,,,,,,,,,,,,
aman_tokyo,2024-09-30T09:12:07.000Z,2360,5,Sidecar,AmanFoodie,AmanTokyo,ArvabyAman,アマン東京,アルヴァ,ドルチェ,,,,,,,,,,,,,,,,,,,,,,,,
aman_tokyo,2024-09-02T09:11:08.000Z,1447,1,Sidecar,AmanFoodie,AmanTokyo,LaPatisseriebyAman,アマン東京,ラパティスリーbyアマン,,,,,,,,,,,,,,,,,,,,,,,,,
aman_tokyo,2024-10-04T10:00:15.000Z,759,2,Sidecar,AmanResorts,AmanTokyo,MusashibyAman,アマン東京,武蔵byアマン,,,,,,,,,,,,,,,,,,,,,,,,,
aman,2024-10-01T13:02:33.000Z,1915,8,Video,TheSpiritofAman,Tokyo,Japan,,,,,,,,,,,,,,,,,,,,,,,,,,,
parkhyatttokyo,2020-12-30T12:00:16.000Z,1305,1,Image,parkhyatttokyo,luxuryispersonal,japaneserestaurant,japanesecuisine,parkhyatttokyokozue,hotelrestaurant,パークハイアット東京,日本料理,ホテルレストラン,日本料理梢,,,,,,,,,,,,,,,,,,,,
aman_tokyo,2024-10-07T09:00:08.000Z,1526,2,Image,AmanFoodie,AmanTokyo,アマン東京,ザラウンジbyアマン,シャインマスカット,パフェ,,,,,,,,,,,,,,,,,,,,,,,,
aman_tokyo,2024-09-04T09:58:03.000Z,959,1,Image,AmanResorts,AmanTokyo,Japan,Tokyo,アマン東京,,,,,,,,,,,,,,,,,,,,,,,,,
aman_tokyo,2024-10-11T08:59:04.000Z,674,1,Image,AmanWellness,AmanTokyo,EssentialOil,アマン東京,エッセンシャルオイル,ヒノキ,,,,,,,,,,,,,,,,,,,,,,,,
aman_tokyo,2024-10-09T10:00:09.000Z,907,2,Image,AmanResorts,AmanTokyo,Japan,Tokyo,アマン東京,ガーデンラウンジ,,,,,,,,,,,,,,,,,,,,,,,,
aman_tokyo,2024-10-02T09:00:10.000Z,1908,2,Sidecar,AmanFoodie,AmanTokyo,アマン東京,ザラウンジbyアマン,松茸,秋,期間限定,,,,,,,,,,,,,,,,,,,,,,,
amanessentials,2024-10-10T09:01:31.000Z,1218,10,Sidecar,AmanEssentials,,,,,,,,,,,,,,,,,,,,,,,,,,,,,
parkhyatttokyo,2021-01-30T13:05:22.000Z,1346,0,Image,parkhyatttokyo,luxuryispersonal,staycation,hotelart,minorunomata,metropolis,newyorkgrill,newyorkbar,パークハイアット東京,ステイケーション,ホテルアート,野又穫,メトロポリス,ニューヨークグリル,ニューヨークバー,,,,,,,,,,,,,,,
parkhyatttokyo,2021-01-04T11:46:23.000Z,1559,7,Image,parkhyatttokyo,luxuryispersonal,pool,clubonthepark,poolinthesky,urbanresort,パークハイアット東京,プール,クラブオンザパーク,天空のプール,アーバンリゾート,,,,,,,,,,,,,,,,,,,
parkhyatttokyo,2021-01-28T12:12:02.000Z,1929,11,Image,parkhyatttokyo,luxuryispersonal,staycation,viewfromhotel,パークハイアット東京,ステイケーション,ホテルからの景色,夜景,nightview,,,,,,,,,,,,,,,,,,,,,
parkhyatttokyo,2020-12-29T12:00:20.000Z,1329,6,Image,parkhyatttokyo,luxuryispersonal,thepeakbar,hotelbar,twilighttime,yearend,パークハイアット東京,ピークバー,ホテルバー,トワイライトタイム,年末,,,,,,,,,,,,,,,,,,,
parkhyatttokyo,2021-01-10T12:04:43.000Z,1734,2,Image,parkhyatttokyo,luxuryispersonal,parksuite,suiteroom,staycation,パークハイアット東京,パークスイート,ステイケーション,スイートルーム,おこもりステイ,2021初ステイ,,,,,,,,,,,,,,,,,,,
parkhyatttokyo,2021-01-29T12:04:25.000Z,908,2,Image,parkhyatttokyo,luxuryispersonal,staycation,viewfromhotel,パークハイアット東京,ステイケーション,ホテルからの景色,,,,,,,,,,,,,,,,,,,,,,,
parkhyatttokyo,2021-01-19T12:05:26.000Z,1342,0,Image,parkhyatttokyo,luxuryispersonal,hotelart,airflow,anthonydonaldson,パークハイアット東京,ホテルアート,アントニードナルドソン,エアフロー,,,,,,,,,,,,,,,,,,,,,
parkhyatttokyo,2020-12-10T12:00:29.000Z,2147,5,Image,parkhyatttokyo,luxuryispersonal,viewfromguestroom,morningview,パークハイアット東京,客室からの眺め,眺望,モーニングビュー,,,,,,,,,,,,,,,,,,,,,,
parkhyatttokyo,2020-12-01T11:54:17.000Z,1384,0,Image,parkhyatttokyo,luxuryispersonal,presidentialsuite,suiteroom,premiumsuite,パークハイアット東京,プレジデンシャルスイート,スイートルーム,プレミアムスイート,,,,,,,,,,,,,,,,,,,,,
parkhyatttokyo,2020-12-08T12:00:23.000Z,1489,3,Image,parkhyatttokyo,luxuryispersonal,パークハイアット東京,,,,,,,,,,,,,,,,,,,,,,,,,,,
parkhyatttokyo,2020-11-29T13:43:50.000Z,585,0,Image,parkhyatttokyo,luxuryispersonal,newyorkgrill,openkitchen,パークハイアット東京,ニューヨークグリル,オープンキッチン,,,,,,,,,,,,,,,,,,,,,,,
parkhyatttokyo,2020-12-04T12:00:27.000Z,1586,7,Image,parkhyatttokyo,luxuryispersonal,thepeaklounge,oasisinthesky,パークハイアット東京,ピークラウンジ,天空のオアシス,,,,,,,,,,,,,,,,,,,,,,,
parkhyatttokyo,2021-01-14T12:00:31.000Z,1459,3,Image,ParkHyattTokyo,parkhyatttokyo,luxuryispersonal,tangekenzo,skyscrapers,architecture,パークハイアット東京,丹下健三,高層ビル,建築,,,,,,,,,,,,,,,,,,,,
parkhyatttokyo,2020-12-22T12:00:26.000Z,1166,2,Image,parkhyatttokyo,luxuryispersonal,staycation,パークハイアット東京,フロントレセプション,チェックイン,ステイケーション,ホテルステイ,,,,,,,,,,,,,,,,,,,,,,
parkhyatttokyo,2020-12-13T11:53:36.000Z,1866,21,Image,parkhyatttokyo,luxuryispersonal,pool,clubonthepark,poolinthesky,パークハイアット東京,プール,クラブオンザパーク,ナイトプール,,,,,,,,,,,,,,,,,,,,,
aman_tokyo,2024-07-25T11:08:09.000Z,1206,4,Sidecar,AmanFoodie,AmanTokyo,ArvabyAman,アマン東京,アルヴァ,,,,,,,,,,,,,,,,,,,,,,,,,
parkhyatttokyo,2020-11-21T12:00:23.000Z,1672,1,Image,parkhyatttokyo,luxuryispersonal,roomservice,パークハイアット東京,ルームサービス,,,,,,,,,,,,,,,,,,,,,,,,,
aman_tokyo,2024-07-31T03:29:09.000Z,2388,6,Sidecar,AmanFoodie,AmanTokyo,TheCafebyAman,アマン東京,ザカフェbyアマン,,,,,,,,,,,,,,,,,,,,,,,,,
parkhyatttokyo,2020-12-24T12:09:05.000Z,1616,5,Image,parkhyatttokyo,luxuryispersonal,christmas,christmasdecoration,christmastree,パークハイアット東京,クリスマス,クリスマスツリー,クリスマスデコレーション,,,,,,,,,,,,,,,,,,,,,
aman_tokyo,2024-07-26T02:53:07.000Z,1491,3,Sidecar,AmanFoodie,AmanTokyo,アマン東京,ラパティスリーbyアマン東京,,,,,,,,,,,,,,,,,,,,,,,,,,
aman_tokyo,2024-07-09T15:00:20.000Z,1656,3,Sidecar,AmanFoodie,AmanTokyo,TheLoungebyAman,AfternoonTea,アマン東京,ザラウンジbyアマン,アフタヌーンティ,桃,初夏,,,,,,,,,,,,,,,,,,,,,
aman_tokyo,2024-07-18T04:03:05.000Z,715,1,Image,AmanFoodie,ArvabyAman,AmanTokyo,Japan,アルヴァ,アマン東京,アミューズ,,,,,,,,,,,,,,,,,,,,,,,
aman_tokyo,2024-07-05T15:00:22.000Z,1676,7,Sidecar,AmanFoodie,CafebyAman,AmanTokyo,Oysters,ザカフェbyアマン,牡蠣,シーフード,,,,,,,,,,,,,,,,,,,,,,,
aman_tokyo,2024-07-16T15:00:25.000Z,1338,3,Sidecar,AmanFoodie,AmanTokyo,CafebyAman,Japan,アマン東京,ザカフェbyアマン,シャインマスカット,夏,,,,,,,,,,,,,,,,,,,,,,
parkhyatttokyo,2021-01-09T11:27:12.000Z,1261,3,Image,parkhyatttokyo,luxuryispersonal,staycation,パークハイアット東京,ステイケーション,おこもりステイ,吉田修一,アンジュと頭獅王,ステイホーム,おうち時間,,,,,,,,,,,,,,,,,,,,
aman,2024-07-21T18:45:21.000Z,1924,12,Video,TheSpiritofAman,Tokyo,Japan,,,,,,,,,,,,,,,,,,,,,,,,,,,
aman_tokyo,2024-07-14T15:00:20.000Z,731,0,Sidecar,AmanWellness,AmanTokyo,AmanEssentials,AmanSpa,アマン東京,アマンスパ,アマンエッセンシャルズ,デイクリーム,夏,,,,,,,,,,,,,,,,,,,,,
aman_tokyo,2024-06-27T15:00:29.000Z,1010,0,Image,AmanResorts,AmanTokyo,Japan,アマン東京,ケリーヒル,光と影,陰翳礼讃,,,,,,,,,,,,,,,,,,,,,,,
aman_tokyo,2024-06-03T15:00:24.000Z,1926,4,Image,AmanResorts,AmanTokyo,Japan,アマン東京,ガーデンラウンジ,ドウダンツツジ,,,,,,,,,,,,,,,,,,,,,,,,
aman_tokyo,2024-07-03T15:00:18.000Z,973,3,Image,AmanResorts,AmanTokyo,Japan,Otemachi,アマン東京,コーナースイート,大手町,外苑,新宿副都心,,,,,,,,,,,,,,,,,,,,,
aman_tokyo,2024-05-30T15:00:19.000Z,697,2,Image,AmanFoodie,AmanTokyo,ArvabyAman,Japan,アルヴァ,アマン東京,夏メニュー,ベジタリアンメニュー,,,,,,,,,,,,,,,,,,,,,,
aman_tokyo,2024-06-07T15:00:30.000Z,449,0,Image,AmanWellness,AmanEssentials,AmanTokyo,Japan,アマン東京,アマンスパ,アマンスキンケア,スクラブ,夏,,,,,,,,,,,,,,,,,,,,,
aman_tokyo,2024-06-12T08:27:08.000Z,1494,8,Sidecar,AmanWellness,AmanTokyo,Japan,アマン東京,アマンスパ,プール,,,,,,,,,,,,,,,,,,,,,,,,
aman_tokyo,2024-06-20T15:08:11.000Z,495,1,Sidecar,AmanWellness,AmanTokyo,アマン東京,アマンスパ,大手町の森,瞑想,ヨガ,期間限定,,,,,,,,,,,,,,,,,,,,,,
parkhyatttokyo,2020-12-12T11:58:29.000Z,1511,4,Image,parkhyatttokyo,luxuryispersonal,breakfast,roomservice,パークハイアット東京,朝食,ルームサービス,,,,,,,,,,,,,,,,,,,,,,,
parkhyatttokyo,2020-12-06T12:03:39.000Z,1663,1,Image,parkhyatttokyo,luxuryispersonal,presidentialsuite,suiteroom,premiumsuite,パークハイアット東京,プレジデンシャルスイート,スイートルーム,プレミアムスイート,,,,,,,,,,,,,,,,,,,,,
aman,2024-06-16T21:04:10.000Z,4824,11,Sidecar,TheSpiritofAman,Tokyo,Japan,,,,,,,,,,,,,,,,,,,,,,,,,,,
aman_tokyo,2024-06-09T15:00:17.000Z,945,1,Sidecar,AmanFoodie,AmanTokyo,アマン東京,ザカフェbyアマン,ランチ,テラス,夏,,,,,,,,,,,,,,,,,,,,,,,
aman_tokyo,2024-05-24T06:32:04.000Z,1724,8,Image,AmanResorts,AmanTokyo,GardenViewSuite,アマン東京,ガーデンビュースイート,,,,,,,,,,,,,,,,,,,,,,,,,
aman_tokyo,2024-09-18T09:17:04.000Z,2049,5,Image,TheLoungebyAman,AmanTokyo,AfternoonTea,Halloween,アマン東京,ザラウンジbyアマン,アフタヌーンティー,ハロウィン,,,,,,,,,,,,,,,,,,,,,,
parkhyatttokyo,2020-11-02T12:00:03.000Z,1541,2,Image,parkhyatttokyo,luxuryispersonal,waterelm,パークハイアット東京,埋もれ木,gotoトラベル,gotoトラベルキャンペーン,,,,,,,,,,,,,,,,,,,,,,,
parkhyatttokyo,2020-11-12T12:01:09.000Z,1517,4,Image,parkhyatttokyo,luxuryispersonal,johnmorford,spiralstaircase,パークハイアット東京,ジョンモーフォード,螺旋階段,,,,,,,,,,,,,,,,,,,,,,,
parkhyatttokyo,2020-06-30T02:19:30.000Z,1058,26,Sidecar,Delicatessen,デリカテッセン,parkhyatttokyo,shinjukuparktower,yummy,miekoyuki,luxuryispersonal,パークハイアット東京,新宿パークタワー,結城美栄子,,,,,,,,,,,,,,,,,,,,
aman_tokyo,2024-07-20T15:00:24.000Z,1836,9,Sidecar,TheSpiritofAman,AmanTokyo,Japan,アマン東京,スイート,,,,,,,,,,,,,,,,,,,,,,,,,
aman_tokyo,2024-06-23T15:00:18.000Z,1725,3,Sidecar,AmanFoodie,AmanTokyo,Japan,ザラウンジbyアマン,アマン東京,Tボーンステーキ,,,,,,,,,,,,,,,,,,,,,,,,
aman_tokyo,2024-05-28T15:00:27.000Z,2446,6,Sidecar,AmanResorts,Japan,アマン東京,アマン京都,アマネム,アマンリゾーツ,,,,,,,,,,,,,,,,,,,,,,,,
parkhyatttokyo,2020-03-13T10:41:20.000Z,925,3,Sidecar,whiteday,whitedaygift,girandole,alldaydining,europeanbrasserie,parkhyatttokyo,luxuryispersonal,ホワイトデー,ホワイトデーディナー,ジランドール,パークハイアット東京,,,,,,,,,,,,,,,,,,,
aman_tokyo,2024-06-22T15:36:06.000Z,708,0,Image,AmanResorts,AmanEssentials,AmanTokyo,Japan,アマン東京,アマン東京ブティック,アマンエッセンシャルズ,,,,,,,,,,,,,,,,,,,,,,,
parkhyatttokyo,2020-06-24T02:14:16.000Z,1753,13,Sidecar,ニューヨークバー」ファンの皆様、お待たせいたしました！6/25より木曜～日曜限定で営業を再開します。多彩なカクテルとジャズの生演奏、そして圧倒的な夜景が皆様をお迎え。,newyorkbar,newyorkgrill,jazzlive,ニューヨークバー,ニューヨークグリル,ジャズライブ,parkhyatttokyo,luxuryispersonal,パークハイアット東京,,,,,,,,,,,,,,,,,,,,
aman_tokyo,2024-06-21T07:30:05.000Z,1213,3,Image,AmanResorts,AmanTokyo,シグニチャースイート,書斎,障子,,,,,,,,,,,,,,,,,,,,,,,,,
parkhyatttokyo,2019-10-02T02:04:45.000Z,515,14,Video,,,,,,,,,,,,,,,,,,,,,,,,,,,,,,
champ_travel,2024-07-31T10:42:03.000Z,448,1,Sidecar,MusashiByAman,edomaesushi,champ_travel,amantokyo,,,,,,,,,,,,,,,,,,,,,,,,,,
aman_tokyo,2024-06-26T07:50:04.000Z,1011,0,Image,AmanResorts,AmanTokyo,GardenViewSuite,アマン東京,ガーデンビュースイート,,,,,,,,,,,,,,,,,,,,,,,,,
aman_tokyo,2024-08-02T03:00:04.000Z,1178,4,Image,AmanResorts,AmanTokyo,TheLoungebyAman,アマン東京,ザラウンジbyアマン,,,,,,,,,,,,,,,,,,,,,,,,,
champ_travel,2024-08-01T08:08:32.000Z,587,5,Sidecar,MusashiByAman,edomaesushi,champ_travel,amantokyo,,,,,,,,,,,,,,,,,,,,,,,,,,
aman_tokyo,2024-08-09T02:00:07.000Z,620,2,Image,AmanFoodie,AmanTokyo,ArvabyAman,アマン東京,アルヴァ,,,,,,,,,,,,,,,,,,,,,,,,,
parkhyatttokyo,2020-11-19T12:00:24.000Z,1476,1,Image,parkhyatttokyo,luxuryispersonal,delicatessen,christmaspartyset,パークハイアット東京,デリカテッセン,クリスマスパーティーセット,,,,,,,,,,,,,,,,,,,,,,,
aman_tokyo,2024-08-06T15:00:30.000Z,2113,9,Image,TheSpiritofAman,AmanTokyo,アマン東京,ガーデンラウンジ,,,,,,,,,,,,,,,,,,,,,,,,,,
aman_tokyo,2024-07-11T15:00:25.000Z,1129,2,Image,AmanResorts,AmanTokyo,ImperialPalaceOuterGardens,Japan,アマン東京,皇居外苑,早朝,,,,,,,,,,,,,,,,,,,,,,,
parkhyatttokyo,2022-06-17T09:00:11.000Z,502,2,Image,ParkHyattTokyo,ParkHyatt,Hyatt,luxuryispersonal,newyorkbar,blueberry,raspberry,cocktail,berrybreeze,パークハイアット東京,ニューヨークバー,ブルーベリー,ラズベリー,カクテル,ベリーブリーズ,,,,,,,,,,,,,,,
aman_tokyo,2024-08-12T01:00:15.000Z,1106,2,Sidecar,AmanResorts,AmanTokyo,OtemachiForest,アマン東京,大手町の森,,,,,,,,,,,,,,,,,,,,,,,,,
parkhyatttokyo,2024-04-26T08:01:05.000Z,813,5,Video,WorldofHyatt,Hyatt,BeMoreHere,ワールドオブハイアット,ハイアット,,,,,,,,,,,,,,,,,,,,,,,,,
aman_tokyo,2024-07-23T06:53:04.000Z,1321,2,Image,AmanWellness,AmanTokyo,アマン東京,アマンスパ,,,,,,,,,,,,,,,,,,,,,,,,,,
parkhyatttokyo,2020-10-28T23:32:15.000Z,833,2,Image,GoToトラベルキャンペーン,staycation,parkhyatttokyo,luxuryispersonal,パークハイアット東京,GoToトラベル,,,,,,,,,,,,,,,,,,,,,,,,
aman_tokyo,2024-08-16T03:00:08.000Z,1530,1,Sidecar,AmanResorts,AmanTokyo,アマン東京,,,,,,,,,,,,,,,,,,,,,,,,,,,
parkhyatttokyo,2022-04-26T09:30:45.000Z,968,6,Sidecar,parkhyatttokyo,tokyosuite,suiteroom,experience,hotelstay,beautifulview,discovertokyo,omotenashi,suitestay,familyatthepark,goldenweekstay,パークハイアット東京,トーキョースイート,スイートルーム,ホテルステイ,ホテルライフ,ファミリーアットザパーク,スイートステイ,ゴールデンウィーク,,,,,,,,,,,
grandhyattjakarta,2024-05-24T06:04:37.000Z,233,0,Image,Sumire,GrandHyattJakarta,GoGrand,,,,,,,,,,,,,,,,,,,,,,,,,,,
parkhyatttokyo,2022-05-12T08:00:44.000Z,472,0,Image,ParkHyattTokyo,ParkHyatt,Hyatt,luxuryispersonal,suite,suiteroom,premiumsuite,discovertokyo,library,shuichiyoshida,パークハイアット東京,スイートルーム,プレミアムスイート,プライベートライブラリー,吉田修一,小学館,アンジュと頭獅王,,,,,,,,,,,,,
parkhyatttokyo,2022-04-19T13:33:35.000Z,1102,7,Sidecar,parkhyatttokyo,luxuryispersonal,girandole,veramercer,johnmorgord,パークハイアット東京,ジランドール,ヴェラマーサー,ジョンモーフォード,,,,,,,,,,,,,,,,,,,,,
parkhyatttokyo,2021-03-31T08:27:02.000Z,1366,9,Sidecar,梢,ディナー,旬,パークハイアット東京,parkhyatttokyo,日本料理,luxuryispersonal,日本料理梢,parkhyatttokyokozue,,,,,,,,,,,,,,,,,,,,,
aman_tokyo,2024-08-19T02:52:03.000Z,1330,6,Image,AmanFoodie,AmanTokyo,LoungebyAman,アマン東京,ザラウンジbyアマン,,,,,,,,,,,,,,,,,,,,,,,,,
parkhyatttokyo,2024-07-09T03:00:19.000Z,2906,47,Sidecar,PHT30thAnniversary,PHT30周年,PHT30thAnniversary⁠,PHT30周年⁠,ParkHyattTokyo,パークハイアット東京⁠,ParkHyatt,Hyatt,WorldOfHyatt⁠,LuxuryIsPersonal,KenzoTange,丹下健三,,,,,,,,,,,,,,,,,,
parkhyatttokyo,2024-01-25T09:00:40.000Z,1117,6,Image,parkhyatttokyo,thepeaklounge,peaklounge,lounge,bar,sunset,luxuryispersonal,パークハイアット東京,ピークラウンジ,ラウンジ,バー,,,,,,,,,,,,,,,,,,,
parkhyatttokyo,2024-07-05T21:01:04.000Z,-1,3,Sidecar,ParkHyattTokyo,パークハイアット東京⁠,ParkHyatt,Hyatt,WorldOfHyatt⁠,LuxuryIsPersonal,,,,,,,,,,,,,,,,,,,,,,,,
parkhyatttokyo,2024-07-11T03:00:21.000Z,1152,5,Sidecar,PHT30thAnniversary!⁠,PHT30周年,PHT30thAnniversary⁠,PHT30周年⁠,ParkHyattTokyo,パークハイアット東京⁠,ParkHyatt,Hyatt,WorldOfHyatt⁠,LuxuryIsPersonal,,,,,,,,,,,,,,,,,,,,
thepeninsulatokyo,2025-02-05T11:05:05.000Z,321,1,Image,,,,,,,,,,,,,,,,,,,,,,,,,,,,,,
parkhyatttokyo,2024-07-14T17:00:33.000Z,963,12,Image,PHT30thAnniversary.⁠,PHT30周年,PHT30thAnniversary⁠,PHT30周年⁠,ParkHyattTokyo,パークハイアット東京⁠,ParkHyatt,Hyatt,WorldOfHyatt⁠,LuxuryIsPersonal,,,,,,,,,,,,,,,,,,,,
thepeninsulatokyo,2025-02-06T08:27:03.000Z,509,3,Image,,,,,,,,,,,,,,,,,,,,,,,,,,,,,,
parkhyatttokyo,2024-07-14T13:01:42.000Z,359,9,Image,PHT30thAnniversary.⁠,PHT30周年,PHT30thAnniversary⁠,PHT30周年⁠,ParkHyattTokyo,パークハイアット東京⁠,ParkHyatt,Hyatt,WorldOfHyatt⁠,LuxuryIsPersonal,,,,,,,,,,,,,,,,,,,,
thepeninsulatokyo,2025-02-14T06:45:08.000Z,604,3,Image,,,,,,,,,,,,,,,,,,,,,,,,,,,,,,
parkhyatttokyo,2024-05-31T03:00:24.000Z,1796,13,Sidecar,ParkHyattTokyo,パークハイアット東京⁠,LuxuryIsPersonal,ParkHyatt,Hyatt,WorldOfHyatt,rca2024,,,,,,,,,,,,,,,,,,,,,,,
thepeninsulatokyo,2025-02-08T06:12:06.000Z,1126,3,Sidecar,,,,,,,,,,,,,,,,,,,,,,,,,,,,,,
parkhyatttokyo,2021-02-26T07:39:11.000Z,1440,6,Sidecar,parkhyatttokyo,luxuryispersonal,NomataMinoru,MUJI_CONNECTS_ART,ateliermujiginza,ModernArt,パークハイアット東京,ニューヨークグリル,野又穫,空想建築,モダンアート,,,,,,,,,,,,,,,,,,,
thepeninsulatokyo,2025-01-31T07:22:06.000Z,770,4,Sidecar,,,,,,,,,,,,,,,,,,,,,,,,,,,,,,
aman_tokyo,2024-08-21T01:00:13.000Z,687,0,Sidecar,AmanResorts,AmanEssentials,AmanTokyo,アマン東京,アマンエッセンシャルズ,,,,,,,,,,,,,,,,,,,,,,,,,
thepeninsulatokyo,2025-02-09T00:52:19.000Z,260,1,Video,SundaySlowdown,,,,,,,,,,,,,,,,,,,,,,,,,,,,,
parkhyatttokyo,2024-05-07T10:09:19.000Z,5570,187,Video,ParkHyattTokyo,パークハイアット東京,LuxuryIsPersonal,PHT30thAnniversary,PHT30周年,ParkHyatt,Hyatt,WorldOfHyatt,,,,,,,,,,,,,,,,,,,,,,
thepeninsulatokyo,2025-02-15T05:59:05.000Z,463,1,Image,,,,,,,,,,,,,,,,,,,,,,,,,,,,,,
thepeninsulatokyo,2025-01-17T03:05:04.000Z,607,4,Image,,,,,,,,,,,,,,,,,,,,,,,,,,,,,,
thepeninsulatokyo,2025-01-15T09:20:03.000Z,697,2,Image,,,,,,,,,,,,,,,,,,,,,,,,,,,,,,
thepeninsulatokyo,2025-01-22T09:48:02.000Z,749,3,Image,,,,,,,,,,,,,,,,,,,,,,,,,,,,,,
thepeninsulatokyo,2025-01-19T02:53:04.000Z,280,2,Image,,,,,,,,,,,,,,,,,,,,,,,,,,,,,,
thepeninsulatokyo,2025-01-29T02:06:05.000Z,291,3,Video,,,,,,,,,,,,,,,,,,,,,,,,,,,,,,
thepeninsulatokyo,2025-01-24T09:16:04.000Z,588,3,Image,,,,,,,,,,,,,,,,,,,,,,,,,,,,,,
thepeninsulatokyo,2025-02-22T00:15:06.000Z,474,2,Image,,,,,,,,,,,,,,,,,,,,,,,,,,,,,,
thepeninsulatokyo,2025-02-20T09:14:13.000Z,562,4,Image,,,,,,,,,,,,,,,,,,,,,,,,,,,,,,
thepeninsulatokyo,2025-01-26T02:19:27.000Z,1392,6,Sidecar,,,,,,,,,,,,,,,,,,,,,,,,,,,,,,
thepeninsulatokyo,2025-01-10T11:57:13.000Z,363,7,Image,,,,,,,,,,,,,,,,,,,,,,,,,,,,,,
thepeninsulatokyo,2025-01-25T02:26:03.000Z,354,5,Video,,,,,,,,,,,,,,,,,,,,,,,,,,,,,,
thepeninsulatokyo,2025-02-23T13:32:06.000Z,513,1,Image,,,,,,,,,,,,,,,,,,,,,,,,,,,,,,
thepeninsulatokyo,2025-02-24T07:48:06.000Z,987,5,Image,,,,,,,,,,,,,,,,,,,,,,,,,,,,,,
thepeninsulatokyo,2025-02-19T10:22:22.000Z,419,1,Image,,,,,,,,,,,,,,,,,,,,,,,,,,,,,,
thepeninsulatokyo,2025-01-08T01:09:04.000Z,842,4,Image,,,,,,,,,,,,,,,,,,,,,,,,,,,,,,
thepeninsulatokyo,2025-01-11T03:35:03.000Z,686,2,Image,,,,,,,,,,,,,,,,,,,,,,,,,,,,,,
aman,2025-03-21T15:15:28.000Z,7345,24,Sidecar,,,,,,,,,,,,,,,,,,,,,,,,,,,,,,
parkhyatttokyo,2020-11-15T12:00:22.000Z,1459,3,Image,parkhyatttokyo,luxuryispersonal,guestroomamenity,パークハイアット東京,客室アメニティ,客室アメニティー,,,,,,,,,,,,,,,,,,,,,,,,
thepeninsulatokyo,2024-12-23T03:22:03.000Z,565,6,Image,,,,,,,,,,,,,,,,,,,,,,,,,,,,,,
thepeninsulatokyo,2024-12-24T01:40:03.000Z,896,7,Image,FestivePenMoments,PenFestive,,,,,,,,,,,,,,,,,,,,,,,,,,,,
thepeninsulatokyo,2024-12-28T04:55:04.000Z,525,3,Image,,,,,,,,,,,,,,,,,,,,,,,,,,,,,,
thepeninsulatokyo,2025-01-03T01:30:05.000Z,532,3,Image,,,,,,,,,,,,,,,,,,,,,,,,,,,,,,
thepeninsulatokyo,2025-01-01T00:26:07.000Z,703,3,Image,,,,,,,,,,,,,,,,,,,,,,,,,,,,,,
peninsulahotels,2025-01-20T20:15:55.000Z,75013,27,Video,,,,,,,,,,,,,,,,,,,,,,,,,,,,,,
thepeninsulatokyo,2024-12-26T08:26:04.000Z,1331,9,Image,,,,,,,,,,,,,,,,,,,,,,,,,,,,,,
thepeninsulatokyo,2024-12-18T09:13:01.000Z,485,3,Image,,,,,,,,,,,,,,,,,,,,,,,,,,,,,,
thepeninsulatokyo,2024-12-31T01:32:53.000Z,915,7,Video,FestivePenMoments,PenFestive,,,,,,,,,,,,,,,,,,,,,,,,,,,,
thepeninsulatokyo,2024-12-25T08:54:01.000Z,568,2,Video,FestivePenMoments,PenFestive,,,,,,,,,,,,,,,,,,,,,,,,,,,,
thepeninsulatokyo,2024-12-16T15:35:13.000Z,1221,2,Sidecar,,,,,,,,,,,,,,,,,,,,,,,,,,,,,,
thepeninsulatokyo,2024-12-20T08:52:15.000Z,1495,9,Sidecar,FestivePenMoments,PenFestive,,,,,,,,,,,,,,,,,,,,,,,,,,,,
thepeninsulatokyo,2024-12-05T08:55:08.000Z,641,6,Sidecar,,,,,,,,,,,,,,,,,,,,,,,,,,,,,,
thepeninsulatokyo,2024-12-01T09:17:18.000Z,1144,5,Sidecar,,,,,,,,,,,,,,,,,,,,,,,,,,,,,,
thepeninsulatokyo,2024-12-12T03:10:06.000Z,696,3,Sidecar,,,,,,,,,,,,,,,,,,,,,,,,,,,,,,
thepeninsulatokyo,2024-12-06T08:25:04.000Z,593,3,Image,,,,,,,,,,,,,,,,,,,,,,,,,,,,,,
aman_tokyo,2024-04-24T03:46:12.000Z,2148,7,Sidecar,AmanResorts,AmanTokyo,アマン東京,,,,,,,,,,,,,,,,,,,,,,,,,,,
aman_tokyo,2024-04-29T03:35:06.000Z,936,2,Sidecar,AmanWellness,AmanTokyo,アマン東京,アマンスパ,,,,,,,,,,,,,,,,,,,,,,,,,,
thepeninsulatokyo,2024-12-03T03:42:09.000Z,1046,6,Sidecar,,,,,,,,,,,,,,,,,,,,,,,,,,,,,,
thepeninsulatokyo,2024-12-14T13:21:06.000Z,875,6,Image,,,,,,,,,,,,,,,,,,,,,,,,,,,,,,
thepeninsulatokyo,2024-12-09T00:20:04.000Z,682,5,Image,,,,,,,,,,,,,,,,,,,,,,,,,,,,,,
thepeninsulatokyo,2024-12-07T06:43:07.000Z,518,2,Image,,,,,,,,,,,,,,,,,,,,,,,,,,,,,,
thepeninsulatokyo,2024-12-04T09:11:24.000Z,596,4,Video,FestivePenMoments,PenFestive,,,,,,,,,,,,,,,,,,,,,,,,,,,,
thepeninsulatokyo,2024-12-15T02:20:04.000Z,1949,14,Video,,,,,,,,,,,,,,,,,,,,,,,,,,,,,,
thepeninsulatokyo,2024-12-11T08:55:18.000Z,631,10,Video,,,,,,,,,,,,,,,,,,,,,,,,,,,,,,
peninsulahotels,2024-12-10T02:34:15.000Z,685,2,Video,,,,,,,,,,,,,,,,,,,,,,,,,,,,,,
aman_tokyo,2024-04-22T08:30:05.000Z,1518,3,Image,AmanTokyo,OtemachiForest,EarthDay,アマン東京,大手町の森,アースデイ2024,,,,,,,,,,,,,,,,,,,,,,,,
aman_tokyo,2024-05-06T06:48:08.000Z,1607,4,Sidecar,AmanWellness,AmanTokyo,アマン東京,アマンスパ,,,,,,,,,,,,,,,,,,,,,,,,,,
aman_tokyo,2024-05-19T15:00:19.000Z,1629,4,Sidecar,LaPatisseriebyAmanTokyo,AmanTokyo,ラパティスリーbyアマン東京,アマン東京,,,,,,,,,,,,,,,,,,,,,,,,,,
thecapitolhoteltokyu,2024-08-31T12:00:23.000Z,186,0,Sidecar,TheCapitolHotelTokyu,LuxuryCapitolHotel,CapitolHotel,VisitJapan,LuxuryTokyo,LuxuryJapan,TokyoFoodie,ThePreferredLife,BelieveInTravel,PreferredRewards,TokyoNeighbourhoods,CyclingTokyo,ResponsibleTravel,AuthenticTokyo,JapanAdventure,TokyoLife,TokyoTourism,,,,,,,,,,,,,
aman_tokyo,2024-05-08T07:48:15.000Z,1178,4,Sidecar,AmanFoodie,AmanTokyo,アマン東京,アルヴァ,,,,,,,,,,,,,,,,,,,,,,,,,,
aman_tokyo,2024-05-03T07:07:03.000Z,390,1,Image,AmanEssentials,AmanTokyo,Japan,アマン東京,アマンブティック,アマンエッセンシャルズ,,,,,,,,,,,,,,,,,,,,,,,,
thecapitolhoteltokyu,2024-09-16T12:00:27.000Z,226,0,Sidecar,ザキャピトルホテル東急,溜池山王,赤坂,ラグジュアリーホテル,信州,食材フェア,軽井沢,長野,LuxuryCapitolHotel,CapitolHotel,VisitJapan,LuxuryTokyo,LuxuryJapan,CapitolTokyuHotel,TokyoFoodie,,,,,,,,,,,,,,,
aman_tokyo,2024-05-01T02:40:10.000Z,1526,3,Sidecar,AmanFoodie,AmanTokyo,アマン東京,武蔵byアマン,武蔵弘幸,,,,,,,,,,,,,,,,,,,,,,,,,
aman_tokyo,2024-05-16T15:00:24.000Z,2204,10,Image,アマン東京,建築,ケリーヒル,,,,,,,,,,,,,,,,,,,,,,,,,,,
aman_tokyo,2024-05-10T06:24:03.000Z,1213,8,Image,アマン東京,ザカフェbyアマン,,,,,,,,,,,,,,,,,,,,,,,,,,,,
aman,2024-03-21T17:42:06.000Z,6101,25,Sidecar,TheSpiritofAman,Tokyo,Japan,,,,,,,,,,,,,,,,,,,,,,,,,,,
aman_tokyo,2024-05-12T15:00:20.000Z,695,1,Image,TheCafebyAman,AmanTokyo,OtemachiForest,ザカフェbyアマン,アマン東京,大手町の森,ランチタイム,,,,,,,,,,,,,,,,,,,,,,,
aman_tokyo,2024-03-29T06:28:06.000Z,1822,7,Sidecar,TheSpiritofAman,Tokyo,Japan,アマン東京,生け花,,,,,,,,,,,,,,,,,,,,,,,,,
aman_tokyo,2024-03-27T07:31:06.000Z,703,5,Sidecar,AmanEssentials,AmanTokyo,アマン東京,アマンスパ,アマンファインフレグランス,,,,,,,,,,,,,,,,,,,,,,,,,
thecapitolhoteltokyu,2024-09-02T12:00:26.000Z,362,0,Image,ザキャピトルホテル東急,溜池山王,赤坂,ラグジュアリーホテル,生け花,草月,秋の花,菊,LuxuryCapitolHotel,CapitolHotel,VisitJapan,LuxuryTokyo,LuxuryJapan,TheCapitolHotelTokyu,Ikebana,,,,,,,,,,,,,,,
thecapitolhoteltokyu,2024-09-06T12:00:33.000Z,370,0,Sidecar,ザキャピトルホテル東急,溜池山王,赤坂,ラグジュアリーホテル,秋の味覚,栗,マロン,LuxuryCapitolHotel,CapitolHotel,VisitJapan,LuxuryTokyo,LuxuryJapan,TokyoFoodie,TheCapitolHotelTokyu,,,,,,,,,,,,,,,,
thecapitolhoteltokyu,2024-09-11T12:16:28.000Z,274,0,Sidecar,LuxuryCapitolHotel,CapitolHotel,VisitJapan,LuxuryTokyo,LuxuryJapan,CapitolTokyuHotel,TokyoFoodie,AuthenticTokyo,TokyoLife,TokyoTourism,KaisekiDiningExperience,InnovativeTeaCeremony,MemorableKaiseki,MatchaMixology,AuthenticTravelJapan,TraditionalTeaExperience,TokyoTeaCulture,TeaCeremonyMagic,,,,,,,,,,,,
aman_tokyo,2024-03-21T05:38:03.000Z,2306,7,Image,TheSpiritofAman,Tokyo,Japan,Sakura,アマン東京,,,,,,,,,,,,,,,,,,,,,,,,,
aman_tokyo,2024-05-14T15:00:38.000Z,1832,0,Image,アマン東京,ガーデンラウンジ,,,,,,,,,,,,,,,,,,,,,,,,,,,,
aman_tokyo,2024-02-21T12:44:08.000Z,2499,3,Sidecar,TheSpiritofAman,Tokyo,Japan,,,,,,,,,,,,,,,,,,,,,,,,,,,
aman_tokyo,2024-02-28T12:28:03.000Z,1401,4,Image,TheSpiritofAman,Tokyo,Japan,,,,,,,,,,,,,,,,,,,,,,,,,,,
aman_tokyo,2024-03-15T05:21:05.000Z,1064,1,Sidecar,AmanWellness,AmanTokyo,SeasonalJourney,アマン東京,アマンスパ,シーズナルジャーニー,,,,,,,,,,,,,,,,,,,,,,,,
aman_tokyo,2024-03-01T09:43:06.000Z,2988,4,Sidecar,AmanResorts,LaPâtisserie,AmanTokyo,Japan,,,,,,,,,,,,,,,,,,,,,,,,,,
aman_tokyo,2024-03-08T02:41:06.000Z,1913,5,Sidecar,AmanResorts,LaPâtisserie,AmanTokyo,Japan,,,,,,,,,,,,,,,,,,,,,,,,,,
aman_tokyo,2024-02-19T05:44:04.000Z,1435,4,Image,TheSpiritofAman,Tokyo,Japan,,,,,,,,,,,,,,,,,,,,,,,,,,,
aman_tokyo,2024-03-04T12:24:03.000Z,529,0,Image,AmanResorts,AmanToyko,Sumo,Japan,アマン東京,,,,,,,,,,,,,,,,,,,,,,,,,
aman_tokyo,2024-02-23T04:50:04.000Z,589,1,Image,AmanWellness,AmanTokyo,AmanSpa,アマン東京,アマンスパアマンエッセンシャルズ,,,,,,,,,,,,,,,,,,,,,,,,,
aman_tokyo,2024-03-11T05:00:05.000Z,420,0,Image,AmanTokyo,AmanEssentials,Japan,アマン東京,アマンエッセンシャルズ,ファインジュエリー,,,,,,,,,,,,,,,,,,,,,,,,
aman_tokyo,2024-03-13T05:08:06.000Z,2067,3,Sidecar,AmanTokyo,Sakura,RiverCruise,アマン東京,桜,リバークルーズ,,,,,,,,,,,,,,,,,,,,,,,,
aman_tokyo,2024-02-27T09:06:04.000Z,2706,7,Image,TheSpiritofAman,Tokyo,Japan,Sakura,,,,,,,,,,,,,,,,,,,,,,,,,,
aman_tokyo,2024-03-06T04:45:04.000Z,575,0,Image,AmanWellness,AmanEssentials,AmanTokyo,アマン東京,ブレンドオイル,ヒノキ,,,,,,,,,,,,,,,,,,,,,,,,
thecapitolhoteltokyu,2024-08-02T03:00:31.000Z,325,2,Sidecar,ザキャピトルホテル東急,溜池山王,赤坂,生け花,草月,ラグジュアリーホテル,TheCapitolHotelTokyu,CapitolTokyuHotel,LuxuryCapitolHotel,CapitolHotel,LuxuryTokyo,LuxuryJapan,Ikebana,ThePreferredLife,BelieveInTravel,IPreferRewards,,,,,,,,,,,,,,
thecapitolhoteltokyu,2024-07-31T12:00:37.000Z,170,0,Sidecar,TheCapitolHotelTokyu,CapitolTokyuHotel,LuxuryCapitolHotel,CapitolHotel,VisitJapan,LuxuryTokyo,LuxuryJapan,TokyoFoodie,ThePreferredLife,BelieveInTravel,PreferredRewards,KintsugiBeauty,ArtofKintsugi,Kintsugi,wabisabi,artofwabisabi,JapanArt,,,,,,,,,,,,,
thecapitolhoteltokyu,2024-08-13T03:00:30.000Z,301,0,Sidecar,ザキャピトルホテル東急,溜池山王,赤坂,ラグジュアリーホテル,ホテルランチ,夏のランチ,冷麺,TheCapitolHotelTokyu,CapitolTokyuHotel,LuxuryCapitolHotel,CapitolHotel,LuxuryTokyo,LuxuryJapan,TokyoFoodie,OrigamiRestaurant,TokyoSummer,ThePreferredLife,BelieveInTravel,IPreferRewards,,,,,,,,,,,
thecapitolhoteltokyu,2024-08-05T03:00:16.000Z,440,2,Sidecar,ザキャピトルホテル東急,溜池山王,赤坂,ラグジュアリーホテル,かき氷,夏のデザート,マンゴースイーツ,メロンスイーツ,TheCapitolHotelTokyu,CapitolTokyuHotel,LuxuryCapitolHotel,CapitolHotel,LuxuryTokyo,LuxuryJapan,TokyoFoodie,OrigamiRestaurant,tokyosummer,ThePreferredLife,BelieveInTravel,IPreferRewards,,,,,,,,,,
thecapitolhoteltokyu,2024-09-09T12:00:29.000Z,238,0,Sidecar,ザキャピトルホテル東急,溜池山王,赤坂,ラグジュアリーホテル,棟方志功,版画,アート作品,日本料理,LuxuryCapitolHotel,CapitolHotel,VisitJapan,LuxuryTokyo,LuxuryJapan,TokyoArt,JapaneseArt,TheCapitolHotelTokyu,,,,,,,,,,,,,,
thecapitolhoteltokyu,2024-08-24T03:00:34.000Z,483,0,Sidecar,ザキャピトルホテル東急,溜池山王,赤坂,ラグジュアリーホテル,ディナーイベント,秋のイベント,ホテルディナー,ホテルグルメ,美食体験,フルコース,和洋中,ソムリエ,TheCapitolHotelTokyu,CapitolTokyuHotel,LuxuryCapitolHotel,CapitolHotel,CapitolHotelAnniversary,VisitJapan,LuxuryTokyo,LuxuryJapan,TokyoGastronomy,TokyoFoodie,TokyoSummer,ThePreferredLife,BelieveInTravel,IPreferRewards,,,,
thecapitolhoteltokyu,2024-08-15T03:00:23.000Z,312,3,Sidecar,ザキャピトルホテル東急,溜池山王,赤坂,ラグジュアリーホテル,パフェ,アップルマンゴー,ホテルカフェ,マンゴーパフェ,TheCapitolHotelTokyu,CapitolTokyuHotel,LuxuryCapitolHotel,CapitolHotel,VisitJapan,LuxuryTokyo,LuxuryJapan,TokyoFoodie,OrigamiRestaurant,tokyosummer,ThePreferredLife,BelieveInTravel,IPreferRewards,,,,,,,,,
thecapitolhoteltokyu,2024-08-26T03:00:18.000Z,301,0,Sidecar,ザキャピトルホテル東急,溜池山王,赤坂,ラグジュアリーホテル,スイートルーム東京ホテル,おもてなし,TheCapitolHotelTokyu,CapitolTokyuHotel,LuxuryCapitolHotel,CapitolHotel,VisitJapan,LuxuryTokyo,LuxuryJapan,TokyoSummer,Omotenashi,,,,,,,,,,,,,,,
thecapitolhoteltokyu,2024-08-07T03:00:13.000Z,341,0,Sidecar,ザキャピトルホテル東急,溜池山王,赤坂,ラグジュアリーホテル,クラブラウンジ,北王子魯山人,星岡茶寮,和モダン,おもてなし,TheCapitolHotelTokyu,CapitolTokyuHotel,LuxuryCapitolHotel,CapitolHotel,clublounge,LuxuryTokyo,LuxuryJapan,HieShrine,omotenashi,ThePreferredLife,BelieveInTravel,IPreferRewards,,,,,,,,,
thecapitolhoteltokyu,2024-08-21T03:00:35.000Z,270,2,Sidecar,ザキャピトルホテル東急,溜池山王,赤坂,ラグジュアリーホテル,ホテルスイーツ,スイーツ,贈り物,期間限定,クッキー,TheCapitolHotelTokyu,CapitolTokyuHotel,LuxuryCapitolHotel,CapitolHotel,VisitJapan,LuxuryTokyo,LuxuryJapan,tokyosummer,ThePreferredLife,BelieveInTravel,IPreferRewards,,,,,,,,,,
aman_tokyo,2024-01-25T09:28:06.000Z,1090,3,Sidecar,AmanFoodie,AmanTokyo,ArvabyAman,アマン東京,アルヴァ,イタリアン,長崎,期間限定,,,,,,,,,,,,,,,,,,,,,,
aman,2024-01-23T11:36:38.000Z,2016,8,Sidecar,AmanResorts,ArvabyAman,Tokyo,Japan,,,,,,,,,,,,,,,,,,,,,,,,,,
aman_tokyo,2024-01-19T04:45:13.000Z,677,3,Sidecar,AmanWellness,AmanTokyo,Japan,アマン東京,アマンスパ,,,,,,,,,,,,,,,,,,,,,,,,,
thecapitolhoteltokyu,2024-07-04T03:00:25.000Z,234,0,Sidecar,ザキャピトルホテル東急,溜池山王,赤坂,ラグジュアリーホテル,スィートルーム,和モダン,TheCapitolHotelTokyu,LuxuryCapitolHotel,VisitJapan,LuxuryTokyo,LuxuryJapan,CapitolTokyuHotel,ThePreferredLife,BelieveInTravel,IPreferRewards,,,,,,,,,,,,,,,
aman_tokyo,2024-01-17T06:04:07.000Z,1537,3,Sidecar,AmanFoodie,AmanTokyo,TheLoungebyAman,アマン東京,ザラウンジバイアマン,,,,,,,,,,,,,,,,,,,,,,,,,
aman_tokyo,2023-12-31T08:27:04.000Z,3103,10,Image,AmanResorts,AmanTokyo,Japan,アマン東京,,,,,,,,,,,,,,,,,,,,,,,,,,
aman_tokyo,2024-01-09T04:47:06.000Z,2018,7,Sidecar,AmanResorts,AmanTokyo,Japan,Tokyo,アマン東京,,,,,,,,,,,,,,,,,,,,,,,,,
aman,2024-01-16T18:46:45.000Z,5099,10,Sidecar,TheSpiritofAman,Tokyo,Japan,,,,,,,,,,,,,,,,,,,,,,,,,,,
aman_tokyo,2024-01-23T07:30:05.000Z,1762,5,Image,AmanResorts,AmanTokyo,Japan,,,,,,,,,,,,,,,,,,,,,,,,,,,
aman_tokyo,2024-01-15T09:37:04.000Z,1662,3,Image,AmanFoodie,AmanTokyo,TheCafebyAman,Strawberry,アマン東京,ザカフェbyアマン,苺,,,,,,,,,,,,,,,,,,,,,,,
aman,2023-12-24T10:22:01.000Z,5087,5,Sidecar,AmanTokyo.,AmanResorts,Otematchi,Tokyo,Japan,,,,,,,,,,,,,,,,,,,,,,,,,
aman_tokyo,2024-01-13T04:51:05.000Z,3291,11,Image,AmanWellness,AmanTokyo,Japan,アマン東京,アマンスパ,,,,,,,,,,,,,,,,,,,,,,,,,
aman_tokyo,2023-12-25T03:03:05.000Z,5012,13,Image,AmanResorts,AmanTokyo,Japan,Festive,アマン東京,クリスマス,,,,,,,,,,,,,,,,,,,,,,,,
thecapitolhoteltokyu,2024-07-05T03:07:15.000Z,486,10,Sidecar,,,,,,,,,,,,,,,,,,,,,,,,,,,,,,
thecapitolhoteltokyu,2024-07-02T12:15:07.000Z,269,1,Sidecar,ザキャピトルホテル東急,溜池山王,赤坂,生け花,花火,草月,ロビー装花,ラグジュアリーホテル,TheCapitolHotelTokyu,CapitolTokyuHotel,LuxuryCapitolHotel,VisitJapan,LuxuryTokyo,LuxuryJapan,Ikebana,ThePreferredLife,BelieveInTravel,IPreferRewards,,,,,,,,,,,,
aman_tokyo,2023-12-27T08:42:12.000Z,1869,4,Sidecar,AmanWellness,AmanTokyo,アマン東京,アマンスパ,大浴場,,,,,,,,,,,,,,,,,,,,,,,,,
thecapitolhoteltokyu,2024-07-07T03:00:28.000Z,304,0,Sidecar,ザキャピトルホテル東急,溜池山王,赤坂,ラグジュアリーホテル,七夕,夏祭り,TheCapitolHotelTokyu,CapitolTokyuHotel,CapitolHotel,VisitJapan,LuxuryTokyo,LuxuryJapan,StarFestival,Tanabata,JapaneseFestival,JapaneseTradition,ThePreferredLife,BelieveInTravel,IPreferRewards,,,,,,,,,,,
thecapitolhoteltokyu,2024-07-11T12:00:26.000Z,122,0,Sidecar,SustainableTourismJapan,AuthenticTokyo,JapaneseCulture,MyTaiken,ExploreTokyo,VisitJapan,TokyoExperiences,TokyoNohExperience,Shogun,TheCapitolHotelTokyu,,,,,,,,,,,,,,,,,,,,
thecapitolhoteltokyu,2024-07-06T03:00:21.000Z,319,0,Sidecar,ザキャピトルホテル東急,溜池山王,赤坂,ラグジュアリーホテル,ホテルディナー,鰻,和食,TheCapitolHotelTokyu,CapitolTokyuHotel,CapitolHotel,VisitJapan,LuxuryTokyo,LuxuryJapan,JapaneseFood,washoku,ThePreferredLife,BelieveInTravel,IPreferRewards,,,,,,,,,,,,
aman,2023-12-01T10:21:21.000Z,5911,7,Sidecar,AmanTokyo,AmanResorts,Otematchi,Tokyo,Japan,,,,,,,,,,,,,,,,,,,,,,,,,
aman_tokyo,2023-11-29T05:15:04.000Z,698,2,Image,AmanWellness,AmanTokyo,Boutique,アマン東京,アマンスパ,キャンドル,,,,,,,,,,,,,,,,,,,,,,,,
aman_tokyo,2024-01-11T10:04:06.000Z,2895,4,Sidecar,AmanFoodie,AmanTokyo,TheLoungebyAman,AfternoonTea,アマン東京,ザラウンジbyアマン,苺,アフタヌーンティー,,,,,,,,,,,,,,,,,,,,,,
aman_tokyo,2023-12-06T08:25:04.000Z,816,4,Image,AmanResorts,AmanTokyo,Japan,Tokyo,アマン東京,,,,,,,,,,,,,,,,,,,,,,,,,
thecapitolhoteltokyu,2024-07-16T12:00:18.000Z,224,1,Image,ザキャピトルホテル東急,溜池山王,赤坂,アート作品,北大路魯山人,ラグジュアリーホテル,TheCapitolHotelTokyu,CapitolTokyuHotel,LuxuryCapitolHotel,CapitolHotel,VisitJapan,LuxuryTokyo,LuxuryJapan,KitaojiRosanjin,JapaneseArt,ThePreferredLife,BelieveInTravel,IPreferRewards,,,,,,,,,,,,
aman_tokyo,2023-11-28T08:43:05.000Z,537,0,Image,AmanAdventures,AmanTokyo,Sumo,アマン東京,アマン東京ジャーニー,相撲,,,,,,,,,,,,,,,,,,,,,,,,
aman_tokyo,2023-12-05T01:34:04.000Z,1724,2,Image,AmanFoodie,AmanTokyo,TheCafebyAman,Christmas,アマン東京,ザカフェbyアマン,クリスマス,,,,,,,,,,,,,,,,,,,,,,,
thecapitolhoteltokyu,2024-07-13T02:59:20.000Z,817,4,Sidecar,ザキャピトルホテル東急,溜池山王,赤坂,アフタヌーンティー,ヌン活,ラグジュアリーホテル,TheCapitolHotelTokyu,CapitolTokyuHotel,LuxuryCapitolHotel,CapitolHotel,VisitJapan,LuxuryTokyo,LuxuryJapan,AfternoonTea,Omotenashi,ThePreferredLife,BelieveInTravel,IPreferRewards,,,,,,,,,,,,
aman_tokyo,2023-12-04T09:50:06.000Z,674,0,Image,AmanEssentials,AmanTokyo,Japan,アマン東京,アマンエッセンシャルズ,,,,,,,,,,,,,,,,,,,,,,,,,
aman_tokyo,2023-11-01T08:58:09.000Z,914,1,Sidecar,AmanFoodie,AmanTokyo,LaPatisseriebyAmanTokyo,アマン東京,ラパティスリーbyアマン東京,,,,,,,,,,,,,,,,,,,,,,,,,
aman_tokyo,2023-11-13T09:06:05.000Z,2017,2,Image,AmanResorts,AmanTokyo,Japan,Tokyo,アマン東京,,,,,,,,,,,,,,,,,,,,,,,,,
aman,2023-11-03T11:34:47.000Z,1805,3,Sidecar,ArvabyAman,Tokyo,Japan,,,,,,,,,,,,,,,,,,,,,,,,,,,
aman_tokyo,2023-11-10T05:13:09.000Z,1030,3,Sidecar,AmanResorts,AmanTokyo,Japan,Tokyo,アマン東京,,,,,,,,,,,,,,,,,,,,,,,,,
aman_tokyo,2023-11-24T22:00:16.000Z,1571,10,Sidecar,AmanEssentials,AmanTokyo,AdventCalendar,アマン東京,アドベントカレンダー,,,,,,,,,,,,,,,,,,,,,,,,,
aman_tokyo,2023-11-03T12:54:04.000Z,2178,2,Image,AmanFoodie,AmanTokyo,TheCafebyAman,Caramel,アマン東京,ザカフェbyアマン,キャラメル,,,,,,,,,,,,,,,,,,,,,,,
aman_tokyo,2023-11-22T08:59:04.000Z,871,1,Image,AmanResorts,AmanTokyo,Boutique,アマン東京,アマン東京ブティック,アマンエッセンシャルズ,ヨガ,,,,,,,,,,,,,,,,,,,,,,,
thecapitolhoteltokyu,2024-06-08T03:03:12.000Z,153,0,Sidecar,ザキャピトルホテル東急,溜池山王,赤坂,ホテルスイーツ,父の日,ギフト,贈り物,限定商品,TheCapitolHotelTokyu,CapitolTokyuHotel,VisitJapan,LuxuryTokyo,LuxuryJapan,TokyoFoodie,FathersDay,ThePreferredLife,BelieveInTravel,IPreferRewards,,,,,,,,,,,,
thecapitolhoteltokyu,2024-06-05T03:16:06.000Z,168,0,Image,ザキャピトルホテル東急,世界環境デー,世界海洋デー,持続可能,SDGs,サステナビリティ,溜池山王,赤坂,WorldOceansDay,Worldenvironmentday,TheCapitolHotelTokyu,CapitolTokyuHotel,LuxuryCapitolHotel,VisitJapan,LuxuryTokyo,LuxuryJapan,ThePreferredLife,BelieveInTravel,IPreferRewards,,,,,,,,,,,
aman_tokyo,2023-11-20T02:37:09.000Z,1785,1,Sidecar,AmanWellness,AmanTokyo,Japan,アマン東京,スパ,,,,,,,,,,,,,,,,,,,,,,,,,
aman_tokyo,2023-11-17T08:30:09.000Z,4438,11,Sidecar,AmanFoodie,AmanTokyo,TheLoungebyAman,AfternoonTea,アマン東京,ザラウンジbyアマン,アフタヌーンティー,クリスマス,,,,,,,,,,,,,,,,,,,,,,
aman_tokyo,2023-11-08T20:50:07.000Z,5213,9,Image,AmanFoodie,AmanTokyo,TheLoungebyAman,AfternoonTea,アマン東京,ザラウンジbyアマン,チョコレート,アフタヌーンティー,,,,,,,,,,,,,,,,,,,,,,
thecapitolhoteltokyu,2024-06-13T03:00:29.000Z,295,3,Sidecar,ザキャピトルホテル東急,溜池山王,赤坂,パイナップル,ホテルスイーツ,フォトジェニック,夏,TheCapitolHotelTokyu,CapitolTokyuHotel,LuxuryCapitolHotel,VisitJapan,LuxuryTokyo,LuxuryJapan,tokyofoodie,ThePreferredLife,BelieveInTravel,IPreferRewards,,,,,,,,,,,,,
aman_tokyo,2023-11-16T09:50:09.000Z,1154,3,Sidecar,AmanFoodie,AmanTokyo,Musashi,Sushi,アマン東京,鮨,武蔵,,,,,,,,,,,,,,,,,,,,,,,
thecapitolhoteltokyu,2024-06-10T12:00:36.000Z,240,0,Sidecar,ザキャピトルホテル東急,溜池山王,赤坂,山王祭,日本三大祭,TheCapitolHotelTokyu,LuxuryCapitolHotel,CapitolHotel,CapitolTokyuHotel,SannoFestival,VisitJapan,LuxuryTokyo,LuxuryJapan,ThePreferredLife,BelieveInTravel,IPreferRewards,,,,,,,,,,,,,,
thecapitolhoteltokyu,2024-06-16T03:00:30.000Z,300,0,Sidecar,ザキャピトルホテル東急,溜池山王,赤坂,ラグジュアリーホテル,和モダン,TheCapitolHotelTokyu,CapitolTokyuHotel,CapitolHotel,VisitJapan,LuxuryTokyo,LuxuryJapan,JapaneseStyle,JapaneseDesign,ThePreferredLife,BelieveInTravel,IPreferRewards,,,,,,,,,,,,,,
thecapitolhoteltokyu,2024-06-30T12:00:06.000Z,159,0,Image,TheCapitolHotelTokyu,CapitolTokyuHotel,LuxuryCapitolHotel,CapitolHotel,VisitJapan,LuxuryTokyo,LuxuryJapan,TokyoGarden,TokyoBeauty,JapaneseGarden,japanesebeauty,ザキャピトルホテル東急,溜池山王,赤坂,東京観光,浜離宮恩賜庭園,庭園,初夏,,,,,,,,,,,,
thecapitolhoteltokyu,2024-06-29T03:00:22.000Z,202,2,Image,ザキャピトルホテル東急,溜池山王,赤坂,食フェア,ホテルディナー,夏のグルメ,TheCapitolHotelTokyu,CapitolTokyuHotel,LuxuryCapitolHotel,VisitJapan,LuxuryTokyo,LuxuryJapan,TokyoFoodie,ThePreferredLife,BelieveInTravel,IPreferRewards,,,,,,,,,,,,,,
thecapitolhoteltokyu,2024-06-21T12:00:26.000Z,273,4,Sidecar,ザキャピトルホテル東急,溜池山王,赤坂,サステイナブル,持続可能,ホテルディナー,SDGs,,,,,,,,,,,,,,,,,,,,,,,
aman_tokyo,2023-12-08T09:30:07.000Z,1066,1,Image,AmanFoodie,AmanTokyo,Arva,Christmas,アマン東京,アルヴァ,クリスマス,,,,,,,,,,,,,,,,,,,,,,,
thecapitolhoteltokyu,2024-06-25T12:00:04.000Z,231,0,Sidecar,ザキャピトルホテル東急,溜池山王,赤坂,和モダン,ラグジュアリーホテル,プレミアキング,TheCapitolHotelTokyu,CapitolTokyuHotel,LuxuryCapitolHotel,VisitJapan,LuxuryTokyo,ThePreferredLife,BelieveInTravel,IPreferRewards,,,,,,,,,,,,,,,,
thecapitolhoteltokyu,2024-06-28T03:00:29.000Z,126,0,Image,PreferredPineappleWeek,ThePreferredLife,PreferredLegendCollection,JoyofTheJourney,BelieveInTravel,IPreferRewards,thecapitolhoteltokyu,CityGuides,Tokyo,LiveLikeALocal,hospitality,LuxuryTravel,Celebration,HotelsForTheHolidays,FutureTravelGuide,TogetherInTravel,,,,,,,,,,,,,,
thecapitolhoteltokyu,2024-06-23T03:00:23.000Z,385,2,Image,ザキャピトルホテル東急,溜池山王,赤坂,ホテルランチ,冷麺,夏のランチ,TheCapitolHotelTokyu,CapitolTokyuHotel,CapitolHotel,VisitJapan,LuxuryTokyo,LuxuryJapan,JapaneseFoodie,TokyoSummer,ThePreferredLife,BelieveInTravel,IPreferRewards,,,,,,,,,,,,,
aman,2023-12-15T14:26:02.000Z,1950,2,Sidecar,AmanTokyo,AmanResorts,MusashibyAman,Tokyo,Japan,,,,,,,,,,,,,,,,,,,,,,,,,
aman_tokyo,2023-12-13T06:10:09.000Z,1087,0,Sidecar,AmanWellness,AmanTokyo,AmanSpa,Winter,アマン東京,アマンスパ,,,,,,,,,,,,,,,,,,,,,,,,
thecapitolhoteltokyu,2024-06-27T12:01:17.000Z,288,2,Video,ThePreferredLife,Celebrate,PreferredPineappleWeek,PreferredLegendCollection,BelieveInTravel,IPreferRewards,TheCapitolHotelTokyu,CapitolTokyuHotel,LuxuryCapitolHotel,CapitolHotel,VisitJapan,LuxuryTokyo,LuxuryJapan,,,,,,,,,,,,,,,,,
thecapitolhoteltokyu,2024-05-31T12:47:08.000Z,277,0,Sidecar,ザキャピトルホテル東急,溜池山王,赤坂,生け花,フラワーアレンジメント,sogetsu,季節の花,ThePreferredLife,BelieveInTravel,IPreferRewards,LuxuryCapitolHotel,CapitolHotel,VisitJapan,LuxuryTokyo,LuxuryJapan,CapitolTokyuHotel,Ikebana,,,,,,,,,,,,,
thecapitolhoteltokyu,2024-05-15T03:00:20.000Z,229,2,Image,ザキャピトルホテル東急,溜池山王,赤坂,ホテルディナー,アメリカンダイニング,TheCapitolHotelTokyu,LuxuryCapitolHotel,CapitolHotel,CapitolTokyuHotel,VisitJapan,LuxuryTokyo,LuxuryJapan,AmericanDining,,,,,,,,,,,,,,,,,
thecapitolhoteltokyu,2024-05-22T03:00:15.000Z,246,0,Sidecar,ザキャピトルホテル東急,溜池山王,赤坂,中華料理,東京中華,ホテルバイキング,ビュッフェバイキング,TheCapitolHotelTokyu,LuxuryCapitolHotel,CapitolHotel,CapitolTokyuHotel,VisitJapan,LuxuryTokyo,LuxuryJapan,TokyoFoodie,,,,,,,,,,,,,,,
thecapitolhoteltokyu,2024-05-25T12:00:11.000Z,168,0,Image,TheCapitolHotelTokyu,LuxuryCapitolHotel,CapitolHotel,CapitolTokyuHotel,VisitJapan,LuxuryTokyo,LuxuryJapan,JapanGardens,HamarikyuGardens,BeautifulJapan,ザキャピトルホテル東急,溜池山王,赤坂,東京観光,浜離宮恩賜庭園,庭園,初夏,,,,,,,,,,,,,
thecapitolhoteltokyu,2024-06-04T12:00:41.000Z,252,0,Sidecar,ザキャピトルホテル東急,日枝神社,山王祭,溜池山王,赤坂,夏祭り,お祭り,永田町,TheCapitolHotelTokyu,LuxuryCapitolHotel,CapitolHotel,CapitolTokyuHotel,VisitJapan,LuxuryTokyo,LuxuryJapan,SannoMatsuri,ThePreferredLife,BelieveInTravel,IPreferRewards,,,,,,,,,,,
thecapitolhoteltokyu,2024-05-29T03:00:15.000Z,359,0,Image,ザキャピトルホテル東急,溜池山王,赤坂,ルームサービス,ホテルディナー,フライドチキン,オリジナルチキン,TheCapitolHotelTokyu,LuxuryCapitolHotel,CapitolHotel,CapitolTokyuHotel,VisitJapan,LuxuryTokyo,LuxuryJapan,tokyofoodi,ThePreferredLife,BelieveInTravel,IPreferRewards,,,,,,,,,,,,
thecapitolhoteltokyu,2024-05-20T03:00:31.000Z,240,0,Image,ザキャピトルホテル東急,溜池山王,赤坂,ラグジュアリーホテル,絶景ホテル,夜景,TheCapitolTokyuHotel,LuxuryCapitolHotel,CapitolHotel,CapitolTokyuHotel,VisitJapan,LuxuryTokyo,LuxuryJapan,TokyoSkyline,TokyoPanorama,RoomWithAView,,,,,,,,,,,,,,
aman_tokyo,2023-10-02T07:33:07.000Z,1140,1,Sidecar,AmanWellness,AmanSpa,AmanTokyo,HydraFacial,アマン東京,アマンスパ,ハイドラフェイシャル,,,,,,,,,,,,,,,,,,,,,,,
aman_tokyo,2023-09-29T17:36:07.000Z,1868,4,Sidecar,AmanWellness,AmanTokyo,Japan,アマン東京,,,,,,,,,,,,,,,,,,,,,,,,,,
thecapitolhoteltokyu,2024-05-24T06:18:16.000Z,307,0,Sidecar,ThePreferredLife,BelieveInTravel,IPreferRewards,ザキャピトルホテル東急,お知らせ,TheCapitolHotelTokyu,LuxuryCapitolHotel,CapitolHotel,CapitolTokyuHotel,VisitJapan,LuxuryTokyo,LuxuryJapan,,,,,,,,,,,,,,,,,,
thecapitolhoteltokyu,2024-05-31T03:00:26.000Z,450,2,Sidecar,ザキャピトルホテル東急,溜池山王,赤坂,ホテルレストラン,シェフ,レストラン,料理長,おもてなし,TheCapitolHotelTokyu,LuxuryCapitolHotel,CapitolHotel,CapitolTokyuHotel,VisitJapan,LuxuryTokyo,LuxuryJapan,TokyoFoodie,TokyoCuisine,ThePreferredLife,BelieveInTravel,IPreferRewards,,,,,,,,,,
aman_tokyo,2023-09-27T04:04:07.000Z,6438,18,Sidecar,AmanFoodie,AmanTokyo,TheCafeByAman,Japan,アマン東京,ザカフェバイアマン,,,,,,,,,,,,,,,,,,,,,,,,
aman_tokyo,2023-10-06T07:40:05.000Z,2579,9,Image,AmanDesign,AmanTokyo,アマン東京,ロビー,,,,,,,,,,,,,,,,,,,,,,,,,,
thecapitolhoteltokyu,2024-05-18T03:00:25.000Z,187,0,Sidecar,ザキャピトルホテル東急,溜池山王,赤坂,ラグジュアリーホテル,絶景ホテル,夜景,TheCapitolHotelTokyu,LuxuryCapitolHotel,CapitolHotel,CapitolTokyuHotel,VisitJapan,LuxuryTokyo,LuxuryJapan,TokyoSkyline,TokyoPanorama,RoomWithAView,,,,,,,,,,,,,,
thecapitolhoteltokyu,2024-05-09T03:00:24.000Z,191,0,Sidecar,ザキャピトルホテル東急,溜池山王,赤坂,篠田桃紅,芸術,TheCapitolHotelTokyu,CapitolTokyuHotel,LuxuryCapitolHotel,CapitolHotel,VisitJapan,LuxuryTokyo,LuxuryJapan,TokyoArt,,,,,,,,,,,,,,,,,
aman_tokyo,2023-10-04T08:13:03.000Z,988,5,Image,AmanFoodie,AmanTokyo,Arva,アマン東京,アルヴァ,秋,,,,,,,,,,,,,,,,,,,,,,,,
thecapitolhoteltokyu,2024-04-13T03:00:15.000Z,353,0,Sidecar,ザキャピトルホテル東急,ホテルラウンジ,ホテルスイーツ,アフタヌーンティー,TheCapitolHotelTokyo,FoodieTokyo,LuxuryCuisine,JapaneseFoodie,TokyoGastronomy,CapitolHotelTokyo,Japan,LuxuryJapan,Tokyo,LuxuryTokyo,,,,,,,,,,,,,,,,
aman_tokyo,2023-08-28T09:11:06.000Z,1088,1,Sidecar,AmanDesign,AmanTokyo,Art,アマン東京,アート,,,,,,,,,,,,,,,,,,,,,,,,,
aman_tokyo,2023-08-30T08:20:09.000Z,787,3,Sidecar,AmanWellness,AmanTokyo,アマン東京,アマンスパ,浴衣,,,,,,,,,,,,,,,,,,,,,,,,,
aman_venice,2023-09-08T09:29:05.000Z,397,2,Sidecar,AmanFoodie,AmanVenice,AmanTokyo,Arva,,,,,,,,,,,,,,,,,,,,,,,,,,
aman_tokyo,2023-09-19T09:17:51.000Z,1003,3,Sidecar,AmanDesign,AmanTokyo,アマン東京,ガーデンラウンジ,,,,,,,,,,,,,,,,,,,,,,,,,,
aman_tokyo,2023-09-04T04:25:05.000Z,2476,4,Image,AmanDesign,AmanTokyo,Japan,アマン東京,,,,,,,,,,,,,,,,,,,,,,,,,,
thecapitolhoteltokyu,2024-04-15T03:00:23.000Z,260,2,Sidecar,ザキャピトルホテル東急,ステーキ,アメリカン,ハンバーガー,アメリカンスタイル,ホテルディナー,TheCapitolHotelTokyu,CapitolHotelTokyo,Japan,LuxuryJapan,Tokyo,LuxuryTokyo,LuxuryBurger,,,,,,,,,,,,,,,,,
thecapitolhoteltokyu,2024-04-17T02:59:30.000Z,314,5,Video,ザキャピトルホテル東急,ホテルディナー,ローストビーフ,ラグジュアリーホテル,溜池山王,TheCapitolHotelTokyu,Japan,LuxuryJapan,Tokyo,LuxuryTokyo,Umami,,,,,,,,,,,,,,,,,,,
aman_tokyo,2023-09-22T06:38:03.000Z,1784,3,Image,AmanResorts,AmanTokyo,Japan,アマン東京,,,,,,,,,,,,,,,,,,,,,,,,,,
aman_tokyo,2023-09-11T06:09:03.000Z,3809,11,Image,AmanTokyo,AfternoonTea,AmanFoodie,Halloween,アマン東京,ハロウィン,アフタヌーンティー,季節限定,,,,,,,,,,,,,,,,,,,,,,
aman_venice,2023-09-01T13:03:04.000Z,1127,4,Sidecar,AmanFoodie,AmanTokyo,AmanKyoto,,,,,,,,,,,,,,,,,,,,,,,,,,,
thecapitolhoteltokyu,2024-04-20T02:59:40.000Z,178,0,Sidecar,ザキャピトルホテル東急,ラグジュアリーホテル,パノラマビュー,夜景,溜池山王,TheCapitolHotelTokyu,Japan,LuxuryJapan,Tokyo,LuxuryTokyo,TokyoSkyline,,,,,,,,,,,,,,,,,,,
aman_tokyo,2023-09-07T23:56:15.000Z,2248,8,Sidecar,AmanWellness,AmanTokyo,AmanSpa,アマン東京,アマンスパ,,,,,,,,,,,,,,,,,,,,,,,,,
aman_tokyo,2023-09-06T06:06:03.000Z,4826,4,Image,AmanFoodie,AmanTokyo,AfternoonTea,アマン東京,アフタヌーンティー,ハロウィン,ザ・ラウンジbyアマン,,,,,,,,,,,,,,,,,,,,,,,
thecapitolhoteltokyu,2024-04-21T03:00:18.000Z,234,0,Sidecar,ザキャピトルホテル東急,溜池山王,ラグジュアリーホテル,中華,アート作品,TheCapitolHotelTokyu,Japan,LuxuryJapan,Tokyo,LuxuryTokyo,Calligraphy,,,,,,,,,,,,,,,,,,,
aman_tokyo,2023-09-18T19:09:12.000Z,1002,4,Sidecar,AmanWellness,AmanTokyo,AmanSpa,アマン東京,アマンスパ,,,,,,,,,,,,,,,,,,,,,,,,,
thecapitolhoteltokyu,2024-05-01T05:07:23.000Z,253,0,Sidecar,ザキャピトルホテル東急,生け花,草月,ラグジュアリーホテル,溜池山王,赤坂,TheCapitolHotelTokyu,CapitolTokyuHotel,LuxuryCapitolHotel,CapitolHotel,Ikebana,VisitJapan,LuxuryTokyo,LuxuryJapan,,,,,,,,,,,,,,,,
thecapitolhoteltokyu,2024-05-06T03:00:26.000Z,239,0,Sidecar,ザキャピトルホテル東急,寿司,寿司職人,旬の食材,和食,溜池山王,赤坂,TheCapitolHotelTokyu,LuxuryCapitolHotel,CapitolHotel,CapitolTokyuHotel,VisitJapan,LuxuryTokyo,LuxuryJapan,TokyoFoodie,TokyoSushi,Washoku,,,,,,,,,,,,,
aman_tokyo,2023-09-13T15:58:05.000Z,3904,12,Image,AmanDesign,AmanTokyo,GardenviewSuite,アマン東京,,,,,,,,,,,,,,,,,,,,,,,,,,
thecapitolhoteltokyu,2024-04-23T12:00:23.000Z,210,1,Sidecar,ザキャピトルホテル東急,ラグジュアリーホテル,溜池山王,TheCapitolHotelTokyo,Japan,LuxuryJapan,Tokyo,LuxuryTokyo,TokyoSkyline,,,,,,,,,,,,,,,,,,,,,
thecapitolhoteltokyu,2024-04-27T03:00:16.000Z,415,8,Sidecar,ザキャピトルホテル東急,抹茶スイーツ,カフェ,抹茶パフェ,ホテルスイーツ,TheCapitolHotelTokyu,CapitolHotelTokyo,Japan,LuxuryJapan,Tokyo,LuxuryTokyo,MatchaSweetTreats,,,,,,,,,,,,,,,,,,
thecapitolhoteltokyu,2024-05-03T03:00:10.000Z,244,1,Sidecar,ザキャピトルホテル東急,母の日,母の日のプレゼント,母の日ギフト,スイーツ,パティシエ,期間限定,TheCapitolTokyuHotel,CapitolTokyuHotel,LuxuryCapitolHotel,CapitolHotel,VisitJapan,LuxuryTokyo,LuxuryJapan,MothersDay,,,,,,,,,,,,,,,
thecapitolhoteltokyu,2024-04-29T12:00:44.000Z,134,1,Video,TheCapitolHotelTokyu,CapitolHotelTokyo,Japan,LuxuryJapan,Tokyo,LuxuryTokyo,Akasaka,TokyoNightlife,ザキャピトルホテル東急,赤坂,ラグジュアリーホテル,溜池山王,,,,,,,,,,,,,,,,,,
thecapitolhoteltokyu,2024-04-26T12:01:03.000Z,134,0,Video,TheCapitolHotelTokyu,CapitolHotelTokyo,Japan,LuxuryJapan,Tokyo,LuxuryTokyo,Akasaka,tokyonightlife,ザキャピトルホテル東急,赤坂,料亭,ラグジュアリーホテル,溜池山王,,,,,,,,,,,,,,,,,
aman_tokyo,2023-08-18T08:39:09.000Z,3071,7,Sidecar,AmanDesign,AmanTokyo,アマン東京,ロビー,,,,,,,,,,,,,,,,,,,,,,,,,,
aman_tokyo,2023-07-29T06:08:07.000Z,822,1,Sidecar,AmanResorts,AmanTokyo,Boutique,アマン東京ブティック,,,,,,,,,,,,,,,,,,,,,,,,,,
aman_tokyo,2023-08-25T03:03:09.000Z,1244,2,Sidecar,AmanWellness,AmanTokyo,AmanSpa,アマン東京,アマンスパ,ギフト,,,,,,,,,,,,,,,,,,,,,,,,
thecapitolhoteltokyu,2024-03-14T03:00:23.000Z,233,0,Sidecar,ザキャピトルホテル東急,TheCapitolHotelTokyu,苺,strawberry,イチゴ,ストロベリー,いちごマニア,いちごソムリエ,ホテルの朝食,ルームサービス,朝ごはん,優雅なひととき,ホテルライフ,ラグジュアリーホテル,StrawberryBreakfast,TokyoDelights,LuxuryTokyo,TokyoSkyline,BreakfastViews,StrawberriesInJapan,TokyuHotelTokyo,BreakfastInTokyo,LuxuryJapan,TokyoLuxury,,,,,,
aman_tokyo,2023-08-21T03:01:09.000Z,2589,9,Sidecar,AmanDesign,AmanTokyo,アマン東京,,,,,,,,,,,,,,,,,,,,,,,,,,,
thecapitolhoteltokyu,2024-03-16T03:10:40.000Z,310,1,Sidecar,ザキャピトルホテル東急,TheCapitolHotelTokyu,桜,草月,いけばな,生け花,sogetsu,日本文化,春,季節の花,東京ホテル,cherryblossom,hoteldesign,ikebana,flowerarrangement,flower,japaneseflowerarrangement,flowersinstagram,SpringIkebana,LuxuryHotelLobby,CapitolHotelTokyo,FlowerArrangement,TokyoIkebana,CapitolHotelLobby,SpringFlowers,JapaneseArt,TokyoLuxury,IkebanaDesign,,
aman_tokyo,2023-08-10T09:39:14.000Z,1143,5,Sidecar,AmanResorts,AmanTokyo,Summer,Otemachi,FamilyExperiences,アマン東京,大手町の森,大宮エリー,,,,,,,,,,,,,,,,,,,,,,
thecapitolhoteltokyu,2024-03-17T03:01:40.000Z,322,1,Video,ザキャピトルホテル東急,TheCapitolHotelTokyu,朝ご飯,ブレックファスト,ラグジュアリーホテル,東京旅行,JapanLuxuryStay,TheCapitolHotelTokyo,HealthyBreakfast,EnergyStartTheDay,5StarHotel,TokyoEats,InternationalCuisine,HealthyTokyo,LuxuryBreakfast,CapitolHotelJapan,,,,,,,,,,,,,,
aman_tokyo,2023-08-01T02:57:03.000Z,1338,3,Image,AmanFoodie,AmanTokyo,TheLoungebyAman,アマン東京,ザラウンジbyアマン,夏季限定,,,,,,,,,,,,,,,,,,,,,,,,
aman_tokyo,2023-08-02T07:55:11.000Z,948,2,Sidecar,AmanResorts,AmanTokyo,Sensu,扇子,日本橋,夏,,,,,,,,,,,,,,,,,,,,,,,,
thecapitolhoteltokyu,2024-03-23T03:00:17.000Z,205,0,Sidecar,ザキャピトルホテル東急,ラグジュアリーホテル,真珠,日本の伝統,TheCapitolHotelTokyu,capitolhoteltokyo,luxurytokyo,pearlsofjapan,EssenceOfJapan,celebrationtokyo,SpecialMomentsJapan,tokyoluxury,japanpearls,CapitolHotelCelebration,luxuryJapan,,,,,,,,,,,,,,,
aman_tokyo,2023-08-11T08:42:10.000Z,1168,4,Sidecar,AmanFoodie,AmanTokyo,LaPatisserie,アマン東京,ラパティスリーbyアマン東京,,,,,,,,,,,,,,,,,,,,,,,,,
thecapitolhoteltokyu,2024-03-25T03:00:11.000Z,222,0,Sidecar,ザキャピトルホテル東急,イースター,ホテルスイーツ,イースターエッグ,EasterTreatsTokyo,CapitolHotelJapan,TokyuLuxury,EasterSurprises,WashokuLovers,EasterCelebrations,SmileTokyo,EggcellentTreats,EasterInJapan,CapitolHotelCelebration,LuxuryJapan,,,,,,,,,,,,,,,
thecapitolhoteltokyu,2024-03-21T07:56:49.000Z,252,2,Sidecar,ザキャピトルホテル東急,桜,桜開花,日本の春,お花見,東京観光,ラグジュアリーホテル,CherryBlossomParadise,sakurabeauty,tokyoinbloom,luxurycapitolhotel,visitjapan,sakurainspiration,cherryblossom,tokyodelights,luxurytokyo,capitolhoteltokyu,,,,,,,,,,,,,
aman_tokyo,2023-07-26T02:47:07.000Z,1078,3,Sidecar,AmanResorts,AmanTokyo,Japan,アマン東京,リバークルーズ,,,,,,,,,,,,,,,,,,,,,,,,,
aman_tokyo,2023-08-14T03:01:09.000Z,1147,4,Sidecar,AmanFoodie,AmanTokyo,Arva,Musashi,アマン東京,コラボレーション,ディナー,,,,,,,,,,,,,,,,,,,,,,,
aman_tokyo,2023-08-04T01:14:06.000Z,556,1,Sidecar,AmanWellness,AmanTokyo,Spa,アマン東京,スパ,ウェルネス,,,,,,,,,,,,,,,,,,,,,,,,
thecapitolhoteltokyu,2024-03-29T12:00:33.000Z,117,0,Image,TokyoMuseumofModernArt,MOMATSpecialExhibition,ArtJapan,HotelLuxuryTrip,TokyoVacation,JapanHoliday,CultureTokyo,ContemporaryArt,LuxuryJapan,Overflow,MOMAT,CapitolHotelTokyu,LuxuryTokyo,東京国立近代美術館,ザキャピトルホテル東急,美術館,近代美術,国立美術館,東京観光,旅行,観光スポット,芸術,アート,,,,,,,
thecapitolhoteltokyu,2024-04-02T12:00:22.000Z,312,0,Sidecar,桜,草月,生け花,日本文化,春,季節の花,ザキャピトルホテル東急,お花見,CherryBlossomParadise,VisitJapanNow,SakuraInspiration,CherryBlossomJapan,TokyoDelights,LuxuryTokyo,TheCapitolHotelTokyu,CapitolTokyuHotel,Ikebana,,,,,,,,,,,,,
aman_tokyo,2023-07-27T02:41:07.000Z,1203,4,Sidecar,AmanFoodie,AmanTokyo,TheCafeByAman,Japan,アマン東京,ザカフェバイアマン,テラス,,,,,,,,,,,,,,,,,,,,,,,
thecapitolhoteltokyu,2024-04-06T03:00:17.000Z,240,0,Sidecar,ザキャピトルホテル東急,函館,北海道,北海道フェア,中華,高級中華,TheCapitolHotelTokyu,FoodieTokyo,LuxuryCuisine,JapaneseFoodie,TokyoGastronomy,CapitolHotelTokyo,Japan,LuxuryJapan,Tokyo,LuxuryTokyo,,,,,,,,,,,,,,
thecapitolhoteltokyu,2024-03-31T12:00:16.000Z,345,4,Sidecar,Omotenashi,LuxuryCapitolHotel,LuxuryTokyo,LuxuryJapan,TheCapitolTokyuHotel,CapitolTokyuHotel,ザキャピトルホテル東急,ラグジュアリーホテル,おもてなし,,,,,,,,,,,,,,,,,,,,,
thecapitolhoteltokyu,2024-04-04T03:00:27.000Z,214,0,Sidecar,ザキャピトルホテル東急,懐石,和食,春,TheCapitolHotelTokyu,FoodieTokyo,JapaneseFoodie,Kaiseki,Washoku,Luxuryjapan,CapitolHotelTokyo,Japan,Tokyo,,,,,,,,,,,,,,,,,
aman_tokyo,2023-07-08T04:54:08.000Z,2221,3,Sidecar,AmanDesign,AmanTokyo,アマン東京,,,,,,,,,,,,,,,,,,,,,,,,,,,
aman_tokyo,2023-07-03T02:54:04.000Z,2751,5,Image,AmanWellness,AmanTokyo,AmanSpa,アマン東京,アマンスパ,,,,,,,,,,,,,,,,,,,,,,,,,
aman_tokyo,2023-07-20T05:43:09.000Z,1298,3,Sidecar,AmanResorts,AmanTokyo,Arva,Wedding,アマン東京,アルヴァ,ウェディング,,,,,,,,,,,,,,,,,,,,,,,
aman_tokyo,2023-07-05T02:07:10.000Z,2718,3,Sidecar,LaPatisserie,AmanTokyo,Japan,アマン東京,大手町,丸の内,,,,,,,,,,,,,,,,,,,,,,,,
aman_tokyo,2023-07-22T03:00:14.000Z,5054,11,Sidecar,AmanWellness,AmanTokyo,AmanSpa,アマン東京,アマンスパ,バスソルト,,,,,,,,,,,,,,,,,,,,,,,,
thecapitolhoteltokyu,2024-02-11T03:00:28.000Z,275,1,Sidecar,ザキャピトルホテル東急,生け花,ホテルロビー,東京ホテル,春,美しい花,花のアート,日本の花,花の装飾,モダンな生け花,春の風景,TheCapitolHotelTokyu,WitchHazelTokyoJapan,IkebanaFlowerArrangement,TokyuHotelLobby,LuxuryJapanExperience,JapaneseNewYearDecor,SoftColoursofAoMoji,Maidenhair,Camellia,LuxuryTokyoStay,BeautyOfTokyo,PeaceAndWarmth,CapitolHotelTokyu,LuxuryJapan,,,,,
thecapitolhoteltokyu,2024-02-14T03:00:24.000Z,331,2,Sidecar,ザキャピトルホテル東急,イチゴパフェ,苺,フォトジェニック,ホテルスイーツ,東京スイーツ,パフェ,パフェ活,夜パフェ,冬スイーツ,TheCapitolHotelTokyu,LuxuryStrawberryParfait,TheCapitolHotelTokyo,JapanLuxuryDesserts,StrawberryIndulgence,SeasonalStrawberries,BerryliciousParfait,TokyoFoodie,SweetandSourFlavours,StrawberryDelight,IndulgentTreats,LuxuryJapan,LuxuryTokyo,CapitolHotelTokyu,,,,,,
aman_tokyo,2023-06-27T03:28:10.000Z,2057,4,Sidecar,AmanResorts,AmanTokyo,Japan,Tokyo,アマン東京,,,,,,,,,,,,,,,,,,,,,,,,,
aman_tokyo,2023-07-14T05:17:12.000Z,2318,7,Sidecar,AmanWellness,AmanSpa,AmanTokyo,アマン東京,アマンスパ,,,,,,,,,,,,,,,,,,,,,,,,,
thecapitolhoteltokyu,2024-02-08T02:30:09.000Z,551,5,Image,ザキャピトルホテル東急,フォーブス,フォーブストラベルガイド,5つ星,5つ星ホテル,fivestarhotel,FTGStarAwards,FTGStay,FTGJapan,Forbes,ForbesTravelGuide,ThePreferredLife,TheCapitolHotelTokyu,TokyuHotelTokyo,5Star,LuxuryTokyo,OmotenashiHospitality,Omotenashi,2024Japan,TokyoLuxury,Forbes5Star,TokyoTravelGuide,,,,,,,,
aman_tokyo,2023-07-18T08:30:09.000Z,1182,0,Sidecar,AmanFoodie,AmanTokyo,TheCafebyAman,アマン東京,ザカフェbyアマン,かき氷,,,,,,,,,,,,,,,,,,,,,,,,
aman_tokyo,2023-07-17T14:36:10.000Z,1920,3,Sidecar,AmanResorts,AmanTokyo,アマン東京,アマンジャーニー,,,,,,,,,,,,,,,,,,,,,,,,,,
aman,2023-07-23T20:11:34.000Z,4351,13,Sidecar,AmanTokyo,AmanWellness,Otemachi,Tokyo,Japan,,,,,,,,,,,,,,,,,,,,,,,,,
aman_tokyo,2023-06-30T03:15:04.000Z,3284,5,Image,AmanTokyo,TheLoungebyAman,Summer,Parfait,アマン東京,ザラウンジbyアマン,メロンパフェ,,,,,,,,,,,,,,,,,,,,,,,
aman_tokyo,2023-06-24T03:22:06.000Z,3073,0,Sidecar,AmanResorts,AmanTokyo,TheLoungebyAman,AfternoonTea,Summer,アマン東京,ザラウンジbyアマン,サマーアフタヌーンティー,,,,,,,,,,,,,,,,,,,,,,
thecapitolhoteltokyu,2024-02-25T03:00:28.000Z,276,2,Sidecar,苺,strawberry,イチゴ,ストロベリー,いちごマニア,いちごソムリエ,ホテルランチ,foodie,ランチ,東京ランチ,グルメ,東京レストラン,カレー,パスタ,ザキャピトルホテル東急,TheCapitolHotelTokyu,StrawberryLunch,TokyoLuxury,FoodieLife,LuxuryDining,JapaneseCuisine,StrawberryDelight,TokyoFoodScene,GourmetExperience,OrigamiRestaurant,LuxuryJapan,Japan,,,
thecapitolhoteltokyu,2024-02-16T03:00:19.000Z,112,0,Image,TokyoMuseumofModernArt,MOMATSpecialExhibition,ArtJapan,NakahiraTakuma,HotelLuxuryTrip,TokyoVacation,JapanHoliday,CultureTokyo,ContemporaryArt,LuxuryJapan,Overflow,Photography,MOMAT,ザキャピトルホテル東急,TheCapitolHotelTokyu,美術館,アート,芸術,展覧会,日本の美術,東京のアート,文化,近代美術,国立美術館,写真家,中平卓馬,東京国立近代美術館,momatcollection,thenationalmuseumofmodernarttokyo,
thecapitolhoteltokyu,2024-02-21T12:00:04.000Z,99,0,Image,TokyoMuseumofModernArt,MOMATSpecialExhibition,ArtTokyoJapan,RyūseiKishida,TokyuHotelLuxury,TripToTokyo,VacationInJapan,HolidayCulture,TokyoArtScene,ContemporaryArt,CulturalJapan,LuxuryJapan,Japan,MOMAT,ザキャピトルホテル東急,TheCapitolHotelTokyu,美術館,アート,芸術,展覧会,日本の美術,東京のアート,文化,歴史,近代美術,国立美術館,岸田劉生,画家,美術,現代美術
thecapitolhoteltokyu,2024-02-18T03:00:21.000Z,364,3,Sidecar,ザキャピトルホテル東急,TheCapitolHotelTokyu,ホテルディナー,dinner,東京ホテル,ライブミュージック,ホテルビュッフェ,東京ディナー,NostalgicDinner,PianoSerenade,LuxuryTokyo,KeyakiGrill,SweetDesserts,BuffetDinner,LuxuryTravel,Japan,Tokyo,LuxuryJapan,,,,,,,,,,,,
thecapitolhoteltokyu,2024-02-28T03:00:27.000Z,226,0,Sidecar,東京和食,和食,日本食,天婦羅レストラン,天婦羅,天ぷら,グルメ,揚げたて,江戸前,ザキャピトルホテル東急,TheCapitolHotelTokyu,LuxuryDiningTokyo,TempuraExperience,GastronomyJapan,SuirenCapitolHotel,FoodieTokyo,LuxuryCuisine,JapaneseFoodie,TokyoGastronomy,TempuraDelight,Tempura,Japan,Luxuryjapan,Tokyo,LuxuryTokyo,Washoku,WashokuLovers,,,
thecapitolhoteltokyu,2024-02-23T03:02:30.000Z,213,0,Video,ザキャピトルホテル東急,TheCapitolHotelTokyu,ホテルステイ,ホテルインテリア,東京ホテル,国内旅行,週末旅,週末旅行,ホカンス,ThePreferredLife,和モダン,東京バー,東京夜景,赤坂,東京パノラマビュー,TokyoLuxury,CityscapeRoom,RoomwithaView,ContemporaryHotel,AweInspiringViews,LuxuryTokyo,CityView,JapanTravel,TokyoCityscape,LuxuryJapan,Japan,Tokyo,,,
amanyangyun,2023-05-24T10:06:27.000Z,593,1,Sidecar,AmanWellness,Amanyangyun,Shanghai,China,,,,,,,,,,,,,,,,,,,,,,,,,,
aman_tokyo,2023-05-31T08:00:19.000Z,1458,3,Sidecar,AmanFoodie,TheLoungebyAman,Galette,AmanTokyo,ザラウンジバイアマン,アマン東京,ガレット,,,,,,,,,,,,,,,,,,,,,,,
aman_tokyo,2023-06-03T02:54:04.000Z,426,1,Image,AmanEssentials,AmanTokyo,AmanWellness,アマン東京,アマンファインフレグランス,,,,,,,,,,,,,,,,,,,,,,,,,
aman_tokyo,2023-06-05T05:30:06.000Z,860,2,Image,AmanResorts,AmanTokyo,TheCafebyAman,アマン東京,父の日,,,,,,,,,,,,,,,,,,,,,,,,,
thecapitolhoteltokyu,2024-01-09T12:00:46.000Z,256,0,Sidecar,ザキャピトルホテル東急,TheCapitolHotelTokyu,鳥取,日本海,上海料理,dinner,郷土料理,グルメ,食スタグラム,コース料理,食材,旬の食材,TottoriChineseCulinaryFair,CapitolHotelTokyo,LuxuryGastronomy,ChineseCuisine,TokyoFoodie,JapaneseGastronomy,TottoriCuisine,TokyuHotelExperience,GourmetTokyo,TokyoFoodScene,LuxuryTokyo,,,,,,,
aman_tokyo,2023-05-23T07:38:08.000Z,558,2,Sidecar,AmanResorts,AmanToyko,Sumo,Japan,アマン東京,,,,,,,,,,,,,,,,,,,,,,,,,
aman_tokyo,2023-06-14T03:54:09.000Z,2277,3,Sidecar,AmanWellness,AmanTokyo,Japan,アマン東京,アマンスパ,,,,,,,,,,,,,,,,,,,,,,,,,
aman_tokyo,2023-06-07T08:05:10.000Z,916,1,Sidecar,AmanWellness,AmanTokyo,アマンスパ,アマン東京,,,,,,,,,,,,,,,,,,,,,,,,,,
thecapitolhoteltokyu,2024-01-12T12:00:38.000Z,422,3,Sidecar,,,,,,,,,,,,,,,,,,,,,,,,,,,,,,
aman_tokyo,2023-06-16T03:04:07.000Z,2063,2,Sidecar,AmanFoodie,AmanTokyo,LaPatisseriebyAmanTokyo,アマン東京,ラパティスリーbyアマン東京,,,,,,,,,,,,,,,,,,,,,,,,,
thecapitolhoteltokyu,2024-01-07T12:03:02.000Z,414,2,Image,ザキャピトルホテル東急,TheCapitolHotelTokyu,パフェ,和風パフェ,和菓子,sweets,スイーツ,デザート,正月,紅白,おめでたい,新年,NewYearPairfait,TokyoGastronomy,CapitolHotelTokyo,CapitolHoytelTokyu,LuxuryDining,JapaneseFoodCulture,TokyoFoodie,TokyoFoodBlogger,ParfaitLovers,TokyoLuxuryEats,GourmetTokyo,LuxuryTokyo,,,,,,
aman_tokyo,2023-06-09T03:09:11.000Z,3659,6,Sidecar,AmanFoodie,AmanTokyo,Arva,Summer,アルヴァ,アマン東京,,,,,,,,,,,,,,,,,,,,,,,,
thecapitolhoteltokyu,2024-01-15T12:00:49.000Z,233,3,Sidecar,ザキャピトルホテル東急,thecapitolhoteltokyu,東京グルメ,フランス料理,TokyoLuxuryHotel,グルメ,食スタグラム,コース料理,食材,旬の食材,いちご,strawberry,ストロベリー,いちごソムリエ,いちごマニア,StrawberryDinner,OrigamiRestaurantExperience,CapitolTokyuHotelDinner,TokyoLuxuryDinner,CuisineGastronomy,StrawberryGourmet,LuxuryDiningTokyo,JapaneseFineDining,StrawberryDelights,OrigamiRestaurantTokyo,TokyoLuxury,JapanLuxury,CapitolHotelTokyo,,
thecapitolhoteltokyu,2024-01-22T12:00:51.000Z,199,0,Sidecar,ザキャピトルホテル東急,TheCapitolHotelTokyu,東京グルメ,旬の食材,河豚,ふぐ,コース料理,冬の味覚,贅沢,グルメ,食スタグラム,LuxuryDinner,FuguFeast,JapaneseGastronomy,TokyoLuxuryDining,GourmetCuisine,JapanTravel,LuxuryFoodie,FuguExperience,TokyoFineDining,,,,,,,,,,
thecapitolhoteltokyu,2024-01-18T12:00:51.000Z,200,3,Sidecar,ザキャピトルホテル東急,TheCapitolHotelTokyu,ラグジュアリーホテル,ホテルステイ,スイートルーム,大人の休日,国内旅行,週末旅行,高級ホテル,LuxuryLivingTokyo,SannoSuiteExperience,JapanLuxuryTravel,HeavenOnEarth,UltimateSuiteExperience,HieShrine,TokyoTravelExperiences,LuxuryHotelExperience,SannoSuitePerfection,LuxuryJapan,LuxuryTokyo,,,,,,,,,,
aman_tokyo,2023-06-13T08:27:05.000Z,534,0,Image,AmanTokyo,caviar,ARva,アマン東京,アルヴァ,キャビア,,,,,,,,,,,,,,,,,,,,,,,,
aman_tokyo,2023-06-21T08:30:05.000Z,694,1,Image,AmanEssentials,AmanTokyo,AmanSpa,アマン東京,アマンスパ,,,,,,,,,,,,,,,,,,,,,,,,,
aman_tokyo,2023-06-19T09:12:09.000Z,1627,1,Sidecar,AmanTokyo,TheCafebyAman,Summer,アマン東京,ザカフェbyアマン,トロピカルフルーツ,,,,,,,,,,,,,,,,,,,,,,,,
thecapitolhoteltokyu,2024-01-19T12:00:41.000Z,400,10,Image,ザキャピトルホテル東急,TheCapitolHotelTokyu,東京グルメ,TokyoLuxuryHotel,旬の食材,いちご,strawberry,ストロベリー,いちごソムリエ,いちごマニア,苺スイーツ,イチゴ,luxurycake,strawberrylove,swissrollcake,capitolhoteltokyu,tokyuhotel,luxurydesserts,japanesegastronomy,sweettreats,tokyodesserts,strawberrydelight,luxurytokyo,luxuryjapan,,,,,,
thecapitolhoteltokyu,2023-12-12T12:00:39.000Z,370,7,Sidecar,草月流,いけばな,花,花のある暮らし,ホテルロビー,hoteldesign,ikebana,flowerarrangement,sogetsu,flower,japaneseflowerarrangement,flowerstagram,ThePreferredLife,,,,,,,,,,,,,,,,,
thecapitolhoteltokyu,2023-12-04T12:00:01.000Z,314,2,Image,日枝神社,パワースポット,ザキャピトルホテル東急,都心のオアシス,神社,神社めぐり,パワースポット神社,開運,東京観光,CapitolHotelTokyu,LuxuryTokyo,LuxuryJapan,CapitolHotelExperience,TokyoLuxuryLife,CapitolHotel,TokyuHotelTokyo,TokyuHotelJapan,tokyo,japantrip,discovertokyo,visittokyo,shrine,japantemple,ThePrefferedLife,,,,,,
thecapitolhoteltokyu,2023-12-11T12:00:51.000Z,624,3,Sidecar,ザキャピトルアフタヌーンティー。来年2月は、さまざまなベリーの個性を活かしたメニューが並びます。ストロベリー・タイベリー・ブルーベリー・シーベリーなど、鮮やかな味わいをご堪能ください。,TheCapitol,ザキャピトルホテル東急,TheCapitolHotelTokyu,キャピトルアフタヌーンティー,ホテルスイーツ,アフタヌーンティー,アフタヌーンティ,アフタヌーンティー巡り,ヌン活,東京スイーツ,スイーツ巡り,ホテルアフタヌーンティー,赤坂グルメ,hightea,afternoonteatime,teatime,sweetstreats,timefortea,tokyofoodie,ThePreferredLife,FoodAndLuxury,LuxuryJapanHotel,GourmetExperience,LuxuryHotelExperience,FoodieInJapan,,,,
thecapitolhoteltokyu,2023-11-24T12:00:44.000Z,289,1,Image,ザキャピトルホテル東急,ホテル朝食,朝食,朝ごはん,和食,日本食,おもてなし,東京グルメ,東京ディナー,ホテルレストラン,CapitolHotelLuxury,LuxuryJapan,AuthenticJapaneseBreakfast,TheCapitolHotelTokyu,TokyoLuxuryStay,JapaneseFoodie,TokyoBreakfast,LuxuryTravelJapan,TokyoFoodie,TravelToJapan,GourmetExperience,LuxuryJapaneseBreakfast,LuxuryBreakfastTokyo,,,,,,,
thecapitolhoteltokyu,2023-12-08T12:00:43.000Z,260,3,Sidecar,,,,,,,,,,,,,,,,,,,,,,,,,,,,,,
aman_tokyo,2023-04-27T05:36:14.000Z,1589,1,Sidecar,AmanWellness,AmanTokyo,アマン東京,アマンスパ,,,,,,,,,,,,,,,,,,,,,,,,,,
aman_tokyo,2023-04-16T06:42:16.000Z,1910,6,Sidecar,AmanFoodie,AmanTokyo,LaPatisseriebyAmanTokyo,アマン東京,ラパティスリーbyアマン東京,,,,,,,,,,,,,,,,,,,,,,,,,
thecapitolhoteltokyu,2023-12-06T12:02:02.000Z,230,3,Video,ジャパンケーキショー,ジャパンケーキショー東京,ホテルスイーツ,手土産スイーツ,スイーツギフト,スイーツグラム,期間限定,東京スイーツ,スイーツ部,焼き菓子,米粉,米粉スイーツ,japancakeshow,riceflour,chiffoncake,foodblogfeed,foodfluffer,eattheworld,foodphotography,ThePreferredLife,,,,,,,,,,
thecapitolhoteltokyu,2023-11-20T12:00:38.000Z,232,0,Sidecar,ザキャピトルホテル東急,thecapitolhoteltokyu,クリスマスパーティー,クリスマスプレゼント,クリスマス,ホテルディナー,東京グルメ,フランス料理,ChristmasAtCapitolHotelTokyu,LuxuryChristmasDinner,TokyoLuxuryHotel,JapanCuisineChristmas,FestiveCelebrationsTokyo,CapitolHotelChristmasExperience,ChristmasFeastTokyo,CelebrateInStyle,TokyoHolidaySeason,CapitolHotelChristmasCelebrate,ChristmasInJapan,TokyuHotelTokyo,TokyuHotelJapan,,,,,,,,,
thecapitolhoteltokyu,2023-12-13T12:00:53.000Z,245,0,Sidecar,ザキャピトルホテル東急,thecapitolhoteltokyu,クリスマスパーティー,クリスマスプレゼント,クリスマス,ホテルランチ,東京グルメ,フランス料理,ChristmasAtCapitolHotelTokyu,TokyoLuxuryHotel,JapanCuisineChristmas,FestiveCelebrationsTokyo,CapitolHotelChristmasExperience,ChristmasFeastTokyo,CelebrateInStyle,TokyoHolidaySeason,CapitolHotelChristmasCelebrate,ChristmasInJapan,TokyuHotelTokyo,TokyuHotelJapan,ThePreferredLife,,,,,,,,,
thecapitolhoteltokyu,2023-11-22T04:07:25.000Z,172,0,Image,いい夫婦の日。お互いへの感謝の気持ちをかたちにする素敵な日ですね。,ザキャピトルホテル東急,ホテルウエディング,結婚式,ブライダル,ウエディング,ウエディングドレス,ウエディングパーティー,ブライダルホテル,ウエディングプラン,ウエディング会場,1122,CouplesDayTokyo,CapitolHotelLove,LuxuryCouplesDay,WeddingCelebrationTokyo,LoveCapitolHotel,RomanticTokyo,CelebrateGoodCouplesDay,CapitolHotelLuxury,TokyoWeddingLove,CelebrateWithCapitolHotel,LuxuryJapan,LovinInJapan,TokyoWedding,LoveJapan,GoodCouplesDay,TokyoGoodCouplesDay,,
aman_tokyo,2023-04-19T09:43:09.000Z,3665,13,Sidecar,AmanFoodie,AmanTokyo,Arva,アマン東京,ドルチェインアルヴァ,アルヴァ,,,,,,,,,,,,,,,,,,,,,,,,
aman_tokyo,2023-05-13T13:00:40.000Z,2070,3,Sidecar,AmanResorts,AmanTokyo,TheLoungebyAman,Japan,アマン東京,ザラウンジbyアマン,,,,,,,,,,,,,,,,,,,,,,,,
aman_tokyo,2023-05-03T09:02:12.000Z,2176,2,Sidecar,AmanDesign,AmanTokyo,Japan,アマン東京,,,,,,,,,,,,,,,,,,,,,,,,,,
aman_tokyo,2023-05-05T09:43:10.000Z,455,1,Sidecar,AmanEssentials,AmanTokyo,AmanWellness,アマン東京,アマンスパ,,,,,,,,,,,,,,,,,,,,,,,,,
thecapitolhoteltokyu,2023-11-16T12:00:42.000Z,208,0,Sidecar,ザキャピトルホテル東急,thecapitolhoteltokyu,イベント,イベント情報,ホテルイベント,ディナーイベント,お知らせ,event,chefstable,ThePreferredLife,LuxuryChristmasCuisine,TokyoGastronomy,LuxuryHotelTokyo,FrenchCuisineTokyo,TokyoTruffles,ChristmasInTokyo,LuxuryDining,JapanFineFood,JapanFoodie,ChristmasInJapan,LuxuryChristmasJapan,LuxuryHotelJapan,,,,,,,,
thecapitolhoteltokyu,2023-11-18T12:00:30.000Z,249,0,Sidecar,ザキャピトルホテル東急,TheCapitolHotelTokyu,ホテルステイ,ホテルインテリア,東京ホテル,国内旅行,週末旅,週末旅行,ホカンス,hotelstay,ThePreferredLife,autumn,fall,koyo,autumnleaves,JapaninAutumn,Tokyoautumn,autumncolors,autumncolours,Japantravel,luxurytravel,luxuryhotel,Tokyohotel,Japan,fivestarhotel,,,,,
aman_tokyo,2023-05-16T12:55:12.000Z,802,2,Sidecar,AmanEssentials,AmanTokyo,アマン東京,,,,,,,,,,,,,,,,,,,,,,,,,,,
aman_tokyo,2023-05-09T02:06:12.000Z,3613,8,Sidecar,AmanResorts,AmanTokyo,Tokyo,Japan,アマン東京,,,,,,,,,,,,,,,,,,,,,,,,,
thecapitolhoteltokyu,2023-12-01T12:08:55.000Z,222,3,Video,ザキャピトルホテル東急,クリスマス,ホテルステイ,イルミネーション,クリスマスツリー,クリスマスプレゼント,東京,ラグジュアリーホテル,CapitolHotelTokyu,LuxuryTokyo,LuxuryJapan,ChristmasatCapitolHotel,MagicalChristmasTokyo,ChampagneChristmas,LoveinTokyo,CapitolHotelExperience,TokyoLuxuryLife,ChristmasinJapan,FestiveCelebrationsTokyo,CapitolHotelChristmasExperience,ChristmasFeastTokyo,CelebrateInStyle,TokyoHolidaySeason,CapitolHotel,ChristmasCelebrate,ChristmasInJapan,TokyuHotelTokyo,TokyuHotelJapan,,
aman_tokyo,2023-05-20T10:35:10.000Z,5764,14,Sidecar,AmanResorts,AmanTokyo,Japan,Tokyo,アマン東京,,,,,,,,,,,,,,,,,,,,,,,,,
aman_tokyo,2023-04-22T09:16:05.000Z,5462,3,Image,AmanFoodie,AmanTokyo,TheCafebyAman,ザカフェbyアマン,アマン東京,,,,,,,,,,,,,,,,,,,,,,,,,
aman_tokyo,2023-04-14T10:34:06.000Z,3162,6,Image,AmanResorts,AmanTokyo,Spring,アマン東京,春,清明,,,,,,,,,,,,,,,,,,,,,,,,
aman_tokyo,2023-03-21T08:51:10.000Z,2708,6,Sidecar,AmanFoodie,AmanTokyo,TheLoungebyAman,アマン東京,ザラウンジバイアマン,,,,,,,,,,,,,,,,,,,,,,,,,
aman_tokyo,2023-03-15T09:10:17.000Z,1095,3,Sidecar,AmanWellness,AmanSpa,Japan,アマン東京,シーズナルジャーニー,,,,,,,,,,,,,,,,,,,,,,,,,
aman_tokyo,2023-04-10T10:27:10.000Z,3212,6,Sidecar,AmanResorts,TheLoungebyAman,AmanTokyo,AfternoonTea,アマン東京,ザラウンジbyアマン,ハーブガーデンアフタヌーンティ,,,,,,,,,,,,,,,,,,,,,,,
aman_tokyo,2023-03-10T09:13:05.000Z,1700,3,Image,AmanFoodie,AmanTokyo,TheCafebyAman,Sakura,アマン東京,ザカフェbyアマン,桜,,,,,,,,,,,,,,,,,,,,,,,
aman,2023-03-29T15:49:05.000Z,8516,21,Sidecar,TheSpiritofAman,Tokyo,Japan,Sakura,,,,,,,,,,,,,,,,,,,,,,,,,,
aman_tokyo,2023-04-04T12:00:32.000Z,2036,9,Sidecar,AmanTokyo,TheCafebyAman,Matcha,AmanFoodie,アマン東京,ザカフェバイアマン,抹茶,,,,,,,,,,,,,,,,,,,,,,,
aman_tokyo,2023-03-18T06:53:11.000Z,2268,8,Sidecar,AmanTokyo,Sakura,SakuraRiverCruise,アマン東京,桜,リバークルーズ,,,,,,,,,,,,,,,,,,,,,,,,
aman_tokyo,2023-04-07T08:32:16.000Z,1228,3,Sidecar,AmanWellness,AmanTokyo,Japan,Nourishing,アマンスパ,,,,,,,,,,,,,,,,,,,,,,,,,
thecapitolhoteltokyu,2023-10-19T12:00:45.000Z,227,0,Image,ザキャピトルホテル東急,thecapitolhoteltokyu,クリスマスパーティー,クリスマスプレゼント,クリスマス,ホテル女子会,パーティープランナー,記念日,記念日旅行,サプライズ旅行,anniversaryparty,luxuryhotel,anniversarycelebration,anniversaryplanner,xmasgifts,christmastravel,christmasplanner,ThePreferredLife,,,,,,,,,,,,
aman_tokyo,2023-03-20T11:50:05.000Z,3983,14,Image,AmanTokyo,AmanDesign,Japan,アマン東京,,,,,,,,,,,,,,,,,,,,,,,,,,
thecapitolhoteltokyu,2023-10-22T00:00:36.000Z,632,20,Image,ザキャピトルホテル東急,TheCapitolHotelTokyu,開業,12周年,anniversary,HotelAnniversary,TokyuHotel,tokyohotel,ThePreferredLife,,,,,,,,,,,,,,,,,,,,,
thecapitolhoteltokyu,2023-10-17T12:01:00.000Z,470,4,Sidecar,ザキャピトルホテル東急,TheCapitolHotelTokyu,ホテルステイ,クラブラウンジ,クラブフロア,ホテルラウンジ,東京ホテル,国内旅行,週末旅,週末旅行,大人の休日,ホカンス,hotelstay,hotelstyle,clublounge,visitjapan,luxuryhotel,luxuryhotelsworld,luxurytraveller,japantravel,tokyotrip,travelbucketlist,ThePreferredLife,,,,,,,
aman_tokyo,2023-03-30T08:51:20.000Z,1343,3,Sidecar,AmanWellness,AmanEssentials,AmanTokyo,アマンファインフレグランス,アマン東京,,,,,,,,,,,,,,,,,,,,,,,,,
thecapitolhoteltokyu,2023-09-13T11:56:19.000Z,187,0,Image,ザキャピトルホテル東急,TheCapitolHotelTokyu,芸術の秋,ホテルアート,ホテルインテリア,アートのある暮らし,ホテル巡り,東京ホテル,hotelart,hotels,hoteldecor,japaneseartist,japaneseartwork,ThePreferredLife,,,,,,,,,,,,,,,,
aman_tokyo,2023-04-28T09:26:18.000Z,711,7,Sidecar,AmanFoodie,AmanTokyo,Spring,Arva,アマン東京,アルヴァ,,,,,,,,,,,,,,,,,,,,,,,,
thecapitolhoteltokyu,2023-09-30T12:00:09.000Z,262,0,Sidecar,草月流,いけばな,花,花のある暮らし,ホテルロビー,hoteldesign,ikebana,flowerarrangement,sogetsu,flower,japaneseflowerarrangement,flowerstagram,,,,,,,,,,,,,,,,,,
thecapitolhoteltokyu,2023-10-03T12:00:07.000Z,213,0,Image,秋,ランチ,ホテルディナー,ホテルランチ,東京ランチ,東京グルメ,東京ディナー,秋の味覚,贅沢時間,foodporn,instafood,foodphotography,tokyohotel,foodstagram,dinner,dinnertime,tokyogourmet,tokyofoodie,ThePreferredLife,,,,,,,,,,,
thecapitolhoteltokyu,2023-09-29T09:01:06.000Z,203,1,Image,中秋の名月,ザキャピトルホテル東急,TheCapitolHotelTokyu,芸術の秋,ホテルアート,ホテルインテリア,アートのある暮らし,ホテル巡り,東京ホテル,カクテルバー,hotelart,hotels,hoteldecor,japaneseartist,japaneseartwork,ThePreferredLife,,,,,,,,,,,,,,
thecapitolhoteltokyu,2023-09-10T12:04:56.000Z,635,1,Sidecar,ザキャピトルホテル東急,thecapitolhoteltokyu,ザキャピトルアフタヌーンティー,ホテルスイーツ,アフタヌーンティー,アフタヌーンティー巡り,ヌン活,東京スイーツ,スイーツ巡り,ホテルアフタヌーンティー,赤坂グルメ,hightea,afternoontea,afternoonteatime,teatime,sweetstreats,timefortea,tokyofoodie,ThePreferredLife,,,,,,,,,,,
thecapitolhoteltokyu,2023-09-22T12:00:04.000Z,171,0,Sidecar,ふかひれ,ズワイ蟹,お取り寄せ,手土産,ギフト,贈り物,プチ贅沢,chinesecuisine,gift,giftsideas,gourmet,gourmetfood,ThePreferredLife,,,,,,,,,,,,,,,,,
thecapitolhoteltokyu,2023-10-01T12:00:34.000Z,215,0,Video,ハロウィンスイーツ,期間限定,ホテルメイド,ハロウィーン,ハロウィン,秋スイーツ,スイーツ部,東京スイーツ,ホテルスイーツ,クッキー缶,アイシングクッキー,hotelmade,tokyohotel,foodieforlife,desserttime,halloweendesserts,halloweensweets,halloweencake,halloweendecor,autumnvibes,ThePreferredLife,,,,,,,,,
thecapitolhoteltokyu,2023-09-18T11:59:59.000Z,239,0,Sidecar,懐石料理,秋,ホテルディナー,東京グルメ,東京ディナー,秋の味覚,ホテルレストラン,matsutake,Kaiseki,foodporn,instafood,foodphotography,tokyohotel,foodstagram,dinner,dinnertime,tokyogourmet,tokyofoodie,DiscoverJapan,JapaneseDinner,ThePreferredLife,,,,,,,,,
thecapitolhoteltokyu,2023-09-27T12:00:04.000Z,308,1,Image,ザキャピトルホテル東急,TheCapitolHotelTokyu,季節限定,東京ホテル,ホテルラウンジ,tokyohotel,luxuryhotel,tokyorestaurant,ThePreferredLife,,,,,,,,,,,,,,,,,,,,,
thecapitolhoteltokyu,2023-08-15T11:57:10.000Z,430,1,Image,ザキャピトルホテル東急,thecapitolhoteltokyu,イベント,イベント情報,ホテルイベント,ディナーイベント,お知らせ,event,chefstable,ThePreferredLife,,,,,,,,,,,,,,,,,,,,
thecapitolhoteltokyu,2023-08-30T12:00:34.000Z,248,0,Sidecar,ロビー,秋,ザキャピトルホテル東急,TheCapitolHotelTokyu,草月流,いけばな,花,花のある暮らし,ホテルロビー,hoteldesign,ikebana,flowerarrangement,sogetsu,flower,japaneseflowerarrangement,flowerstagram,lily,ThePreferredLife,,,,,,,,,,,,
aman_tokyo,2023-01-21T09:56:13.000Z,1128,1,Sidecar,AmanTokyo,Blacktruffle,Arva,AmanFoodie,アマン東京,黒トリュフ,アルヴァ,,,,,,,,,,,,,,,,,,,,,,,
thecapitolhoteltokyu,2023-08-22T12:05:22.000Z,275,0,Sidecar,懐石料理,ザキャピトルホテル東急,TheCapitolHotelTokyu,日本料理,贅沢時間,東京グルメ,Japanesefoods,japanesecuisine,LuxuryHotel,discovertokyo,foodielife,ThePreferredLife,,,,,,,,,,,,,,,,,,
thecapitolhoteltokyu,2023-08-18T11:58:55.000Z,248,1,Sidecar,ヴィーガンメニュー,カレー,ザキャピトルホテル東急,TheCapitolHotelTokyu,ヴィーガン,ホテルランチ,ホテルディナー,東京グルメ,vegan,veganfood,foodporn,instafood,foodphotography,foodstagram,lunch,dinner,tokyogourmet,tokyofoodie,ThePreferredLife,,,,,,,,,,,
thecapitolhoteltokyu,2023-08-13T11:57:31.000Z,682,4,Sidecar,ザキャピトルホテル東急,TheCapitolHotelTokyu,キャピトルアフタヌーンティー,ホテルスイーツ,アフタヌーンティー,アフタヌーンティ,アフタヌーンティー巡り,ヌン活,東京スイーツ,スイーツ巡り,ホテルアフタヌーンティー,赤坂グルメ,hightea,afternoonteatime,teatime,sweetstreats,timefortea,tokyofoodie,ThePreferredLife,,,,,,,,,,,
thecapitolhoteltokyu,2023-08-28T12:50:09.000Z,218,2,Image,ザキャピトルホテル東急,TheCapitolHotelTokyu,ハンバーガー,ハンバーガーランチ,グルメバーガー,ホテルランチ,ホテルディナー,東京グルメ,東京ディナー,東京ホテル,humber,hamburgergourmet,lunch,dinner,dinnertime,tokyogourmet,tokyohotel,ThePreferredLife,,,,,,,,,,,,
thecapitolhoteltokyu,2023-09-01T11:55:43.000Z,445,3,Sidecar,栗,和栗,ロールケーキ,ザキャピトルホテル東急,TheCapitolHotelTokyu,東京スイーツ,マロンスイーツ,秋スイーツ,期間限定スイーツ,スイーツ巡り,rolecake,cake,pastry,chestnut,chestnutcake,autumn,sweetstagram,summerdesserts,ThePreferredLife,,,,,,,,,,,
thecapitolhoteltokyu,2023-08-20T11:57:19.000Z,446,2,Sidecar,ザキャピトルホテル東急,TheCapitolHotelTokyu,ホテルステイ,クラブラウンジ,クラブフロア,ホテルラウンジ,東京ホテル,国内旅行,週末旅,週末旅行,大人の休日,ホカンス,hotelstay,hotelstyle,clublounge,visitjapan,luxuryhotel,luxuryhotelsworld,luxurytraveller,japantravel,tokyotrip,travelbucketlist,ThePreferredLife,,,,,,,
aman_tokyo,2023-01-15T16:00:47.000Z,3267,7,Sidecar,AmanFoodie,AmanTokyo,TheCafebyAman,ザカフェbyアマン,アマン東京,,,,,,,,,,,,,,,,,,,,,,,,,
thecapitolhoteltokyu,2023-08-25T11:55:43.000Z,154,0,Image,キャピトルドッグフレンド,CapitolPuppyPal,愛犬とお出かけ,愛犬,愛犬との暮らし,愛犬と旅行,ホテルステイ,国内旅行,ドッグフレンドリー,愛犬と一緒,ドッグウェア,dogfriendly,dogstay,dogfriendlyhotel,travelwithdog,travelingwithdogs,ThePreferredLife,,,,,,,,,,,,,
thecapitolhoteltokyu,2023-09-05T11:59:35.000Z,252,0,Image,旬の食材を用いた料理をお届けする,フェア,ザキャピトルホテル東急,TheCapitolHotelTokyu,ホテルディナー,東京グルメ,東京ディナー,中華料理,中華,中国料理,ホテルレストラン,foodporn,instafood,foodphotography,foodstagram,dinner,dinnertime,tokyogourmet,tokyofoodie,chineserestaurant,chinesecuisine,hotelrestaurant,ThePreferredLife,,,,,,,
thecapitolhoteltokyu,2023-08-05T11:55:59.000Z,454,1,Image,かき氷,夏,メロン,ザキャピトルホテル東急,TheCapitolHotelTokyu,夏スイーツ,メロンスイーツ,ホテルスイーツ,ご褒美スイーツ,東京グルメ,期間限定,shaveice,shavedice,kakigori,melon,foodporn,foodstagram,ThePreferredLife,,,,,,,,,,,,
aman_tokyo,2023-01-31T09:40:09.000Z,1099,2,Sidecar,AmanResorts,ValentinesDay,アマン東京,バレンタインチョコレート,,,,,,,,,,,,,,,,,,,,,,,,,,
thecapitolhoteltokyu,2023-07-25T11:54:58.000Z,266,2,Image,ザキャピトルホテル東急,TheCapitolHotelTokyu,ホテル巡り,ホテルライフ,記念日,記念日旅行,サプライズ,お祝い,towelart,luxuryhotel,hotellife,anniversary,anniversaryparty,anniversarycelebration,anniversaryplanner,ThePreferredLife,,,,,,,,,,,,,,
thecapitolhoteltokyu,2023-07-18T11:54:46.000Z,184,0,Image,ザキャピトルホテル東急,TheCapitolHotelTokyu,ホテルアート,ホテルインテリア,アートのある暮らし,ホテル巡り,東京ホテル,hotelart,hotels,hoteldecor,japaneseartist,japaneseartwork,ThePreferredLife,,,,,,,,,,,,,,,,,
thecapitolhoteltokyu,2023-07-23T11:54:22.000Z,416,3,Image,かき氷,マンゴー,ザキャピトルホテル東急,TheCapitolHotelTokyu,夏スイーツ,ホテルスイーツ,ご褒美スイーツ,東京グルメ,期間限定,shaveice,shavedice,kakigori,foodporn,foodstagram,ThePreferredLife,,,,,,,,,,,,,,,
aman_tokyo,2023-01-26T10:33:11.000Z,1009,3,Sidecar,AmanWellness,AmanTokyo,アマン東京,アマンスパ,,,,,,,,,,,,,,,,,,,,,,,,,,
thecapitolhoteltokyu,2023-07-14T11:57:02.000Z,539,0,Sidecar,ザキャピトルホテル東急,TheCapitolHotelTokyu,キャピトルアフタヌーンティー,ホテルスイーツ,アフタヌーンティー,アフタヌーンティ,アフタヌーンティー巡り,ヌン活,東京スイーツ,スイーツ巡り,ホテルアフタヌーンティー,赤坂グルメ,hightea,afternoonteatime,teatime,sweetstreats,timefortea,tokyofoodie,ThePreferredLife,,,,,,,,,,,
aman_tokyo,2023-02-28T09:35:09.000Z,700,0,Sidecar,AmanWellness,AmanEssentialSkin,AmanTokyo,アマンエッセンシャルズ,アマンスパ,エッセンシャルスキン,アマン東京,,,,,,,,,,,,,,,,,,,,,,,
aman_tokyo,2023-02-02T09:57:09.000Z,2832,7,Sidecar,AmanResorts,AmanTokyo,アマン東京,お風呂,薬湯,,,,,,,,,,,,,,,,,,,,,,,,,
thecapitolhoteltokyu,2023-07-28T12:10:46.000Z,290,0,Image,ユリ,ザキャピトルホテル東急,TheCapitolHotelTokyu,草月流,花,花のある暮らし,ホテルロビー,ゆり,百合,hoteldesign,ikebana,flowerarrangement,sogetsu,flower,japaneseflowerarrangement,flowerstagram,lily,ThePreferredLife,,,,,,,,,,,,
aman_tokyo,2023-02-11T07:32:13.000Z,2289,5,Sidecar,AmanResorts,AmanTokyo,TheLoungebyAman,アマン東京,ザラウンジバイアマン,,,,,,,,,,,,,,,,,,,,,,,,,
aman_tokyo,2023-02-20T09:31:12.000Z,2675,13,Sidecar,AmanTokyo,AmanDesign,Japan,アマン東京,,,,,,,,,,,,,,,,,,,,,,,,,,
aman_tokyo,2023-02-14T10:17:08.000Z,447,1,Sidecar,AmanWellness,AmanTokyo,アマンスパ,アマン東京,,,,,,,,,,,,,,,,,,,,,,,,,,
aman_tokyo,2023-02-09T10:44:08.000Z,489,2,Sidecar,AmanAdventures,AmanTokyo,AmanJourney,アマン東京,アマンジャーニー,,,,,,,,,,,,,,,,,,,,,,,,,
aman_tokyo,2023-03-03T10:01:08.000Z,1422,5,Sidecar,AmanResorts,AmanTokyo,Arva,アマン東京,アルヴァ,,,,,,,,,,,,,,,,,,,,,,,,,
thecapitolhoteltokyu,2023-07-30T00:38:10.000Z,251,0,Video,鰻,ザキャピトルホテル東急,TheCapitolHotelTokyu,夏,うなぎ,鰻重,うな重,うな丼,ホテルディナー,東京グルメ,東京ディナー,季節限定,eelbowl,foodporn,gourmet,gourmetfood,foodphotography,foodstagram,tokyogourmet,tokyofoodie,Japanesefoods,japanesecuisine,ThePreferredLife,,,,,,,
thecapitolhoteltokyu,2023-07-21T13:56:35.000Z,285,1,Video,royalcopenhagen,ザキャピトルホテル東急,TheCapitolHotelTokyu,royalcopenhagenjapan,イベント,ホテルイベント,foodieevent,event,speciallunch,tokyohotel,ThePreferredLife,,,,,,,,,,,,,,,,,,,
thecapitolhoteltokyu,2023-09-08T12:15:08.000Z,414,2,Video,ザキャピトルホテル東急,TheCapitolHotelTokyu,ホテルステイ,ホテルインテリア,東京ホテル,国内旅行,週末旅,週末旅行,ホカンス,hotelstay,ThePreferredLife,,,,,,,,,,,,,,,,,,,
thecapitolhoteltokyu,2023-07-12T12:16:51.000Z,176,0,Video,毛蟹,ザキャピトルホテル東急,TheCapitolHotelTokyu,ホテルディナー,東京グルメ,東京ディナー,北海道グルメ,foodporn,gourmet,gourmetfood,foodphotography,foodstagram,dinner,dinnertime,tokyogourmet,tokyofoodie,ThePreferredLife,,,,,,,,,,,,,
aman_tokyo,2022-12-31T13:00:24.000Z,1787,2,Image,AmanResorts,AmanTokyo,Japan,アマン東京,,,,,,,,,,,,,,,,,,,,,,,,,,
aman_tokyo,2022-12-09T13:00:29.000Z,1158,0,Image,AmanFoodie,AmanTokyo,Japan,Arva,アマン東京,,,,,,,,,,,,,,,,,,,,,,,,,
aman_tokyo,2023-01-09T10:22:10.000Z,3447,9,Sidecar,AmanResorts,AmanTokyo,Japan,AfternoonTea,アマン東京,アフタヌーンティー,,,,,,,,,,,,,,,,,,,,,,,,
thecapitolhoteltokyu,2023-10-15T12:00:22.000Z,151,2,Image,キャピトルホテル東急,thecapitolhoteltokyu,サステナブル,SDGs,sustainable,ThePreferredLife,,,,,,,,,,,,,,,,,,,,,,,,
aman_tokyo,2022-12-25T03:00:16.000Z,2831,2,Sidecar,AmanResorts,AmanTokyo,Japan,,,,,,,,,,,,,,,,,,,,,,,,,,,
aman_tokyo,2022-12-23T09:46:10.000Z,1113,0,Sidecar,AmanFoodie,Arva,AmanTokyo,Japan,アマン東京,アルヴァ,,,,,,,,,,,,,,,,,,,,,,,,
thecapitolhoteltokyu,2023-10-24T12:00:22.000Z,278,2,Sidecar,ザキャピトルホテル東急,TheCapitolHotelTokyu,草月流,いけばな,花,花のある暮らし,ホテルロビー,hoteldesign,ikebana,flowerarrangement,sogetsu,flower,japaneseflowerarrangement,flowerstagram,,,,,,,,,,,,,,,,
aman_tokyo,2023-03-07T10:43:09.000Z,1866,6,Sidecar,AmanResorts,AmanTokyo,Japan,Sakura,アマン東京,桜,,,,,,,,,,,,,,,,,,,,,,,,
thecapitolhoteltokyu,2023-10-08T23:01:26.000Z,172,2,Sidecar,スポーツの日,フィットネスクラブ,ジム,ラグジュアリーホテル,東京ホテル,workout,gym,luxuryhotelsoftheworld,luxuryhotelsworld,luxurytravel,luxurytraveller,ThePreferredLife,,,,,,,,,,,,,,,,,,
aman,2022-12-03T17:07:05.000Z,5505,10,Sidecar,AmanEssentials,,,,,,,,,,,,,,,,,,,,,,,,,,,,,
aman_tokyo,2022-12-01T09:01:29.000Z,6408,12,Image,AmanTokyo,Japan⁠,Festive,,,,,,,,,,,,,,,,,,,,,,,,,,,
aman_tokyo,2022-12-14T16:59:26.000Z,2149,23,Sidecar,AmanEssentials,AmanTokyo,アマンエッセンシャルズ,アマン東京,,,,,,,,,,,,,,,,,,,,,,,,,,
aman_tokyo,2022-11-21T11:05:22.000Z,1171,0,Sidecar,AmanTokyo,AmanWellness,AmanSpa,FestiveGiftBox,アマン東京,アマンスパ,,,,,,,,,,,,,,,,,,,,,,,,
aman_tokyo,2023-01-01T01:52:03.000Z,1276,0,Image,AmanResorts,AmanTokyo,Japan,NewYearsDay,新年,アマン東京,お正月,,,,,,,,,,,,,,,,,,,,,,,
thecapitolhoteltokyu,2023-11-09T12:01:35.000Z,196,0,Video,ザキャピトルホテル東急,TheCapitolHotelTokyu,ホテルランチ,ホテルディナー,東京グルメ,フランス料理,frenchquisine,foodporn,instafood,foodphotography,foodstagram,dinner,dinnertime,lunnch,lunchtime,tokyogourmet,tokyofoodie,tokyohotel,ThePreferredLife,,,,,,,,,,,
thecapitolhoteltokyu,2023-10-30T12:01:16.000Z,256,2,Sidecar,,,,,,,,,,,,,,,,,,,,,,,,,,,,,,
thecapitolhoteltokyu,2023-10-28T12:00:22.000Z,252,1,Video,ザキャピトルホテル東急,TheCapitolHotelTokyu,朝食,ホテル朝食,breakfast,hotelbreakfast,ThePreferredLife,,,,,,,,,,,,,,,,,,,,,,,
thecapitolhoteltokyu,2023-10-26T12:00:17.000Z,202,0,Image,ザキャピトルホテル東急,TheCapitolHotelTokyu,ホテルステイ,ホテルインテリア,東京ホテル,国内旅行,週末旅,週末旅行,ホカンス,hotelstay,ThePreferredLife,,,,,,,,,,,,,,,,,,,
aman_tokyo,2023-01-11T14:50:08.000Z,1266,11,Sidecar,AmanEssentialSkin,,,,,,,,,,,,,,,,,,,,,,,,,,,,,
thecapitolhoteltokyu,2023-12-26T12:00:35.000Z,336,0,Image,ラグジュアリーホテル,東京ホテル,ホカンス,国内旅行,ルームサービス,東京グルメ,beautifulhotels,roomservice,hotelbreakfast,hotellife,luxuryhotelsoftheworld,luxuryhotelsworld,luxurytravel,luxurytraveller,ThePreferredLife,IndulgenceInRoomDining,LuxuryOasisDining,TokyoSkylineCuisine,OrigamiRestaurantExperience,GastronomyInRoom,InRoomHotelDining,SuireRestaurant,LuxuryInRoomGastronomy,TokyoSkylineDining,InRoomCulinaryExperience,TokyoLuxury,,,,
thecapitolhoteltokyu,2023-10-13T12:01:07.000Z,1059,7,Sidecar,ザキャピトルホテル東急,thecapitolhoteltokyu,ザキャピトルアフタヌーンティー,ホテルスイーツ,アフタヌーンティー,アフタヌーンティー巡り,ヌン活,東京スイーツ,スイーツ巡り,ホテルアフタヌーンティー,赤坂グルメ,hightea,afternoontea,afternoonteatime,teatime,sweetstreats,timefortea,tokyofoodie,ThePreferredLife,,,,,,,,,,,
aman_kyoto,2023-05-22T08:20:04.000Z,1604,5,Sidecar,AmanResorts,AmanKyoto,AmanToyko,Aman,アマン京都,アマン東京,ポップアップ,,,,,,,,,,,,,,,,,,,,,,,
thecapitolhoteltokyu,2023-12-22T12:01:07.000Z,167,0,Image,TheCapitolHotelTokyu,ザキャピトルホテル東急,冬の味覚,東京グルメ,グルメ旅,ふぐ料理,ふぐ刺し,hoteldinner,tokyofoodie,japanesecuisine,japanesefoods,sashimi,foodporn,beautifulcuisines,ThePreferredLife,WinterFlavours,SuirenSenses,JapaneseGastronomy,TokyoLuxuryHotel,JapaneseCuisine,FuguDelights,GourmetWinter,SensoryExperience,JapaneseFoodie,LuxuryDining,,,,,
thecapitolhoteltokyu,2023-11-11T12:00:49.000Z,3189,6,Sidecar,ザキャピトルアフタヌーンティー』では、旬の苺やベリーをふんだんに使用したメニューをご用意いたします。,thecapitolafternoontea,ザキャピトルホテル東急,TheCapitolHotelTokyu,キャピトルアフタヌーンティー,ホテルスイーツ,アフタヌーンティー,アフタヌーンティ,アフタヌーンティー巡り,ヌン活,東京スイーツ,スイーツ巡り,ホテルアフタヌーンティー,赤坂グルメ,hightea,afternoonteatime,teatime,sweetstreats,timefortea,tokyofoodie,ThePreferredLife,,,,,,,,,
thecapitolhoteltokyu,2023-12-24T08:00:44.000Z,442,2,Sidecar,TheCapitolHotelTokyu,ザキャピトルホテル東急,クリスマス,クリスマスツリー,Christmas,Xmas,christmasdecor,christmastree,ThePreferredLife,TokyoChristmas,TokyuHotelTokyo,LuxuryChristmas,CelebrateTokyo,GratefulChristmas,FriendsAndFamily,ChristmasJoy,TokyoLuxury,TokyuExperience,FestiveTokyo,,,,,,,,,,,
thecapitolhoteltokyu,2023-12-21T12:00:50.000Z,304,2,Image,ザキャピトルホテル東急,TheCapitolHotelTokyu,朝食,ホテル朝食,breakfast,hotelbreakfast,ThePreferredLife,LuxuryBreakfast,TokyoHotel,CapitolHotelTokyu,BreakfastInTokyo,StartTheDayRight,TokyuHotelExperience,LuxuryStart,TokyoBrunch,HotelLife,LuxuryTokyo,,,,,,,,,,,,,
aman_tokyo,2022-12-05T18:07:15.000Z,847,0,Image,AmanFoodie,AmanTokyo,Festive,アマン東京,ザカフェbyアマン,クリスマス,,,,,,,,,,,,,,,,,,,,,,,,
thecapitolhoteltokyu,2023-12-29T12:00:40.000Z,287,2,Image,ザキャピトルホテル東急,御朱印帳,神社,神社めぐり,パワースポット神社,開運,東京観光,CapitolHotelTokyu,LuxuryTokyo,LuxuryJapan,CapitolHotelExperience,TokyoLuxuryLife,CapitolHotel,TokyuHotelTokyo,TokyuHotelJapan,tokyo,japantrip,discovertokyo,visittokyo,shrine,japantemple,ThePrefferedLife,HieShrine,Goshuincho,Celebration,Weddings,Shrine,TravelJapan,JapaneseCulture,
thecapitolhoteltokyu,2023-12-17T11:59:56.000Z,281,2,Video,ホテルステイ,クラブラウンジ,クラブフロア,ホテルラウンジ,東京ホテル,国内旅行,週末旅,週末旅行,大人の休日,ホカンス,hotelstay,hotelstyle,clublounge,visitjapan,luxuryhotel,luxuryhotelsworld,luxurytraveller,japantravel,tokyotrip,travelbucketlist,ThePreferredLife,,,,,,,,,
thecapitolhoteltokyu,2023-11-14T12:07:52.000Z,229,1,Video,ザキャピトルホテル東急,TheCapitolHotelTokyu,ホテルディナー,東京ディナー,中華,中国料理,ホテルレストラン,foodporn,instafood,foodphotography,foodstagram,dinner,tokyogourmet,tokyofoodie,chineserestaurant,ThePreferredLife,JapaneseFoodExperience,KanazawaFood,JapaneseGourmetExperience,FoodAndLuxury,LuxuryTravelJapan,LuxuryJapanHotel,LuxuryDining,LuxuryJapan,GourmetExperience,ChineseFineDining,LuxuryHotelExperience,FoodieInJapan,,
thecapitolhoteltokyu,2024-05-12T04:01:05.000Z,424,0,Video,ザキャピトルホテル東急,溜池山王,赤坂,アフタヌーンティー,ホテルラウンジ,パティシエ,東京スイーツ,TheCapitolHotelTokyu,CapitolTokyuHotel,LuxuryCapitolHotel,CapitolHotel,VisitJapan,LuxuryTokyo,LuxuryJapan,JapanStyle,,,,,,,,,,,,,,,
thecapitolhoteltokyu,2023-11-07T12:00:32.000Z,322,0,Image,ザキャピトルホテル東急,TheCapitolHotelTokyu,ホテルステイ,ホテル巡り,ホテルデザイン,hoteldesign,hoteldecor,tokyo_japan,hotelcollection,ThePreferredLife,,,,,,,,,,,,,,,,,,,,
thecapitolhoteltokyu,2024-02-04T03:00:26.000Z,387,3,Sidecar,ザキャピトルホテル東急,TheCapitolHotelTokyu,あんぱん,スイーツ,お土産,甘味,おやつ,日本のお菓子,デザート,贈り物,喜ばれる,美味しい,TokachiSweetBeanPaste,FreshCreamBun,TokyuHotelTokyo,LuxuryTokyo,JapanDelicious,DessertHeaven,CapitolHotelTokyu,TokyoTreats,FoodieFavorites,SweetIndulgence,LuxuryJapan,LoungeOrigami,HokkaidoFoodie,,,,,
thecapitolhoteltokyu,2024-02-01T10:04:15.000Z,305,3,Video,CherryBlossomParadise,SakuraBeauty,TokyoInBloom,LuxuryCapitolHotel,HiejinjaShrine,ImperialPalace,VisitJapanNow,SakuraInspiration,CherryBlossomJapan,TokyoDelights,LuxuryTokyo,LuxuryJapan,thecapitolhoteltokyu,ザキャピトルホテル東急,日枝神社,ソフィア通り,外濠公園,靖国神社,北の丸公園,日本武道館,千鳥ヶ淵,アークヒルズ,毛利庭園,花見,東京観光,桜満開,都心の桜,桜スポット,春の風物詩,桜名所
thecapitolhoteltokyu,2024-04-10T03:00:10.000Z,163,0,Image,ザキャピトルホテル東急,漆,アート,芸術,スイートルーム,ラグジュアリーホテル,TheCapitolHotelTokyu,TokyoArt,TokyoCulture,CapitolHotelTokyo,Japan,LuxuryJapan,Tokyo,LuxuryTokyo,,,,,,,,,,,,,,,,
thecapitolhoteltokyu,2023-12-31T08:03:07.000Z,339,0,Image,ザキャピトルホテル東急,thecapitolhoteltokyu,大晦日,年の瀬,2023,年末のご挨拶,2023Special,HappyNewYear2024,YearofTheDragon2024,Support,LuxuryTokyoHotel,CapitolHotelTokyu,ThankYou2023,2024NewYear,NewYearTokyo2024,TokyuHotelTokyo,TokyuHotelJapan,tokyo,japantrip,discovertokyo,visittokyo,,,,,,,,,
thecapitolhoteltokyu,2024-03-13T09:14:29.000Z,107,0,Sidecar,SpringFestivalTokyo,NationalMuseum,TokyoGallery,CherryBlossomTokyo,Sakura,TokyoCulture,NationalMuseumVisit,JapaneseArtCulture,ModernArtTokyo,LuxuryTravel,Japan,Tokyo,LuxuryJapan,LuxuryTokyo,JapanCulture,ModernArt,MOMAT,LuxuryHotelTokyo,ザキャピトルホテル東急,TheCapitolHotelTokyu,美術館,アート,芸術,展覧会,日本の美術,近代美術,国立美術館,東京観光,桜,
thecapitolhoteltokyu,2024-03-03T03:00:29.000Z,228,0,Sidecar,ザキャピトルホテル東急,TheCapitolHotelTokyu,ホワイトデー,クッキー,スイーツ,ホテルスイーツ,ケーキ,ご褒美,ギフト,プレゼント,お菓子,パティシエ,春限定,期間限定,東京スイーツ,tokyo,sweets,LuxuryCookies,SweetTokyoTreats,Raspberry,Chocolate,DeliciousJapan,TokyoFoodie,CookieDelights,TokyuHotel,JapanTravel,SweetCapitolTreats,TokyoLuxury,JapanLuxury,
aman_tokyo,2023-10-13T19:52:05.000Z,1881,6,Image,AmanWellness,AmanTokyo,AmanSpa,アマン東京,アマンスパ,プール,,,,,,,,,,,,,,,,,,,,,,,,
thecapitolhoteltokyu,2024-01-28T12:00:28.000Z,261,10,Sidecar,バレンタイン,チョコレート,ザキャピトルホテル東急,TheCapitolHotelTokyu,東京グルメ,バレンタインスイーツ,ショコラ,パティシェ,スイーツ部,ホテルスイーツ,ValentinesDayDelights,SweetLuxuryDesserts,CapitolHotelTokyuTreats,MuscatRaisinLove,ChocolateAndMatchaCravings,MuscadineCherryBonbons,CookieAssortmentLove,TokyoLuxurySweets,JapanValentinesTreats,CapitolHotelIndulgence,LuxuryTokyo,,,,,,,,,
aman_tokyo,2023-10-20T20:41:10.000Z,1577,4,Sidecar,AmanAdventures,AmanTokyo,Japan,アマン東京,アマン東京ジャーニー,人力車,,,,,,,,,,,,,,,,,,,,,,,,
aman_tokyo,2023-10-16T08:00:17.000Z,2154,3,Sidecar,AmanFoodie,AmanTokyo,LaPatisseriebyAmanTokyo,アマン東京,ラパティスリーbyアマン東京,2周年,,,,,,,,,,,,,,,,,,,,,,,,
aman_tokyo,2023-10-25T08:03:03.000Z,786,1,Image,AmanResorts,AmanTokyo,Saketasting,アマン東京,日本酒,,,,,,,,,,,,,,,,,,,,,,,,,
thecapitolhoteltokyu,2024-01-05T12:00:47.000Z,305,2,Image,ザキャピトルホテル東急,TheCapitolHotelTokyu,ラグジュアリーホテル,あけましておめでとうございます,新春,お正月,新年,迎春,生け花,NewYearIkebana,CapitolHotelTokyu,TokyoLuxury,FlowerArrangement,IkebanaArt,LuxuryFlowers,TokyoLife,IkebanaDesign,FloralDecor,NewYearFlowers,LuxuryTokyo,,,,,,,,,,
thecapitolhoteltokyu,2024-01-25T12:00:49.000Z,305,1,Sidecar,ザキャピトルホテル東急,thecapitolhoteltokyu,東京グルメ,TokyoLuxuryHotel,旬の食材,いちご,strawberry,ストロベリー,いちごソムリエ,いちごマニア,イチゴ,カクテル,カクテルバー東洋,LuxuryStrawberryCocktails,StrawberryFrozenMojito,MintChampagneCocktail,StrawberryMartini,LuxuryLiqueur,TokyoJapan,CapitolHotelTokyu,StrawberryDrink,CocktailDelight,IndulgeInLuxury,LuxuryJapan,,,,,,
thecapitolhoteltokyu,2024-01-02T12:03:28.000Z,379,1,Image,ザキャピトルホテル東急,TheCapitolHotelTokyu,ラグジュアリーホテル,スイーツ,あけましておめでとうございます,初春,お正月,ケーキ,パティシエ,スイーツ部,新年,sweets,HappyNewYearTokyo,RiceCake,CapitolHotelTokyu,Kagamimochi,DeliciousNewYearSweets,ProsperousNewYear,HappyNewYear,TokyoRiceCakes,HotelTokyu,NewYearSweets,TokyoLuxury,CapitolHotelLuxury,,,,,,
aman_tokyo,2023-10-23T07:34:06.000Z,1000,2,Sidecar,AmanDesign,AmanTokyo,アマン東京,,,,,,,,,,,,,,,,,,,,,,,,,,,
aman_tokyo,2023-10-27T21:00:28.000Z,1049,0,Sidecar,AmanFoodie,AmanTokyo,ArvabyAman,WhiteTruffle,アマン東京,アルヴァ,白トリュフ,,,,,,,,,,,,,,,,,,,,,,,
thecapitolhoteltokyu,2024-01-31T12:00:52.000Z,261,0,Image,ザキャピトルホテル東急,TheCapitolHotelTokyu,鹿児島黒牛,鉄板焼き,和牛,ステーキ,お肉,steak,霜降り,もちろん肉,コース料理,ごちそう,東京グルメ,tokyoluxuryhotel,WagyuSteak,LuxuryCuisine,GastronomyExperience,TokyoFoodie,CapitolHotelTokyu,JapaneseGastronomy,TokyoLuxury,TepppanyakiExperience,JapaneseCuisine,TokyoFoodExperience,LuxuryJapan,,,,,
thecapitolhoteltokyu,2024-08-19T12:00:07.000Z,215,2,Video,ザキャピトルホテル東急,溜池山王,赤坂,ラグジュアリーホテル,和モダン,パノラマビュー,癒し,TheCapitolHotelTokyu,CapitolTokyuHotel,LuxuryCapitolHotel,CapitolHotel,LuxuryTokyo,LuxuryJapan,TokyoSummer,ThePreferredLife,BelieveInTravel,IPreferRewards,,,,,,,,,,,,,
thecapitolhoteltokyu,2024-03-01T08:03:05.000Z,280,1,Video,桜,草月,いけばな,生け花,sogetsu,日本文化,春,季節の花,ザキャピトルホテル東急,TheCapitolHotelTokyu,お花見,sakura,cherryblossom,CherryBlossomParadise,SakuraBeauty,TokyoInBloom,LuxuryCapitolHotel,HiejinjaShrine,ImperialPalace,VisitJapanNow,SakuraInspiration,CherryBlossomJapan,TokyoDelights,LuxuryTokyo,LuxuryJapan,,,,,
thecapitolhoteltokyu,2024-08-10T13:03:52.000Z,192,0,Video,TheCapitolHotelTokyu,CapitolTokyuHotel,CapitolHotel,LuxuryCapitolHotel,LuxuryTokyo,LuxuryJapan,Akasaka,TokyoNightlife,TokyoFoodie,ザキャピトルホテル東急,溜池山王,赤坂,ラグジュアリーホテル,東京グルメ,料亭,,,,,,,,,,,,,,,
thecapitolhoteltokyu,2023-12-20T12:00:53.000Z,441,11,Sidecar,ザキャピトルホテル東急,TheCapitolHotelTokyu,ホテルスイーツ,東京スイーツ,パフェ,パフェ活,夜パフェ,冬スイーツ,クリスマススイーツ,parfait,sweetsporn,sweetstagram,winterdesserts,christmas,christmastreats,ThePreferredLife,ChristmasParfait,TokyuHotelTokyo,LuxuryChristmas,GourmetCelebration,ChristmasFestivities,TokyoHotel,ChristmasDelights,TokyoLuxury,ParfaitPerfection,ChristmasIndulgence,LuxuryTokyoHotel,LuxuryTokyo,,
aman_tokyo,2023-12-22T05:32:03.000Z,896,1,Image,AmanDesign,AmanTokyo,Japan,アマン東京,,,,,,,,,,,,,,,,,,,,,,,,,,
aman_tokyo,2024-02-09T10:58:03.000Z,1335,2,Image,AmanResorts,AmanTokyo,OtemachiForest,Japan,アマン東京,大手町の森,,,,,,,,,,,,,,,,,,,,,,,,
aman_tokyo,2023-12-18T03:06:05.000Z,1771,3,Image,AmanResorts,AmanTokyo,Japan,Tokyo,アマン東京,お正月,,,,,,,,,,,,,,,,,,,,,,,,
thecapitolhoteltokyu,2023-12-31T21:51:07.000Z,412,2,Image,日枝神社は、,パワースポット,ザキャピトルホテル東急,TheCapitolHotelTokyu,ラグジュアリーホテル,ホテルステイ,初詣,あけましておめでとうございます,東京パワースポット,神社巡り,東京観光,開運,新,新宿,HappyNewYear,HieShrineTokyo,JapaneseCulture,NewYearInTokyo,LuxuryTravel,CapitolHotelTokyo,TokyuHotels,TokyoAdventures,NewYearCelebrations,ExploreJapan,LuxuryTokyo,,,,,
thecapitolhoteltokyu,2024-07-18T12:00:33.000Z,319,0,Sidecar,ザキャピトルホテル東急,溜池山王,赤坂,和モダン,ラグジュアリーホテル,冷麺,平日ランチ,ホテルランチ,TheCapitolHotelTokyu,LuxuryCapitolHotel,VisitJapan,LuxuryTokyo,JapaneseFoodie,TokyoSummer,Omotenashi,ThePreferredLife,BelieveInTravel,IPreferRewards,,,,,,,,,,,,
aman_tokyo,2024-02-05T10:02:03.000Z,876,2,Image,AmanTokyo,AmanFoodie,LaPatisseriebyAmanTokyo,アマン東京,パティスリーbyアマン東京,バレンタインデー,,,,,,,,,,,,,,,,,,,,,,,,
thecapitolhoteltokyu,2024-07-21T03:53:31.000Z,317,2,Video,ザキャピトルホテル東急,溜池山王,赤坂,和モダン,ラグジュアリーホテル,クラブラウンジ,ホテルラウンジ,TheCapitolHotelTokyu,LuxuryCapitolHotel,VisitJapan,LuxuryTokyo,Omotenashi,ThePreferredLife,BelieveInTravel,IPreferRewards,,,,,,,,,,,,,,,
aman_tokyo,2023-12-20T09:50:04.000Z,521,1,Image,AmanEssentials,AmanTokyo,AmanWellness,アマン東京,フレグランス,,,,,,,,,,,,,,,,,,,,,,,,,
aman_tokyo,2024-01-29T09:25:04.000Z,1649,3,Image,AmanTokyo,TheLoungebyAman,Chocolate,Parfait,アマン東京,ザラウンジbyアマン,チョコレートパフェ,,,,,,,,,,,,,,,,,,,,,,,
thecapitolhoteltokyu,2024-07-27T14:09:56.000Z,338,0,Sidecar,TheCapitolHotelTokyu,CapitolTokyuHotel,CapitolHotel,VisitJapan,TokyoSummer,ThePreferredLife,PreferredRewards,BelieveInTravel,ザキャピトルホテル東急,ラグジュアリーホテル,おもてなし,ホテルスタッフ,記念日,誕生日プレート,TheCapitolTokyuHotel,LuxuryCapitolHotel,LuxuryTokyo,LuxuryJapan,anniversary,Omotenashi,,,,,,,,,,
aman_tokyo,2024-02-02T11:29:07.000Z,1346,6,Sidecar,AmanDesign,AmanTokyo,Japan,アマン東京,,,,,,,,,,,,,,,,,,,,,,,,,,
aman_tokyo,2024-02-14T12:21:11.000Z,1083,4,Sidecar,AmanWellness,SeasonalJourney,アマン東京,アマンスパ,シーズナルジャーニー,,,,,,,,,,,,,,,,,,,,,,,,,
aman_tokyo,2024-02-16T09:40:04.000Z,1938,2,Image,AmanResorts,AmanTokyo,Tokyo,Japan,,,,,,,,,,,,,,,,,,,,,,,,,,
aman_tokyo,2024-02-12T11:26:06.000Z,1898,5,Sidecar,AmanResorts,TheLoungebyAman,AmanTokyo,アマン東京,ザラウンジbyアマン,ストロベリーカクテル,,,,,,,,,,,,,,,,,,,,,,,,
thecapitolhoteltokyu,2024-07-29T11:00:37.000Z,197,5,Sidecar,ザキャピトルホテル東急,溜池山王,赤坂,信州,ホテルディナー,ラグジュアリーホテル,食材フェア,TheCapitolHotelTokyu,LuxuryCapitolHotel,VisitJapan,LuxuryTokyo,Omotenashi,ThePreferredLife,BelieveInTravel,IPreferRewards,,,,,,,,,,,,,,,
aman_tokyo,2024-01-26T04:48:04.000Z,1420,3,Image,AmanWellness,AmanTokyo,Japan,アマン東京,,,,,,,,,,,,,,,,,,,,,,,,,,
aman_tokyo,2023-10-30T09:23:04.000Z,2946,4,Image,AmanFoodie,AmanTokyo,TheLoungebyAMAN,アマン東京,ザラウンジbyアマン,,,,,,,,,,,,,,,,,,,,,,,,,
thecapitolhoteltokyu,2024-08-29T03:00:30.000Z,480,3,Sidecar,ザキャピトルホテル東急,溜池山王,赤坂,ラグジュアリーホテル,ホテル朝食,ホテルブレッド,朝食ブッフェ,TheCapitolHotelTokyu,CapitolTokyuHotel,LuxuryCapitolHotel,CapitolHotel,VisitJapan,LuxuryTokyo,LuxuryJapan,TokyoSummer,,,,,,,,,,,,,,,
aman,2024-02-12T17:56:51.000Z,2382,7,Sidecar,AmanResorts,AmanTokyo,Tokyo,Japan,,,,,,,,,,,,,,,,,,,,,,,,,,
aman_tokyo,2024-02-06T10:11:06.000Z,1316,2,Sidecar,AmanFoodie,AmanTokyo,ArvabyAman,アマン東京,アルヴァ,ドルチェ,,,,,,,,,,,,,,,,,,,,,,,,
aman_tokyo,2024-04-08T11:37:10.000Z,2328,4,Sidecar,AmanResorts,AmanEssentials,AmanTokyo,Japan,アマン東京,アマン東京ブティック,アマンエッセンシャルズ,,,,,,,,,,,,,,,,,,,,,,,
aman_tokyo,2024-04-12T06:58:03.000Z,1145,0,Image,AmanWellness,AmanTokyo,Japan,,,,,,,,,,,,,,,,,,,,,,,,,,,
aman_tokyo,2024-04-01T06:54:08.000Z,1900,5,Sidecar,AmanWellness,AmanTokyo,アマン東京,マジックアワー,,,,,,,,,,,,,,,,,,,,,,,,,,
aman_tokyo,2024-04-05T09:54:07.000Z,928,1,Sidecar,AmanResorts,AmanTokyo,Sake,Japan,アマン東京,日本酒,,,,,,,,,,,,,,,,,,,,,,,,
aman_tokyo,2024-04-03T06:38:03.000Z,1078,1,Image,AmanAdventures,AmanTokyo,Japan,アマン東京,エクスペリエンス,人力車,,,,,,,,,,,,,,,,,,,,,,,,
aman,2024-04-10T18:51:51.000Z,3094,5,Sidecar,AmanMeditations,,,,,,,,,,,,,,,,,,,,,,,,,,,,,
aman_tokyo,2024-04-10T05:23:06.000Z,1127,3,Sidecar,AmanFoodie,AmanTokyo,ArvabyAman,Spring,アマン東京,アルヴァ,春,,,,,,,,,,,,,,,,,,,,,,,
aman_tokyo,2024-04-19T03:21:09.000Z,414,0,Sidecar,AmanWellness,AmanEssentials,AmanTokyo,Japan,アマン東京,アマンスパ,アマンエッセンシャルズ,,,,,,,,,,,,,,,,,,,,,,,
thecapitolhoteltokyu,2024-09-25T12:00:27.000Z,279,1,Sidecar,ザキャピトルホテル東急,溜池山王,赤坂,ラグジュアリーホテル,オールデイダイニングORIGAMI,秋の味覚,マロンフェア,秋限定メニュー,東京グルメ,ホテルランチ,LuxuryCapitolHotel,CapitolHotel,VisitJapan,LuxuryTokyo,LuxuryJapan,CapitolTokyuHotel,washoku,tokyofoodie,,,,,,,,,,,,
thecapitolhoteltokyu,2024-01-03T12:00:13.000Z,342,2,Image,ザキャピトルホテル東急,TheCapitolHotelTokyu,ラグジュアリーホテル,ホテルステイ,だるま,あけましておめでとうございます,スイーツ,sweets,初春,お正月,ケーキ,パティシエ,スイーツ部,新年,GoodLuckNewYear,DarumaCake,TokyoNewYear,LuxuryTokyo,CapitolHotelTokyo,TokyuTokyo,NewYearTokyo,DarumaCelebration,TokyoLuxury,CapitolHotelLuxury,,,,,,
thecapitolhoteltokyu,2024-09-29T03:00:19.000Z,352,1,Sidecar,ザキャピトルホテル東急,溜池山王,赤坂,ラグジュアリーホテル,ホテルシェフ,東京グルメ,ホテルグルメ,LuxuryCapitolHotel,CapitolHotel,VisitJapan,LuxuryTokyo,LuxuryJapan,CapitolTokyuHotel,washoku,tokyofoodie,,,,,,,,,,,,,,,
thecapitolhoteltokyu,2023-11-03T12:00:26.000Z,177,3,Image,ザキャピトルホテル東急,thecapitolhoteltokyu,クリスマスケーキ,クリスマス,期間限定スイーツ,限定スイーツ,Xmas,Christmas,cake,dessert,sweets,christmascake,christmasdessert,christmassweets,sweettreats,cakesofinstagram,christmastreats,christmastradition,tradition,festiveflavours,christmasiscoming,,,,,,,,,
thecapitolhoteltokyu,2024-10-01T04:16:55.000Z,340,2,Sidecar,ハロウィン,ハロウィンスイーツ,ホテルスイーツ,期間限定,クッキー缶,ザキャピトルホテル東急,溜池山王,halloween,thecapitolhoteltokyu,capitoltokyuhotel,visitjapan,luxurytokyo,thepreferredlife,ipreferrewards,michelinkey2024,,,,,,,,,,,,,,,
thecapitolhoteltokyu,2024-09-22T12:00:19.000Z,228,1,Sidecar,ザキャピトルホテル東急,溜池山王,赤坂,ラグジュアリーホテル,プレミアムルーム,コーナーツイン,ホテルステイ,家族旅行,記念日旅行,ホテルライフ,宿泊プラン,LuxuryCapitolHotel,CapitolHotel,VisitJapan,LuxuryTokyo,LuxuryJapan,CapitolTokyuHotel,comfortrewards,,,,,,,,,,,,
thecapitolhoteltokyu,2024-09-27T03:00:23.000Z,90,1,Image,WTD24,LuxuryCapitolHotel,CapitolHotel,VisitJapan,LuxuryTokyo,LuxuryJapan,capitoltokyuhotel,世界観光デー,観光と平和,持続可能な観光,ザキャピトルホテル東急,溜池山王,東京観光,,,,,,,,,,,,,,,,,
aman_tokyo,2023-03-27T08:22:12.000Z,1474,6,Sidecar,AmanDesign,AmanTokyo,Japan,アマン東京,,,,,,,,,,,,,,,,,,,,,,,,,,
thecapitolhoteltokyu,2024-09-20T12:00:34.000Z,270,0,Sidecar,ザキャピトルホテル東急,溜池山王,赤坂,ラグジュアリーホテル,松茸,懐石料理,秋の味覚,土瓶蒸し,天ぷら,松茸御飯,和食,季節の料理,秋限定,LuxuryCapitolHotel,CapitolHotel,VisitJapan,LuxuryTokyo,LuxuryJapan,CapitolTokyuHotel,washoku,tokyofoodie,,,,,,,,,
thepeninsulatokyo,2024-11-21T09:11:07.000Z,1443,3,Sidecar,,,,,,,,,,,,,,,,,,,,,,,,,,,,,,
thepeninsulatokyo,2024-11-13T04:21:33.000Z,545,4,Video,,,,,,,,,,,,,,,,,,,,,,,,,,,,,,
thepeninsulatokyo,2024-11-23T02:16:04.000Z,431,4,Image,,,,,,,,,,,,,,,,,,,,,,,,,,,,,,
thepeninsulatokyo,2024-11-15T13:49:51.000Z,1526,10,Video,,,,,,,,,,,,,,,,,,,,,,,,,,,,,,
thepeninsulatokyo,2024-11-27T09:13:08.000Z,726,6,Sidecar,,,,,,,,,,,,,,,,,,,,,,,,,,,,,,
thepeninsulatokyo,2024-11-18T07:43:41.000Z,1147,8,Sidecar,,,,,,,,,,,,,,,,,,,,,,,,,,,,,,
aman_tokyo,2022-10-17T09:32:13.000Z,937,2,Sidecar,AmanWellness,AmanTokyo,AmanSpa,AmanSkincareCollection,アマンスパ,アマンスキンケアコレクション,アマン東京,,,,,,,,,,,,,,,,,,,,,,,
thepeninsulatokyo,2024-11-16T06:35:04.000Z,1021,4,Image,,,,,,,,,,,,,,,,,,,,,,,,,,,,,,
thepeninsulatokyo,2024-11-20T04:00:11.000Z,365,1,Sidecar,,,,,,,,,,,,,,,,,,,,,,,,,,,,,,
thepeninsulatokyo,2024-11-19T04:00:08.000Z,1111,4,Image,,,,,,,,,,,,,,,,,,,,,,,,,,,,,,
aman_tokyo,2022-10-27T00:01:08.000Z,1575,2,Sidecar,AmanTokyo,AmanResourts,AmanAdventures,アマン東京,アマンジャーニー,,,,,,,,,,,,,,,,,,,,,,,,,
thepeninsulatokyo,2024-11-30T02:16:03.000Z,614,2,Sidecar,,,,,,,,,,,,,,,,,,,,,,,,,,,,,,
aman_tokyo,2022-10-21T09:01:22.000Z,1795,3,Image,AmanResorts,AmanTokyo,LaPatisseriebyAmanTokyo,アマン東京,ラパティスリーbyアマン東京,,,,,,,,,,,,,,,,,,,,,,,,,
thepeninsulatokyo,2024-11-26T10:08:11.000Z,318,2,Sidecar,,,,,,,,,,,,,,,,,,,,,,,,,,,,,,
aman_tokyo,2022-11-02T11:02:10.000Z,2617,6,Image,AmanTokyo,AmanResorts,Tokyo,Japan,AmanDesign,アマン東京,,,,,,,,,,,,,,,,,,,,,,,,
aman_tokyo,2022-11-04T10:40:23.000Z,1247,3,Sidecar,AmanTokyo,WhiteTruffle,AmanFoodie,Arva⁠,アマン東京,白トリュフ,アルヴァ,,,,,,,,,,,,,,,,,,,,,,,
aman_tokyo,2022-10-11T11:38:15.000Z,3718,12,Image,AmanResorts,AmanDesign,AmanTokyo,Japan,,,,,,,,,,,,,,,,,,,,,,,,,,
thepeninsulatokyo,2024-11-24T03:17:34.000Z,344,3,Video,,,,,,,,,,,,,,,,,,,,,,,,,,,,,,
thepeninsulatokyo,2024-10-28T03:27:04.000Z,397,3,Image,,,,,,,,,,,,,,,,,,,,,,,,,,,,,,
thepeninsulatokyo,2024-10-29T09:10:25.000Z,666,3,Sidecar,,,,,,,,,,,,,,,,,,,,,,,,,,,,,,
thepeninsulatokyo,2024-10-21T01:35:03.000Z,839,7,Image,,,,,,,,,,,,,,,,,,,,,,,,,,,,,,
thepeninsulatokyo,2024-10-23T08:56:04.000Z,644,4,Image,,,,,,,,,,,,,,,,,,,,,,,,,,,,,,
thepeninsulatokyo,2024-11-07T03:59:46.000Z,853,5,Image,,,,,,,,,,,,,,,,,,,,,,,,,,,,,,
aman_tokyo,2022-11-10T11:02:02.000Z,848,2,Image,AmanTokyo,AmanFoodie,AmanResorts,アマン東京,,,,,,,,,,,,,,,,,,,,,,,,,,
thepeninsulatokyo,2024-10-17T09:53:03.000Z,387,4,Video,,,,,,,,,,,,,,,,,,,,,,,,,,,,,,
thepeninsulatokyo,2024-10-27T04:54:00.000Z,687,2,Image,,,,,,,,,,,,,,,,,,,,,,,,,,,,,,
thepeninsulatokyo,2024-11-06T08:51:05.000Z,910,3,Image,,,,,,,,,,,,,,,,,,,,,,,,,,,,,,
aman_tokyo,2022-11-14T11:01:51.000Z,1137,3,Image,AmanTokyo,AmanResourts,Tokyo,Japan,アマン東京,,,,,,,,,,,,,,,,,,,,,,,,,
thepeninsulatokyo,2024-10-20T03:20:03.000Z,1083,4,Image,,,,,,,,,,,,,,,,,,,,,,,,,,,,,,
aman_tokyo,2022-11-16T09:01:21.000Z,2532,10,Image,AmanTokyo,TheCafebyAman,AmanFoodie,アマン東京,ザカフェbyアマン,,,,,,,,,,,,,,,,,,,,,,,,,
aman_tokyo,2022-11-07T10:01:21.000Z,857,2,Sidecar,AmanTokyo,AmanResorts,AmanAdventures,アマン東京,アマンジャーニー,,,,,,,,,,,,,,,,,,,,,,,,,
thepeninsulatokyo,2024-10-24T10:09:03.000Z,2118,6,Image,,,,,,,,,,,,,,,,,,,,,,,,,,,,,,
thepeninsulatokyo,2024-09-19T08:19:07.000Z,624,3,Image,,,,,,,,,,,,,,,,,,,,,,,,,,,,,,
thepeninsulatokyo,2024-09-28T03:28:04.000Z,827,4,Image,,,,,,,,,,,,,,,,,,,,,,,,,,,,,,
thepeninsulatokyo,2024-09-22T01:13:37.000Z,408,2,Image,,,,,,,,,,,,,,,,,,,,,,,,,,,,,,
aman,2022-11-03T17:36:33.000Z,2401,12,Video,AmanTokyo.,AmanResorts,Tokyo,Japan,Omakase,,,,,,,,,,,,,,,,,,,,,,,,,
thepeninsulatokyo,2024-10-04T09:45:06.000Z,423,1,Image,,,,,,,,,,,,,,,,,,,,,,,,,,,,,,
thepeninsulatokyo,2024-09-21T02:53:15.000Z,970,6,Video,,,,,,,,,,,,,,,,,,,,,,,,,,,,,,
thepeninsulatokyo,2024-10-07T05:45:39.000Z,1313,4,Image,,,,,,,,,,,,,,,,,,,,,,,,,,,,,,
thepeninsulatokyo,2024-09-25T08:50:04.000Z,367,2,Image,,,,,,,,,,,,,,,,,,,,,,,,,,,,,,
thepeninsulatokyo,2024-09-30T03:11:04.000Z,1231,4,Image,,,,,,,,,,,,,,,,,,,,,,,,,,,,,,
thepeninsulatokyo,2024-10-10T02:00:15.000Z,400,1,Image,,,,,,,,,,,,,,,,,,,,,,,,,,,,,,
aman_tokyo,2022-10-28T10:02:01.000Z,3199,5,Image,AmanTokyo,TheLoungebyAman,AmantokyoAfternoonTea,アマン東京,ザラウンジbyアマン,アマン東京アフタヌーンティー,,,,,,,,,,,,,,,,,,,,,,,,
thepeninsulatokyo,2024-10-16T09:41:07.000Z,536,6,Sidecar,,,,,,,,,,,,,,,,,,,,,,,,,,,,,,
thepeninsulatokyo,2024-09-27T09:14:04.000Z,349,4,Image,,,,,,,,,,,,,,,,,,,,,,,,,,,,,,
thepeninsulatokyo,2024-11-10T01:29:06.000Z,636,4,Image,,,,,,,,,,,,,,,,,,,,,,,,,,,,,,
thepeninsulatokyo,2025-01-05T03:14:03.000Z,413,4,Image,,,,,,,,,,,,,,,,,,,,,,,,,,,,,,
thepeninsulatokyo,2024-08-28T09:20:06.000Z,678,4,Sidecar,,,,,,,,,,,,,,,,,,,,,,,,,,,,,,
thepeninsulatokyo,2024-09-04T08:11:49.000Z,455,2,Image,,,,,,,,,,,,,,,,,,,,,,,,,,,,,,
thepeninsulatokyo,2024-09-02T04:45:54.000Z,783,6,Image,,,,,,,,,,,,,,,,,,,,,,,,,,,,,,
thepeninsulatokyo,2024-09-06T02:49:09.000Z,1137,7,Sidecar,,,,,,,,,,,,,,,,,,,,,,,,,,,,,,
thepeninsulatokyo,2024-09-01T09:15:18.000Z,1163,16,Image,,,,,,,,,,,,,,,,,,,,,,,,,,,,,,
thepeninsulatokyo,2024-09-11T08:19:41.000Z,764,3,Image,,,,,,,,,,,,,,,,,,,,,,,,,,,,,,
thepeninsulatokyo,2024-09-17T03:03:11.000Z,1254,4,Sidecar,,,,,,,,,,,,,,,,,,,,,,,,,,,,,,
thepeninsulatokyo,2024-08-30T06:59:38.000Z,640,4,Image,,,,,,,,,,,,,,,,,,,,,,,,,,,,,,
thepeninsulatokyo,2024-10-05T01:00:09.000Z,633,5,Image,,,,,,,,,,,,,,,,,,,,,,,,,,,,,,
thepeninsulatokyo,2024-10-11T07:10:03.000Z,685,5,Image,,,,,,,,,,,,,,,,,,,,,,,,,,,,,,
thepeninsulatokyo,2024-09-15T00:14:24.000Z,741,2,Video,thepeninsulatokyo,tokyotokyo,sundayslowdown,visitjapan,tokyotower,,,,,,,,,,,,,,,,,,,,,,,,,
thepeninsulatokyo,2024-09-14T02:43:10.000Z,538,2,Video,,,,,,,,,,,,,,,,,,,,,,,,,,,,,,
thepeninsulatokyo,2024-08-31T00:54:07.000Z,722,4,Video,,,,,,,,,,,,,,,,,,,,,,,,,,,,,,
aman,2022-10-01T08:26:59.000Z,2980,12,Sidecar,AmanJourney,AmanResorts,AmanTokyo,LaPatisseriebyAmanTokyo,アマン東京,,,,,,,,,,,,,,,,,,,,,,,,,
aman_tokyo,2022-09-25T21:45:21.000Z,-1,1,Sidecar,AmanTokyo,AmanSpa,AmanWellness,SeasonalJourney,アマン東京,アマンスパ,シーズナルジャーニー,,,,,,,,,,,,,,,,,,,,,,,
aman_tokyo,2022-10-10T13:56:07.000Z,1721,2,Sidecar,AmanAdventures,AmanResorts,AmanTokyo,,,,,,,,,,,,,,,,,,,,,,,,,,,
aman_tokyo,2022-08-30T00:50:23.000Z,1342,4,Sidecar,Arva,SummerMenu,AmanTokyo,AmanDining,アルヴァ,アマン東京,,,,,,,,,,,,,,,,,,,,,,,,
aman_tokyo,2022-09-04T03:00:22.000Z,3014,7,Image,AmanTokyo,Tokyo,Japan,,,,,,,,,,,,,,,,,,,,,,,,,,,
aman_tokyo,2022-09-13T14:20:36.000Z,-1,6,Image,AmanTokyo,TheLoungebyAman,MagicHour,Sunset,アマン東京,,,,,,,,,,,,,,,,,,,,,,,,,
thepeninsulatokyo,2024-07-29T11:31:31.000Z,1350,7,Video,ペニンシュラ東京,ラグジュアリー,ホテル,スイートルーム,リラックス,ホテルライフ,土曜日,thepeninsulatokyo,luxuryhotel,suite,suiteroom,relaxation,rejuvination,,,,,,,,,,,,,,,,,
aman_tokyo,2022-10-04T08:31:37.000Z,2707,3,Sidecar,AmanFoodie,AmanResorts,AmanTokyo,,,,,,,,,,,,,,,,,,,,,,,,,,,
thepeninsulatokyo,2024-08-03T06:10:04.000Z,390,4,Image,,,,,,,,,,,,,,,,,,,,,,,,,,,,,,
aman_tokyo,2022-08-29T03:00:26.000Z,-1,4,Sidecar,amantokyo,AmanDesign,アマン東京,,,,,,,,,,,,,,,,,,,,,,,,,,,
thepeninsulatokyo,2024-09-09T11:42:02.000Z,371,3,Image,,,,,,,,,,,,,,,,,,,,,,,,,,,,,,
thepeninsulatokyo,2024-07-07T05:00:06.000Z,396,6,Image,,,,,,,,,,,,,,,,,,,,,,,,,,,,,,
thepeninsulatokyo,2024-07-31T10:03:03.000Z,354,2,Image,,,,,,,,,,,,,,,,,,,,,,,,,,,,,,
aman_tokyo,2022-09-30T11:52:13.000Z,423,5,Video,AmanTokyo,LaPatisseriebyAmanTokyo,アマン東京,ラパティスリーbyアマン東京⁠,,,,,,,,,,,,,,,,,,,,,,,,,,
thepeninsulatokyo,2024-08-02T06:19:58.000Z,306,3,Video,,,,,,,,,,,,,,,,,,,,,,,,,,,,,,
aman_tokyo,2022-09-25T14:12:06.000Z,-1,0,Image,AmanTokyo,AmanDesign,KerryHill,アマン東京,建築,ケリーヒル,,,,,,,,,,,,,,,,,,,,,,,,
thepeninsulatokyo,2024-08-05T03:23:08.000Z,758,3,Sidecar,,,,,,,,,,,,,,,,,,,,,,,,,,,,,,
aman_tokyo,2022-08-12T09:09:33.000Z,-1,13,Image,AmanTokyo,AmanSpa,AmanWellness,MagicHour,アマン東京,アマンスパ,マジックアワー,,,,,,,,,,,,,,,,,,,,,,,
aman_tokyo,2022-07-07T05:18:32.000Z,3666,7,Sidecar,LaPatisserieByAmanTokyo,ラパティスリーbyアマン東京⁠,,,,,,,,,,,,,,,,,,,,,,,,,,,,
aman_tokyo,2022-07-11T08:35:18.000Z,3735,10,Sidecar,TheLoungeByAman,ザラウンジbyアマン,,,,,,,,,,,,,,,,,,,,,,,,,,,,
aman_tokyo,2022-08-16T06:56:29.000Z,-1,1,Sidecar,AmanSpa,SummerSeasonal,アマンスパ,シーズナルジャーニー,,,,,,,,,,,,,,,,,,,,,,,,,,
aman_tokyo,2022-07-21T02:00:56.000Z,1473,4,Sidecar,AmanTokyo,Arva,AmanCelebration,アマン東京,アルヴァ,,,,,,,,,,,,,,,,,,,,,,,,,
aman_tokyo,2022-07-14T06:10:15.000Z,2633,6,Sidecar,TheLoungebyAman,ザラウンジbyアマン,AmanTokyoAfternoonTea,アマン東京アフタヌーンティー,,,,,,,,,,,,,,,,,,,,,,,,,,
aman_tokyo,2022-07-01T05:25:55.000Z,978,3,Sidecar,,,,,,,,,,,,,,,,,,,,,,,,,,,,,,
aman_tokyo,2022-07-30T02:35:19.000Z,-1,2,Image,AmanTokyo,SummerStay,FamilyStay,アマン東京,,,,,,,,,,,,,,,,,,,,,,,,,,
aman_tokyo,2022-08-03T07:15:21.000Z,2124,3,Sidecar,TheCafeByAman,ザカフェbyアマン,PeachForetDessert,ピーチフォレデセール,,,,,,,,,,,,,,,,,,,,,,,,,,
aman_tokyo,2022-08-25T12:11:44.000Z,2659,9,Sidecar,,,,,,,,,,,,,,,,,,,,,,,,,,,,,,
thepeninsulatokyo,2024-07-12T02:33:08.000Z,652,7,Sidecar,,,,,,,,,,,,,,,,,,,,,,,,,,,,,,
thepeninsulatokyo,2024-07-13T03:07:19.000Z,306,3,Video,,,,,,,,,,,,,,,,,,,,,,,,,,,,,,
thepeninsulatokyo,2024-06-01T00:30:04.000Z,780,4,Image,,,,,,,,,,,,,,,,,,,,,,,,,,,,,,
thepeninsulatokyo,2024-06-07T07:37:08.000Z,1467,6,Sidecar,,,,,,,,,,,,,,,,,,,,,,,,,,,,,,
thepeninsulatokyo,2024-06-12T07:30:10.000Z,522,1,Image,,,,,,,,,,,,,,,,,,,,,,,,,,,,,,
thepeninsulatokyo,2024-05-26T04:10:03.000Z,448,1,Image,,,,,,,,,,,,,,,,,,,,,,,,,,,,,,
thepeninsulaboutiquejp,2024-06-18T09:00:30.000Z,1105,5,Image,ペニンシュラブティック,ペニンシュラブティックアンドカフェ,ThePeninsulaBoutique,ThePeninsulaBoutiqueandCafé,,,,,,,,,,,,,,,,,,,,,,,,,,
thepeninsulatokyo,2024-07-03T11:09:03.000Z,972,7,Image,,,,,,,,,,,,,,,,,,,,,,,,,,,,,,
aman_tokyo,2022-09-29T09:54:24.000Z,-1,2,Sidecar,AmanTokyo,TheCafebyAman,HalloweenDessert,アマン東京,ザカフェbyアマン,フォレデセール,ハロウィン,,,,,,,,,,,,,,,,,,,,,,,
thepeninsulatokyo,2024-06-16T02:33:03.000Z,305,4,Image,,,,,,,,,,,,,,,,,,,,,,,,,,,,,,
aman_tokyo,2022-06-01T03:10:21.000Z,1067,1,Sidecar,AmanTokyo,MusashiByAman,EdomaeSushi,アマン東京,武蔵byアマン,,,,,,,,,,,,,,,,,,,,,,,,,
thepeninsulatokyo,2024-06-15T01:33:18.000Z,1056,9,Video,,,,,,,,,,,,,,,,,,,,,,,,,,,,,,
thepeninsulatokyo,2024-06-19T09:01:16.000Z,489,3,Video,PenMoments,peninsulahotels,,,,,,,,,,,,,,,,,,,,,,,,,,,,
thepeninsulatokyo,2024-06-21T09:10:54.000Z,529,5,Video,,,,,,,,,,,,,,,,,,,,,,,,,,,,,,
aman_tokyo,2022-08-15T02:39:37.000Z,-1,3,Sidecar,AmanTokyo,Arva,AmanDining,GotoIslands,アマン東京,アルヴァ,五島列島,,,,,,,,,,,,,,,,,,,,,,,
aman_tokyo,2022-07-27T02:38:10.000Z,1196,1,Video,AmanTokyo,AmanSpa,AmanWellness,,,,,,,,,,,,,,,,,,,,,,,,,,,
thepeninsulatokyo,2024-04-20T05:00:05.000Z,741,8,Image,,,,,,,,,,,,,,,,,,,,,,,,,,,,,,
aman_tokyo,2022-09-14T06:50:37.000Z,4237,6,Image,AmanTokyo,TheLoungeByAman,HalloweenAfternoonTea,アマン東京,アフタヌーンティー,ハロウィンアフタヌーンティー,,,,,,,,,,,,,,,,,,,,,,,,
thepeninsulatokyo,2024-05-18T02:14:03.000Z,719,5,Image,,,,,,,,,,,,,,,,,,,,,,,,,,,,,,
thepeninsulatokyo,2024-05-11T06:47:34.000Z,757,4,Image,,,,,,,,,,,,,,,,,,,,,,,,,,,,,,
thepeninsulatokyo,2024-05-22T08:22:04.000Z,997,7,Image,,,,,,,,,,,,,,,,,,,,,,,,,,,,,,
thepeninsulatokyo,2024-05-08T09:35:08.000Z,714,4,Sidecar,,,,,,,,,,,,,,,,,,,,,,,,,,,,,,
thepeninsulatokyo,2024-05-25T04:22:03.000Z,693,2,Image,,,,,,,,,,,,,,,,,,,,,,,,,,,,,,
thepeninsulatokyo,2024-05-12T10:31:47.000Z,603,5,Sidecar,,,,,,,,,,,,,,,,,,,,,,,,,,,,,,
thepeninsulatokyo,2024-04-16T03:43:04.000Z,1733,7,Image,,,,,,,,,,,,,,,,,,,,,,,,,,,,,,
aman_tokyo,2022-06-14T06:50:16.000Z,3265,8,Image,AmanTokyo,AmanDining,BreakfastInTokyo,アマン東京,朝食付きプラン,,,,,,,,,,,,,,,,,,,,,,,,,
thepeninsulatokyo,2024-04-02T06:45:02.000Z,1192,6,Image,,,,,,,,,,,,,,,,,,,,,,,,,,,,,,
thepeninsulatokyo,2024-03-23T02:00:36.000Z,466,5,Video,,,,,,,,,,,,,,,,,,,,,,,,,,,,,,
thepeninsulatokyo,2024-04-01T07:40:03.000Z,555,6,Image,,,,,,,,,,,,,,,,,,,,,,,,,,,,,,
thepeninsulatokyo,2024-03-25T08:00:10.000Z,409,7,Image,,,,,,,,,,,,,,,,,,,,,,,,,,,,,,
thepeninsulatokyo,2024-04-07T04:41:03.000Z,1518,8,Image,,,,,,,,,,,,,,,,,,,,,,,,,,,,,,
aman_tokyo,2022-06-10T01:45:21.000Z,-1,4,Sidecar,AmanResorts,AmanWellness,AmanTokyo,アマン東京,アマンスパ,,,,,,,,,,,,,,,,,,,,,,,,,
thepeninsulatokyo,2024-06-08T02:32:04.000Z,412,4,Image,,,,,,,,,,,,,,,,,,,,,,,,,,,,,,
thepeninsulatokyo,2024-03-27T07:00:06.000Z,749,3,Image,ペニンシュラ東京,ラグジュアリー,ホテル,ケーキ,イースター,エッグ,thepeninsulatokyo,luxuryhotel,easter,easteregg,cakes,sweets,spring,,,,,,,,,,,,,,,,,
aman_tokyo,2022-06-09T01:45:20.000Z,-1,5,Image,AmanTokyo,AmanSpa,AmanWellness,アマン東京,アマンスパ,,,,,,,,,,,,,,,,,,,,,,,,,
thepeninsulatokyo,2024-04-11T08:53:03.000Z,1763,8,Image,,,,,,,,,,,,,,,,,,,,,,,,,,,,,,
thepeninsulatokyo,2024-04-19T04:50:08.000Z,880,8,Sidecar,,,,,,,,,,,,,,,,,,,,,,,,,,,,,,
aman_tokyo,2022-06-08T01:55:27.000Z,-1,1,Sidecar,AmanTokyo,TheCafebyAman,アマン東京,ザカフェbyアマン,,,,,,,,,,,,,,,,,,,,,,,,,,
thepeninsulatokyo,2024-04-14T14:20:08.000Z,1036,6,Sidecar,,,,,,,,,,,,,,,,,,,,,,,,,,,,,,
thepeninsulatokyo,2024-05-05T04:21:03.000Z,769,4,Image,,,,,,,,,,,,,,,,,,,,,,,,,,,,,,
thepeninsulatokyo,2024-04-06T10:48:06.000Z,469,4,Sidecar,,,,,,,,,,,,,,,,,,,,,,,,,,,,,,
thepeninsulatokyo,2024-06-26T09:58:18.000Z,318,3,Video,,,,,,,,,,,,,,,,,,,,,,,,,,,,,,
aman_tokyo,2022-06-27T08:53:25.000Z,-1,10,Image,AmanTokyo,AmanDesign,アマン東京,,,,,,,,,,,,,,,,,,,,,,,,,,,
thepeninsulatokyo,2024-04-13T02:06:02.000Z,501,6,Video,,,,,,,,,,,,,,,,,,,,,,,,,,,,,,
thepeninsulatokyo,2024-05-19T04:48:03.000Z,318,1,Image,,,,,,,,,,,,,,,,,,,,,,,,,,,,,,
thepeninsulatokyo,2024-07-15T02:34:04.000Z,1010,8,Image,,,,,,,,,,,,,,,,,,,,,,,,,,,,,,
thepeninsulatokyo,2024-07-14T07:21:03.000Z,668,4,Image,,,,,,,,,,,,,,,,,,,,,,,,,,,,,,
thepeninsulatokyo,2024-04-10T06:37:07.000Z,189,2,Sidecar,,,,,,,,,,,,,,,,,,,,,,,,,,,,,,
thepeninsulatokyo,2024-06-29T02:10:04.000Z,386,2,Image,PenMoments,,,,,,,,,,,,,,,,,,,,,,,,,,,,,
thepeninsulatokyo,2024-07-26T04:29:03.000Z,457,2,Image,,,,,,,,,,,,,,,,,,,,,,,,,,,,,,
thepeninsulatokyo,2024-07-17T09:55:03.000Z,600,2,Image,,,,,,,,,,,,,,,,,,,,,,,,,,,,,,
thepeninsulatokyo,2024-08-11T02:15:04.000Z,316,1,Image,,,,,,,,,,,,,,,,,,,,,,,,,,,,,,
thepeninsulatokyo,2024-07-20T02:15:06.000Z,522,4,Image,,,,,,,,,,,,,,,,,,,,,,,,,,,,,,
thepeninsulatokyo,2024-07-28T02:14:04.000Z,821,9,Image,penmoments,,,,,,,,,,,,,,,,,,,,,,,,,,,,,
thepeninsulatokyo,2024-07-25T03:30:20.000Z,554,4,Video,PenPerspectives,,,,,,,,,,,,,,,,,,,,,,,,,,,,,
thepeninsulatokyo,2024-05-04T01:25:04.000Z,1181,9,Image,,,,,,,,,,,,,,,,,,,,,,,,,,,,,,
thepeninsulatokyo,2024-08-18T01:03:22.000Z,787,6,Video,penmoments,,,,,,,,,,,,,,,,,,,,,,,,,,,,,
thepeninsulatokyo,2024-08-14T12:14:31.000Z,624,5,Video,,,,,,,,,,,,,,,,,,,,,,,,,,,,,,
thepeninsulatokyo,2024-08-19T08:45:03.000Z,1578,8,Image,,,,,,,,,,,,,,,,,,,,,,,,,,,,,,
thepeninsulatokyo,2024-07-10T09:03:07.000Z,1292,9,Sidecar,,,,,,,,,,,,,,,,,,,,,,,,,,,,,,
thepeninsulatokyo,2024-08-26T03:35:06.000Z,502,3,Sidecar,,,,,,,,,,,,,,,,,,,,,,,,,,,,,,
thepeninsulatokyo,2024-08-09T10:20:39.000Z,1118,1,Image,,,,,,,,,,,,,,,,,,,,,,,,,,,,,,
thepeninsulatokyo,2024-03-26T00:00:38.000Z,428,5,Video,ペニンシュラ東京,ラグジュアリー,ホテル,東京,朝食,パンケーキ,ブレックファスト,おはようございます,thepeninsulatokyo,luxuryhotel,hotelstay,breakfast,goodmorning,pancakes,japanese,chinese,traveltuesday,,,,,,,,,,,,,
aman_tokyo,2022-06-21T02:40:20.000Z,-1,7,Sidecar,アルヴァ,アマン東京,Arva,AmanTokyo,,,,,,,,,,,,,,,,,,,,,,,,,,
thepeninsulatokyo,2024-03-11T01:05:56.000Z,1021,5,Image,,,,,,,,,,,,,,,,,,,,,,,,,,,,,,
thepeninsulatokyo,2024-03-12T05:26:36.000Z,354,3,Image,,,,,,,,,,,,,,,,,,,,,,,,,,,,,,
thepeninsulatokyo,2024-03-13T08:00:09.000Z,397,6,Image,,,,,,,,,,,,,,,,,,,,,,,,,,,,,,
thepeninsulatokyo,2024-03-14T02:16:54.000Z,764,6,Image,,,,,,,,,,,,,,,,,,,,,,,,,,,,,,
thepeninsulatokyo,2024-03-21T06:00:40.000Z,1759,17,Sidecar,,,,,,,,,,,,,,,,,,,,,,,,,,,,,,
thepeninsulatokyo,2024-03-19T06:10:30.000Z,901,3,Sidecar,,,,,,,,,,,,,,,,,,,,,,,,,,,,,,
thepeninsulatokyo,2024-03-20T01:00:09.000Z,424,4,Image,,,,,,,,,,,,,,,,,,,,,,,,,,,,,,
thepeninsulatokyo,2024-03-17T06:37:35.000Z,1233,6,Image,,,,,,,,,,,,,,,,,,,,,,,,,,,,,,
thepeninsulatokyo,2024-03-18T09:05:02.000Z,383,4,Video,,,,,,,,,,,,,,,,,,,,,,,,,,,,,,
thepeninsulatokyo,2024-08-10T02:15:04.000Z,573,1,Image,,,,,,,,,,,,,,,,,,,,,,,,,,,,,,
thepeninsulatokyo,2024-02-23T01:00:08.000Z,328,0,Image,,,,,,,,,,,,,,,,,,,,,,,,,,,,,,
thepeninsulatokyo,2024-02-28T08:21:19.000Z,850,7,Image,,,,,,,,,,,,,,,,,,,,,,,,,,,,,,
thepeninsulatokyo,2024-03-02T03:00:09.000Z,489,3,Sidecar,,,,,,,,,,,,,,,,,,,,,,,,,,,,,,
thepeninsulatokyo,2024-03-09T02:00:14.000Z,358,3,Image,,,,,,,,,,,,,,,,,,,,,,,,,,,,,,
thepeninsulatokyo,2024-03-08T05:18:16.000Z,789,10,Image,国際女性デー,,,,,,,,,,,,,,,,,,,,,,,,,,,,,
thepeninsulatokyo,2024-03-05T03:59:22.000Z,1027,5,Sidecar,,,,,,,,,,,,,,,,,,,,,,,,,,,,,,
thepeninsulatokyo,2024-03-03T03:45:32.000Z,558,3,Image,,,,,,,,,,,,,,,,,,,,,,,,,,,,,,
thepeninsulatokyo,2024-03-07T06:22:25.000Z,1365,9,Image,,,,,,,,,,,,,,,,,,,,,,,,,,,,,,
thepeninsulatokyo,2024-03-15T08:00:17.000Z,414,4,Sidecar,,,,,,,,,,,,,,,,,,,,,,,,,,,,,,
thepeninsulatokyo,2024-02-14T02:57:02.000Z,548,6,Sidecar,,,,,,,,,,,,,,,,,,,,,,,,,,,,,,
thepeninsulatokyo,2024-02-26T10:28:46.000Z,712,9,Image,,,,,,,,,,,,,,,,,,,,,,,,,,,,,,
thepeninsulatokyo,2024-03-06T09:00:52.000Z,559,5,Image,,,,,,,,,,,,,,,,,,,,,,,,,,,,,,
thepeninsulatokyo,2024-02-20T09:39:09.000Z,439,3,Image,,,,,,,,,,,,,,,,,,,,,,,,,,,,,,
thepeninsulatokyo,2024-02-13T08:49:00.000Z,559,4,Image,,,,,,,,,,,,,,,,,,,,,,,,,,,,,,
thepeninsulatokyo,2024-02-16T09:23:53.000Z,424,5,Image,,,,,,,,,,,,,,,,,,,,,,,,,,,,,,
thepeninsulatokyo,2024-02-11T01:50:17.000Z,1897,10,Video,,,,,,,,,,,,,,,,,,,,,,,,,,,,,,
thepeninsulatokyo,2024-02-06T09:47:27.000Z,368,4,Image,"PenMoments,",,,,,,,,,,,,,,,,,,,,,,,,,,,,,
thepeninsulatokyo,2024-02-10T00:00:25.000Z,581,2,Video,,,,,,,,,,,,,,,,,,,,,,,,,,,,,,
thepeninsulatokyo,2024-02-19T10:19:29.000Z,370,2,Image,artinresonance,,,,,,,,,,,,,,,,,,,,,,,,,,,,,
thepeninsulatokyo,2024-03-01T09:18:00.000Z,472,1,Image,,,,,,,,,,,,,,,,,,,,,,,,,,,,,,
thepeninsulatokyo,2024-02-22T10:53:48.000Z,434,1,Image,,,,,,,,,,,,,,,,,,,,,,,,,,,,,,
thepeninsulatokyo,2024-01-23T08:30:30.000Z,922,4,Image,,,,,,,,,,,,,,,,,,,,,,,,,,,,,,
thepeninsulatokyo,2024-03-22T08:50:02.000Z,562,4,Video,,,,,,,,,,,,,,,,,,,,,,,,,,,,,,
thepeninsulatokyo,2024-02-07T09:18:07.000Z,432,3,Video,,,,,,,,,,,,,,,,,,,,,,,,,,,,,,
thepeninsulatokyo,2024-01-22T09:47:17.000Z,433,4,Image,penmoments,,,,,,,,,,,,,,,,,,,,,,,,,,,,,
thepeninsulatokyo,2024-01-28T01:19:00.000Z,385,3,Image,,,,,,,,,,,,,,,,,,,,,,,,,,,,,,
thepeninsulatokyo,2024-01-31T09:44:36.000Z,682,4,Image,"3’,",,,,,,,,,,,,,,,,,,,,,,,,,,,,,
thepeninsulatokyo,2024-02-21T09:35:31.000Z,581,4,Image,,,,,,,,,,,,,,,,,,,,,,,,,,,,,,
thepeninsulatokyo,2024-01-26T08:58:07.000Z,644,5,Sidecar,,,,,,,,,,,,,,,,,,,,,,,,,,,,,,
thepeninsulatokyo,2024-01-19T09:15:43.000Z,397,3,Image,,,,,,,,,,,,,,,,,,,,,,,,,,,,,,
thepeninsulatokyo,2024-01-24T09:31:27.000Z,319,1,Image,,,,,,,,,,,,,,,,,,,,,,,,,,,,,,
thepeninsulatokyo,2024-02-02T09:40:32.000Z,435,5,Image,,,,,,,,,,,,,,,,,,,,,,,,,,,,,,
thepeninsulatokyo,2024-02-01T10:19:08.000Z,530,7,Image,,,,,,,,,,,,,,,,,,,,,,,,,,,,,,
thepeninsulatokyo,2024-01-06T08:45:20.000Z,451,3,Image,,,,,,,,,,,,,,,,,,,,,,,,,,,,,,
thepeninsulatokyo,2024-01-05T07:21:50.000Z,566,4,Image,,,,,,,,,,,,,,,,,,,,,,,,,,,,,,
thepeninsulatokyo,2024-02-08T10:41:23.000Z,812,14,Image,,,,,,,,,,,,,,,,,,,,,,,,,,,,,,
thepeninsulatokyo,2024-01-07T01:24:42.000Z,1203,4,Image,"penmoments,",ペニンシュラ東京,ラグジュアリー,ホテル,朝食,ブレックファースト,おはようございます,thepeninsulatokyo,luxuryhotel,breakfast,,,,,,,,,,,,,,,,,,,,
thepeninsulatokyo,2024-03-16T08:21:25.000Z,437,5,Sidecar,,,,,,,,,,,,,,,,,,,,,,,,,,,,,,
thepeninsulatokyo,2024-02-18T02:00:42.000Z,1172,8,Video,,,,,,,,,,,,,,,,,,,,,,,,,,,,,,
thepeninsulatokyo,2024-01-30T09:03:28.000Z,732,7,Image,,,,,,,,,,,,,,,,,,,,,,,,,,,,,,
thepeninsulatokyo,2024-01-20T05:50:21.000Z,751,4,Image,,,,,,,,,,,,,,,,,,,,,,,,,,,,,,
thepeninsulatokyo,2024-01-13T01:06:34.000Z,325,2,Image,,,,,,,,,,,,,,,,,,,,,,,,,,,,,,
thepeninsulatokyo,2023-12-29T07:42:36.000Z,607,3,Image,,,,,,,,,,,,,,,,,,,,,,,,,,,,,,
thepeninsulatokyo,2024-01-04T03:37:23.000Z,1062,3,Image,,,,,,,,,,,,,,,,,,,,,,,,,,,,,,
thepeninsulatokyo,2024-01-15T08:26:29.000Z,436,6,Image,,,,,,,,,,,,,,,,,,,,,,,,,,,,,,
thepeninsulatokyo,2023-12-28T05:39:41.000Z,365,2,Image,penmoments,,,,,,,,,,,,,,,,,,,,,,,,,,,,,
thepeninsulatokyo,2024-01-01T00:00:09.000Z,1176,5,Image,ペニンシュラ東京,ラグジュアリー,ホテル,新年,2024,あけましておめでとうございます,謹賀新年,thepeninsulatokyo,luxuryhotel,happynewyear,kadomatsu,,,,,,,,,,,,,,,,,,,
thepeninsulatokyo,2023-12-30T08:42:20.000Z,538,4,Image,,,,,,,,,,,,,,,,,,,,,,,,,,,,,,
thepeninsulatokyo,2023-12-27T04:50:04.000Z,788,3,Video,アフタヌーンティーをお楽しみいただきました🍰☕️,,,,,,,,,,,,,,,,,,,,,,,,,,,,,
thepeninsulatokyo,2024-01-11T09:57:34.000Z,353,3,Image,ペニンシュラ東京,ラグジュアリー,ホテル,バスタイム,冬休み,思い出,キッズ,記念日,宿泊,thepeninsulatokyo,luxuryhotel,kidsfrinendy,accommodation,bathtime,relax,winter,winterholiday,,,,,,,,,,,,,
thepeninsulatokyo,2024-01-18T09:56:45.000Z,565,4,Image,,,,,,,,,,,,,,,,,,,,,,,,,,,,,,
thepeninsulatokyo,2023-12-25T07:07:26.000Z,418,3,Video,,,,,,,,,,,,,,,,,,,,,,,,,,,,,,
thepeninsulatokyo,2024-01-03T04:18:56.000Z,1163,3,Image,,,,,,,,,,,,,,,,,,,,,,,,,,,,,,
thepeninsulatokyo,2024-01-17T09:35:12.000Z,341,10,Video,,,,,,,,,,,,,,,,,,,,,,,,,,,,,,
thepeninsulatokyo,2024-01-12T09:00:10.000Z,314,2,Image,ペニンシュラ東京,ラグジュアリー,ホテル,カクテル,バー,金曜日,花金,バーテンダー,thepeninsulatokyo,luxuryhotel,bar,cocktails,fridaynight,bartenderlife,tgif,,,,,,,,,,,,,,,
thepeninsulatokyo,2024-02-05T01:08:34.000Z,794,13,Video,,,,,,,,,,,,,,,,,,,,,,,,,,,,,,
thepeninsulatokyo,2023-12-31T12:00:58.000Z,342,2,Video,ペニンシュラ東京,ラグジュアリー,ホテル,大晦日,2023年,ありがとうございました,thepeninsulatokyo,luxuryhotel,yearend,2023,thankyou,,,,,,,,,,,,,,,,,,,
thepeninsulatokyo,2024-01-08T01:00:21.000Z,422,2,Video,ペニンシュラ東京,ラグジュアリー,ホテル,成人の日,祝日,thepeninsulatokyo,luxuryhotel,publicholiday,winterseason,winter,winterbreak,,,,,,,,,,,,,,,,,,,
thepeninsulatokyo,2024-01-10T03:50:06.000Z,755,7,Image,,,,,,,,,,,,,,,,,,,,,,,,,,,,,,
esquire.korea,2023-11-22T03:26:15.000Z,1927,4,Video,협찬,아만,아만도쿄,도쿄여행,아만리조트,AmanResorts,AmanTokyo,Japan,Tokyo,에스콰이어,ESQUIREKOREA,,,,,,,,,,,,,,,,,,,
